Using pre-set license
Built from '2022.3/staging' branch; Version is '2022.3.40f1 (cbdda657d2f0) revision 13360550'; Using compiler version '192829333'; Build Type 'Release'
OS: 'Windows 11  (10.0.26100) 64bit Core' Language: 'en' Physical Memory: 8029 MB
BatchMode: 1, IsHumanControllingUs: 0, StartBugReporterOnCrash: 0, Is64bit: 1, IsPro: 1

COMMAND LINE ARGUMENTS:
C:\Program Files\Unity\Hub\Editor\2022.3.40f1\Editor\Unity.exe
-adb2
-batchMode
-noUpm
-name
AssetImportWorker0
-projectPath
D:/Storage/Unity Games/KARD
-logFile
Logs/AssetImportWorker0.log
-srvPort
50508
Successfully changed project path to: D:/Storage/Unity Games/KARD
D:/Storage/Unity Games/KARD
[UnityMemory] Configuration Parameters - Can be set up in boot.config
    "memorysetup-bucket-allocator-granularity=16"
    "memorysetup-bucket-allocator-bucket-count=8"
    "memorysetup-bucket-allocator-block-size=33554432"
    "memorysetup-bucket-allocator-block-count=8"
    "memorysetup-main-allocator-block-size=16777216"
    "memorysetup-thread-allocator-block-size=16777216"
    "memorysetup-gfx-main-allocator-block-size=16777216"
    "memorysetup-gfx-thread-allocator-block-size=16777216"
    "memorysetup-cache-allocator-block-size=4194304"
    "memorysetup-typetree-allocator-block-size=2097152"
    "memorysetup-profiler-bucket-allocator-granularity=16"
    "memorysetup-profiler-bucket-allocator-bucket-count=8"
    "memorysetup-profiler-bucket-allocator-block-size=33554432"
    "memorysetup-profiler-bucket-allocator-block-count=8"
    "memorysetup-profiler-allocator-block-size=16777216"
    "memorysetup-profiler-editor-allocator-block-size=1048576"
    "memorysetup-temp-allocator-size-main=16777216"
    "memorysetup-job-temp-allocator-block-size=2097152"
    "memorysetup-job-temp-allocator-block-size-background=1048576"
    "memorysetup-job-temp-allocator-reduction-small-platforms=262144"
    "memorysetup-allocator-temp-initial-block-size-main=262144"
    "memorysetup-allocator-temp-initial-block-size-worker=262144"
    "memorysetup-temp-allocator-size-background-worker=32768"
    "memorysetup-temp-allocator-size-job-worker=262144"
    "memorysetup-temp-allocator-size-preload-manager=33554432"
    "memorysetup-temp-allocator-size-nav-mesh-worker=65536"
    "memorysetup-temp-allocator-size-audio-worker=65536"
    "memorysetup-temp-allocator-size-cloud-worker=32768"
    "memorysetup-temp-allocator-size-gi-baking-worker=262144"
    "memorysetup-temp-allocator-size-gfx=262144"
Player connection [8876]  Target information:

Player connection [8876]  * "[IP] 192.168.1.154 [Port] 0 [Flags] 2 [Guid] 3837895692 [EditorId] 3837895692 [Version] 1048832 [Id] WindowsEditor(7,Dave) [Debug] 1 [PackageName] WindowsEditor [ProjectName] Editor" 

Player connection [8876] Host joined multi-casting on [225.0.0.222:54997]...
Player connection [8876] Host joined alternative multi-casting on [225.0.0.222:34997]...
[PhysX] Initialized MultithreadedTaskDispatcher with 8 workers.
Refreshing native plugins compatible for Editor in 10908.90 ms, found 4 plugins.
Preloading 0 native plugins for Editor in 0.00 ms.
Initialize engine version: 2022.3.40f1 (cbdda657d2f0)
[Subsystems] Discovering subsystems at path C:/Program Files/Unity/Hub/Editor/2022.3.40f1/Editor/Data/Resources/UnitySubsystems
[Subsystems] Discovering subsystems at path D:/Storage/Unity Games/KARD/Assets
GfxDevice: creating device client; threaded=0; jobified=0
Direct3D:
    Version:  Direct3D 11.0 [level 11.1]
    Renderer: NVIDIA GeForce GTX 1650 (ID=0x1f91)
    Vendor:   NVIDIA
    VRAM:     3935 MB
    Driver:   32.0.15.6636
Initialize mono
Mono path[0] = 'C:/Program Files/Unity/Hub/Editor/2022.3.40f1/Editor/Data/Managed'
Mono path[1] = 'C:/Program Files/Unity/Hub/Editor/2022.3.40f1/Editor/Data/MonoBleedingEdge/lib/mono/unityjit-win32'
Mono config path = 'C:/Program Files/Unity/Hub/Editor/2022.3.40f1/Editor/Data/MonoBleedingEdge/etc'
Using monoOptions --debugger-agent=transport=dt_socket,embedding=1,server=y,suspend=n,address=127.0.0.1:56904
Begin MonoManager ReloadAssembly
Registering precompiled unity dll's ...
Register platform support module: C:/Program Files/Unity/Hub/Editor/2022.3.40f1/Editor/Data/PlaybackEngines/WebGLSupport/UnityEditor.WebGL.Extensions.dll
Register platform support module: C:/Program Files/Unity/Hub/Editor/2022.3.40f1/Editor/Data/PlaybackEngines/WindowsStandaloneSupport/UnityEditor.WindowsStandalone.Extensions.dll
Registered in 0.367935 seconds.
- Loaded All Assemblies, in  7.102 seconds
Native extension for WindowsStandalone target not found
Native extension for WebGL target not found
Mono: successfully reloaded assembly
- Finished resetting the current domain, in  0.457 seconds
Domain Reload Profiling: 7556ms
	BeginReloadAssembly (5946ms)
		ExecutionOrderSort (0ms)
		DisableScriptedObjects (0ms)
		BackupInstance (0ms)
		ReleaseScriptingObjects (0ms)
		CreateAndSetChildDomain (3ms)
	RebuildCommonClasses (235ms)
	RebuildNativeTypeToScriptingClass (14ms)
	initialDomainReloadingComplete (445ms)
	LoadAllAssembliesAndSetupDomain (458ms)
		LoadAssemblies (5938ms)
		RebuildTransferFunctionScriptingTraits (0ms)
		AnalyzeDomain (453ms)
			TypeCache.Refresh (451ms)
				TypeCache.ScanAssembly (432ms)
			ScanForSourceGeneratedMonoScriptInfo (0ms)
			ResolveRequiredComponents (1ms)
	FinalizeReload (458ms)
		ReleaseScriptCaches (0ms)
		RebuildScriptCaches (0ms)
		SetupLoadedEditorAssemblies (399ms)
			LogAssemblyErrors (0ms)
			InitializePlatformSupportModulesInManaged (14ms)
			SetLoadedEditorAssemblies (7ms)
			RefreshPlugins (0ms)
			BeforeProcessingInitializeOnLoad (2ms)
			ProcessInitializeOnLoadAttributes (252ms)
			ProcessInitializeOnLoadMethodAttributes (123ms)
			AfterProcessingInitializeOnLoad (0ms)
			EditorAssembliesLoaded (0ms)
		ExecutionOrderSort2 (0ms)
		AwakeInstancesAfterBackupRestoration (0ms)
========================================================================
Worker process is ready to serve import requests
Caller must complete domain reload
Begin MonoManager ReloadAssembly
- Loaded All Assemblies, in 26.332 seconds
Native extension for WindowsStandalone target not found
Native extension for WebGL target not found
Package Manager log level set to [2]
[Package Manager] Server::EnsureServerProcessIsRunning -- launch failed, reason: Unity was launched with the -noUpm command-line argument
[Package Manager] UpmClient::Send -- Unable to send message (not connected to UPM process).
[Package Manager] Cannot connect to Unity Package Manager local server
Mono: successfully reloaded assembly
- Finished resetting the current domain, in  1.919 seconds
Domain Reload Profiling: 27847ms
	BeginReloadAssembly (813ms)
		ExecutionOrderSort (1ms)
		DisableScriptedObjects (56ms)
		BackupInstance (0ms)
		ReleaseScriptingObjects (1ms)
		CreateAndSetChildDomain (76ms)
	RebuildCommonClasses (113ms)
	RebuildNativeTypeToScriptingClass (28ms)
	initialDomainReloadingComplete (1073ms)
	LoadAllAssembliesAndSetupDomain (23899ms)
		LoadAssemblies (23857ms)
		RebuildTransferFunctionScriptingTraits (0ms)
		AnalyzeDomain (385ms)
			TypeCache.Refresh (329ms)
				TypeCache.ScanAssembly (289ms)
			ScanForSourceGeneratedMonoScriptInfo (41ms)
			ResolveRequiredComponents (12ms)
	FinalizeReload (1920ms)
		ReleaseScriptCaches (0ms)
		RebuildScriptCaches (0ms)
		SetupLoadedEditorAssemblies (1642ms)
			LogAssemblyErrors (0ms)
			InitializePlatformSupportModulesInManaged (22ms)
			SetLoadedEditorAssemblies (9ms)
			RefreshPlugins (0ms)
			BeforeProcessingInitializeOnLoad (134ms)
			ProcessInitializeOnLoadAttributes (1384ms)
			ProcessInitializeOnLoadMethodAttributes (72ms)
			AfterProcessingInitializeOnLoad (20ms)
			EditorAssembliesLoaded (0ms)
		ExecutionOrderSort2 (0ms)
		AwakeInstancesAfterBackupRestoration (18ms)
Launched and connected shader compiler UnityShaderCompiler.exe after 0.23 seconds
Refreshing native plugins compatible for Editor in 535.16 ms, found 4 plugins.
Preloading 0 native plugins for Editor in 0.00 ms.
Unloading 4065 Unused Serialized files (Serialized files now loaded: 0)
Unloading 32 unused Assets / (57.2 KB). Loaded Objects now: 4535.
Memory consumption went from 144.8 MB to 144.7 MB.
Total: 9.049200 ms (FindLiveObjects: 0.560600 ms CreateObjectMapping: 0.530100 ms MarkObjects: 7.638800 ms  DeleteObjects: 0.311300 ms)

AssetImportParameters requested are different than current active one (requested -> active):
  custom:container-demuxer-ogg: 62fdf1f143b41e24485cea50d1cbac27 -> 
  custom:video-decoder-ogg-theora: a1e56fd34408186e4bbccfd4996cb3dc -> 
  custom:framework-win-MediaFoundation: 216162199b28c13a410421893ffa2e32 -> 
  custom:CustomObjectIndexerAttribute: 9a22284fe3817be447336de3de66b15e -> 
  custom:container-demuxer-webm: 4f35f7cbe854078d1ac9338744f61a02 -> 
  custom:container-muxer-webm: aa71ff27fc2769a1b78a27578f13a17b -> 
  custom:video-decoder-webm-vp8: 9c59270c3fd7afecdb556c50c9e8de78 -> 
  custom:SearchIndexIgnoredProperties: e643bd26f0fe6173181afceb89e7c659 -> 
  custom:AudioImporter_EditorPlatform: d09bf68614088b80899f8185d706f6e7 -> 
  custom:video-encoder-webm-vp8: eb34c28f22e8b96e1ab97ce403110664 -> 
  custom:audio-decoder-ogg-vorbis: bf7c407c2cedff20999df2af8eb42d56 -> 
  custom:audio-encoder-webm-vorbis: bf7c407c2cedff20999df2af8eb42d56 -> 
========================================================================
Received Import Request.
  Time since last request: 1151.498260 seconds.
  path: Assets/Scripts
  artifactKey: Guid(621e552a3a8902044aebf27eba412438) Importer(815301076,1909f56bfc062723c751e8b465ee728b)
Start importing Assets/Scripts using Guid(621e552a3a8902044aebf27eba412438) Importer(815301076,1909f56bfc062723c751e8b465ee728b) [PhysX] Initialized MultithreadedTaskDispatcher with 8 workers.
 -> (artifact id: '72e2b8add39df1c5b3efc7b425dabf26') in 0.013499 seconds
Number of updated asset objects reloaded before import = 0
Number of asset objects unloaded after import = 0
========================================================================
Received Import Request.
  Time since last request: 0.000069 seconds.
  path: Assets/Scripts/Movement.cs
  artifactKey: Guid(7fad8f25b74847d46bf7acd461c6c5b6) Importer(815301076,1909f56bfc062723c751e8b465ee728b)
Start importing Assets/Scripts/Movement.cs using Guid(7fad8f25b74847d46bf7acd461c6c5b6) Importer(815301076,1909f56bfc062723c751e8b465ee728b) [PhysX] Initialized MultithreadedTaskDispatcher with 8 workers.
 -> (artifact id: '11611b61af5126001a756803d5640e44') in 0.000923 seconds
Number of updated asset objects reloaded before import = 0
Number of asset objects unloaded after import = 0
========================================================================
Received Import Request.
  Time since last request: 0.000205 seconds.
  path: Assets/Scenes
  artifactKey: Guid(a67c7e9b9c2f59841826dfc985605d78) Importer(815301076,1909f56bfc062723c751e8b465ee728b)
Start importing Assets/Scenes using Guid(a67c7e9b9c2f59841826dfc985605d78) Importer(815301076,1909f56bfc062723c751e8b465ee728b) [PhysX] Initialized MultithreadedTaskDispatcher with 8 workers.
 -> (artifact id: '0fd46ce07e9ae037e288061ce6b86b16') in 0.000508 seconds
Number of updated asset objects reloaded before import = 0
Number of asset objects unloaded after import = 0
========================================================================
Received Import Request.
  Time since last request: 0.000207 seconds.
  path: Assets/Scripts/Movement2.cs
  artifactKey: Guid(2fce6e26a2409c045bdb4e34ccc426fc) Importer(815301076,1909f56bfc062723c751e8b465ee728b)
Start importing Assets/Scripts/Movement2.cs using Guid(2fce6e26a2409c045bdb4e34ccc426fc) Importer(815301076,1909f56bfc062723c751e8b465ee728b) [PhysX] Initialized MultithreadedTaskDispatcher with 8 workers.
 -> (artifact id: 'a6e1a32f37bade52539a3f73005815a8') in 0.000586 seconds
Number of updated asset objects reloaded before import = 0
Number of asset objects unloaded after import = 0
========================================================================
Received Import Request.
  Time since last request: 221.930437 seconds.
  path: Assets/Scripts/PlayerMovement.cs
  artifactKey: Guid(4a38a1d6f3436394481e429c7092361b) Importer(815301076,1909f56bfc062723c751e8b465ee728b)
Start importing Assets/Scripts/PlayerMovement.cs using Guid(4a38a1d6f3436394481e429c7092361b) Importer(815301076,1909f56bfc062723c751e8b465ee728b) [PhysX] Initialized MultithreadedTaskDispatcher with 8 workers.
 -> (artifact id: '09139747b9e46cc59c737de630b7aea4') in 0.006981 seconds
Number of updated asset objects reloaded before import = 0
Number of asset objects unloaded after import = 0
========================================================================
Received Prepare
Caller must complete domain reload
Begin MonoManager ReloadAssembly
- Loaded All Assemblies, in 128.323 seconds
Native extension for WindowsStandalone target not found
Native extension for WebGL target not found
[Package Manager] Server::EnsureServerProcessIsRunning -- launch failed, reason: Unity was launched with the -noUpm command-line argument
[Package Manager] UpmClient::Send -- Unable to send message (not connected to UPM process).
[Package Manager] Cannot connect to Unity Package Manager local server
Mono: successfully reloaded assembly
- Finished resetting the current domain, in  1.941 seconds
Domain Reload Profiling: 130255ms
	BeginReloadAssembly (117689ms)
		ExecutionOrderSort (0ms)
		DisableScriptedObjects (116462ms)
		BackupInstance (0ms)
		ReleaseScriptingObjects (2ms)
		CreateAndSetChildDomain (417ms)
	RebuildCommonClasses (114ms)
	RebuildNativeTypeToScriptingClass (28ms)
	initialDomainReloadingComplete (477ms)
	LoadAllAssembliesAndSetupDomain (10004ms)
		LoadAssemblies (10582ms)
		RebuildTransferFunctionScriptingTraits (0ms)
		AnalyzeDomain (90ms)
			TypeCache.Refresh (44ms)
				TypeCache.ScanAssembly (1ms)
			ScanForSourceGeneratedMonoScriptInfo (29ms)
			ResolveRequiredComponents (15ms)
	FinalizeReload (1943ms)
		ReleaseScriptCaches (0ms)
		RebuildScriptCaches (0ms)
		SetupLoadedEditorAssemblies (1579ms)
			LogAssemblyErrors (0ms)
			InitializePlatformSupportModulesInManaged (23ms)
			SetLoadedEditorAssemblies (12ms)
			RefreshPlugins (0ms)
			BeforeProcessingInitializeOnLoad (130ms)
			ProcessInitializeOnLoadAttributes (1225ms)
			ProcessInitializeOnLoadMethodAttributes (86ms)
			AfterProcessingInitializeOnLoad (103ms)
			EditorAssembliesLoaded (1ms)
		ExecutionOrderSort2 (0ms)
		AwakeInstancesAfterBackupRestoration (43ms)
Refreshing native plugins compatible for Editor in 566.07 ms, found 4 plugins.
Preloading 0 native plugins for Editor in 0.00 ms.
Unloading 4041 Unused Serialized files (Serialized files now loaded: 0)
Unloading 19 unused Assets / (31.1 KB). Loaded Objects now: 4541.
Memory consumption went from 139.3 MB to 139.3 MB.
Total: 17.069800 ms (FindLiveObjects: 0.590100 ms CreateObjectMapping: 0.754200 ms MarkObjects: 15.137700 ms  DeleteObjects: 0.116200 ms)

Prepare: number of updated asset objects reloaded= 0
AssetImportParameters requested are different than current active one (requested -> active):
  custom:container-demuxer-ogg: 62fdf1f143b41e24485cea50d1cbac27 -> 
  custom:video-decoder-ogg-theora: a1e56fd34408186e4bbccfd4996cb3dc -> 
  custom:framework-win-MediaFoundation: 216162199b28c13a410421893ffa2e32 -> 
  custom:CustomObjectIndexerAttribute: 9a22284fe3817be447336de3de66b15e -> 
  custom:container-demuxer-webm: 4f35f7cbe854078d1ac9338744f61a02 -> 
  custom:container-muxer-webm: aa71ff27fc2769a1b78a27578f13a17b -> 
  custom:video-decoder-webm-vp8: 9c59270c3fd7afecdb556c50c9e8de78 -> 
  custom:SearchIndexIgnoredProperties: e643bd26f0fe6173181afceb89e7c659 -> 
  custom:AudioImporter_EditorPlatform: d09bf68614088b80899f8185d706f6e7 -> 
  custom:video-encoder-webm-vp8: eb34c28f22e8b96e1ab97ce403110664 -> 
  custom:audio-decoder-ogg-vorbis: bf7c407c2cedff20999df2af8eb42d56 -> 
  custom:scripting/monoscript/fileName/PlayerMovement.cs: 42480eed24e61f9d7e7e895933644f96 -> 
  custom:audio-encoder-webm-vorbis: bf7c407c2cedff20999df2af8eb42d56 -> 
  custom:scripting/precompiled-assembly-types:Assembly-CSharp: e57a6e90a96be8103e006b140f0b12cf -> 4edbfa28dada9dd5cb015efb4b6edca3
========================================================================
Received Import Request.
  Time since last request: 377.383260 seconds.
  path: Assets/Scripts/PlayerMovement.cs
  artifactKey: Guid(4a38a1d6f3436394481e429c7092361b) Importer(815301076,1909f56bfc062723c751e8b465ee728b)
Start importing Assets/Scripts/PlayerMovement.cs using Guid(4a38a1d6f3436394481e429c7092361b) Importer(815301076,1909f56bfc062723c751e8b465ee728b) [PhysX] Initialized MultithreadedTaskDispatcher with 8 workers.
 -> (artifact id: '00000000000000000000000000000000') in 0.056935 seconds
Import Error Code:(4)
Message: Build asset version error: assets/scripts/playermovement.cs in SourceAssetDB has modification time of '2025-05-17T11:11:26.2749379Z' while content on disk has modification time of '2025-05-17T11:15:35.9510518Z'
  ERROR: Build asset version error: assets/scripts/playermovement.cs in SourceAssetDB has modification time of '2025-05-17T11:11:26.2749379Z' while content on disk has modification time of '2025-05-17T11:15:35.9510518Z'
Number of updated asset objects reloaded before import = 0
Number of asset objects unloaded after import = 0
========================================================================
Received Import Request.
  Time since last request: 0.003457 seconds.
  path: Assets/Scripts/PlayerMovement.cs
  artifactKey: Guid(4a38a1d6f3436394481e429c7092361b) Importer(815301076,1909f56bfc062723c751e8b465ee728b)
Start importing Assets/Scripts/PlayerMovement.cs using Guid(4a38a1d6f3436394481e429c7092361b) Importer(815301076,1909f56bfc062723c751e8b465ee728b) [PhysX] Initialized MultithreadedTaskDispatcher with 8 workers.
 -> (artifact id: '00000000000000000000000000000000') in 0.001425 seconds
Import Error Code:(4)
Message: Build asset version error: assets/scripts/playermovement.cs in SourceAssetDB has modification time of '2025-05-17T11:11:26.2749379Z' while content on disk has modification time of '2025-05-17T11:15:35.9510518Z'
  ERROR: Build asset version error: assets/scripts/playermovement.cs in SourceAssetDB has modification time of '2025-05-17T11:11:26.2749379Z' while content on disk has modification time of '2025-05-17T11:15:35.9510518Z'
Number of updated asset objects reloaded before import = 0
Number of asset objects unloaded after import = 0
========================================================================
Received Import Request.
  Time since last request: 0.070149 seconds.
  path: Assets/Scripts/PlayerMovement.cs
  artifactKey: Guid(4a38a1d6f3436394481e429c7092361b) Importer(815301076,1909f56bfc062723c751e8b465ee728b)
Start importing Assets/Scripts/PlayerMovement.cs using Guid(4a38a1d6f3436394481e429c7092361b) Importer(815301076,1909f56bfc062723c751e8b465ee728b) [PhysX] Initialized MultithreadedTaskDispatcher with 8 workers.
 -> (artifact id: '00000000000000000000000000000000') in 0.001115 seconds
Import Error Code:(4)
Message: Build asset version error: assets/scripts/playermovement.cs in SourceAssetDB has modification time of '2025-05-17T11:11:26.2749379Z' while content on disk has modification time of '2025-05-17T11:15:35.9510518Z'
  ERROR: Build asset version error: assets/scripts/playermovement.cs in SourceAssetDB has modification time of '2025-05-17T11:11:26.2749379Z' while content on disk has modification time of '2025-05-17T11:15:35.9510518Z'
Number of updated asset objects reloaded before import = 0
Number of asset objects unloaded after import = 0
========================================================================
Received Import Request.
  Time since last request: 0.096477 seconds.
  path: Assets/Scripts/PlayerMovement.cs
  artifactKey: Guid(4a38a1d6f3436394481e429c7092361b) Importer(815301076,1909f56bfc062723c751e8b465ee728b)
Start importing Assets/Scripts/PlayerMovement.cs using Guid(4a38a1d6f3436394481e429c7092361b) Importer(815301076,1909f56bfc062723c751e8b465ee728b) [PhysX] Initialized MultithreadedTaskDispatcher with 8 workers.
 -> (artifact id: '00000000000000000000000000000000') in 0.000793 seconds
Import Error Code:(4)
Message: Build asset version error: assets/scripts/playermovement.cs in SourceAssetDB has modification time of '2025-05-17T11:11:26.2749379Z' while content on disk has modification time of '2025-05-17T11:15:35.9510518Z'
  ERROR: Build asset version error: assets/scripts/playermovement.cs in SourceAssetDB has modification time of '2025-05-17T11:11:26.2749379Z' while content on disk has modification time of '2025-05-17T11:15:35.9510518Z'
Number of updated asset objects reloaded before import = 0
Number of asset objects unloaded after import = 0
========================================================================
Received Import Request.
  Time since last request: 0.100408 seconds.
  path: Assets/Scripts/PlayerMovement.cs
  artifactKey: Guid(4a38a1d6f3436394481e429c7092361b) Importer(815301076,1909f56bfc062723c751e8b465ee728b)
Start importing Assets/Scripts/PlayerMovement.cs using Guid(4a38a1d6f3436394481e429c7092361b) Importer(815301076,1909f56bfc062723c751e8b465ee728b) [PhysX] Initialized MultithreadedTaskDispatcher with 8 workers.
 -> (artifact id: '00000000000000000000000000000000') in 0.001014 seconds
Import Error Code:(4)
Message: Build asset version error: assets/scripts/playermovement.cs in SourceAssetDB has modification time of '2025-05-17T11:11:26.2749379Z' while content on disk has modification time of '2025-05-17T11:15:35.9510518Z'
  ERROR: Build asset version error: assets/scripts/playermovement.cs in SourceAssetDB has modification time of '2025-05-17T11:11:26.2749379Z' while content on disk has modification time of '2025-05-17T11:15:35.9510518Z'
Number of updated asset objects reloaded before import = 0
Number of asset objects unloaded after import = 0
========================================================================
Received Import Request.
  Time since last request: 0.099833 seconds.
  path: Assets/Scripts/PlayerMovement.cs
  artifactKey: Guid(4a38a1d6f3436394481e429c7092361b) Importer(815301076,1909f56bfc062723c751e8b465ee728b)
Start importing Assets/Scripts/PlayerMovement.cs using Guid(4a38a1d6f3436394481e429c7092361b) Importer(815301076,1909f56bfc062723c751e8b465ee728b) [PhysX] Initialized MultithreadedTaskDispatcher with 8 workers.
 -> (artifact id: '00000000000000000000000000000000') in 0.000772 seconds
Import Error Code:(4)
Message: Build asset version error: assets/scripts/playermovement.cs in SourceAssetDB has modification time of '2025-05-17T11:11:26.2749379Z' while content on disk has modification time of '2025-05-17T11:15:35.9510518Z'
  ERROR: Build asset version error: assets/scripts/playermovement.cs in SourceAssetDB has modification time of '2025-05-17T11:11:26.2749379Z' while content on disk has modification time of '2025-05-17T11:15:35.9510518Z'
Number of updated asset objects reloaded before import = 0
Number of asset objects unloaded after import = 0
========================================================================
Received Import Request.
  Time since last request: 0.113965 seconds.
  path: Assets/Scripts/PlayerMovement.cs
  artifactKey: Guid(4a38a1d6f3436394481e429c7092361b) Importer(815301076,1909f56bfc062723c751e8b465ee728b)
Start importing Assets/Scripts/PlayerMovement.cs using Guid(4a38a1d6f3436394481e429c7092361b) Importer(815301076,1909f56bfc062723c751e8b465ee728b) [PhysX] Initialized MultithreadedTaskDispatcher with 8 workers.
 -> (artifact id: '00000000000000000000000000000000') in 0.001224 seconds
Import Error Code:(4)
Message: Build asset version error: assets/scripts/playermovement.cs in SourceAssetDB has modification time of '2025-05-17T11:11:26.2749379Z' while content on disk has modification time of '2025-05-17T11:15:35.9510518Z'
  ERROR: Build asset version error: assets/scripts/playermovement.cs in SourceAssetDB has modification time of '2025-05-17T11:11:26.2749379Z' while content on disk has modification time of '2025-05-17T11:15:35.9510518Z'
Number of updated asset objects reloaded before import = 0
Number of asset objects unloaded after import = 0
========================================================================
Received Import Request.
  Time since last request: 0.092107 seconds.
  path: Assets/Scripts/PlayerMovement.cs
  artifactKey: Guid(4a38a1d6f3436394481e429c7092361b) Importer(815301076,1909f56bfc062723c751e8b465ee728b)
Start importing Assets/Scripts/PlayerMovement.cs using Guid(4a38a1d6f3436394481e429c7092361b) Importer(815301076,1909f56bfc062723c751e8b465ee728b) [PhysX] Initialized MultithreadedTaskDispatcher with 8 workers.
 -> (artifact id: '00000000000000000000000000000000') in 0.000912 seconds
Import Error Code:(4)
Message: Build asset version error: assets/scripts/playermovement.cs in SourceAssetDB has modification time of '2025-05-17T11:11:26.2749379Z' while content on disk has modification time of '2025-05-17T11:15:35.9510518Z'
  ERROR: Build asset version error: assets/scripts/playermovement.cs in SourceAssetDB has modification time of '2025-05-17T11:11:26.2749379Z' while content on disk has modification time of '2025-05-17T11:15:35.9510518Z'
Number of updated asset objects reloaded before import = 0
Number of asset objects unloaded after import = 0
========================================================================
Received Import Request.
  Time since last request: 0.095501 seconds.
  path: Assets/Scripts/PlayerMovement.cs
  artifactKey: Guid(4a38a1d6f3436394481e429c7092361b) Importer(815301076,1909f56bfc062723c751e8b465ee728b)
Start importing Assets/Scripts/PlayerMovement.cs using Guid(4a38a1d6f3436394481e429c7092361b) Importer(815301076,1909f56bfc062723c751e8b465ee728b) [PhysX] Initialized MultithreadedTaskDispatcher with 8 workers.
 -> (artifact id: '00000000000000000000000000000000') in 0.000920 seconds
Import Error Code:(4)
Message: Build asset version error: assets/scripts/playermovement.cs in SourceAssetDB has modification time of '2025-05-17T11:11:26.2749379Z' while content on disk has modification time of '2025-05-17T11:15:35.9510518Z'
  ERROR: Build asset version error: assets/scripts/playermovement.cs in SourceAssetDB has modification time of '2025-05-17T11:11:26.2749379Z' while content on disk has modification time of '2025-05-17T11:15:35.9510518Z'
Number of updated asset objects reloaded before import = 0
Number of asset objects unloaded after import = 0
========================================================================
Received Import Request.
  Time since last request: 0.097426 seconds.
  path: Assets/Scripts/PlayerMovement.cs
  artifactKey: Guid(4a38a1d6f3436394481e429c7092361b) Importer(815301076,1909f56bfc062723c751e8b465ee728b)
Start importing Assets/Scripts/PlayerMovement.cs using Guid(4a38a1d6f3436394481e429c7092361b) Importer(815301076,1909f56bfc062723c751e8b465ee728b) [PhysX] Initialized MultithreadedTaskDispatcher with 8 workers.
 -> (artifact id: '00000000000000000000000000000000') in 0.000907 seconds
Import Error Code:(4)
Message: Build asset version error: assets/scripts/playermovement.cs in SourceAssetDB has modification time of '2025-05-17T11:11:26.2749379Z' while content on disk has modification time of '2025-05-17T11:15:35.9510518Z'
  ERROR: Build asset version error: assets/scripts/playermovement.cs in SourceAssetDB has modification time of '2025-05-17T11:11:26.2749379Z' while content on disk has modification time of '2025-05-17T11:15:35.9510518Z'
Number of updated asset objects reloaded before import = 0
Number of asset objects unloaded after import = 0
========================================================================
Received Import Request.
  Time since last request: 0.105426 seconds.
  path: Assets/Scripts/PlayerMovement.cs
  artifactKey: Guid(4a38a1d6f3436394481e429c7092361b) Importer(815301076,1909f56bfc062723c751e8b465ee728b)
Start importing Assets/Scripts/PlayerMovement.cs using Guid(4a38a1d6f3436394481e429c7092361b) Importer(815301076,1909f56bfc062723c751e8b465ee728b) [PhysX] Initialized MultithreadedTaskDispatcher with 8 workers.
 -> (artifact id: '00000000000000000000000000000000') in 0.001658 seconds
Import Error Code:(4)
Message: Build asset version error: assets/scripts/playermovement.cs in SourceAssetDB has modification time of '2025-05-17T11:11:26.2749379Z' while content on disk has modification time of '2025-05-17T11:15:35.9510518Z'
  ERROR: Build asset version error: assets/scripts/playermovement.cs in SourceAssetDB has modification time of '2025-05-17T11:11:26.2749379Z' while content on disk has modification time of '2025-05-17T11:15:35.9510518Z'
Number of updated asset objects reloaded before import = 0
Number of asset objects unloaded after import = 0
========================================================================
Received Import Request.
  Time since last request: 0.096980 seconds.
  path: Assets/Scripts/PlayerMovement.cs
  artifactKey: Guid(4a38a1d6f3436394481e429c7092361b) Importer(815301076,1909f56bfc062723c751e8b465ee728b)
Start importing Assets/Scripts/PlayerMovement.cs using Guid(4a38a1d6f3436394481e429c7092361b) Importer(815301076,1909f56bfc062723c751e8b465ee728b) [PhysX] Initialized MultithreadedTaskDispatcher with 8 workers.
 -> (artifact id: '00000000000000000000000000000000') in 0.001306 seconds
Import Error Code:(4)
Message: Build asset version error: assets/scripts/playermovement.cs in SourceAssetDB has modification time of '2025-05-17T11:11:26.2749379Z' while content on disk has modification time of '2025-05-17T11:15:35.9510518Z'
  ERROR: Build asset version error: assets/scripts/playermovement.cs in SourceAssetDB has modification time of '2025-05-17T11:11:26.2749379Z' while content on disk has modification time of '2025-05-17T11:15:35.9510518Z'
Number of updated asset objects reloaded before import = 0
Number of asset objects unloaded after import = 0
========================================================================
Received Import Request.
  Time since last request: 0.098717 seconds.
  path: Assets/Scripts/PlayerMovement.cs
  artifactKey: Guid(4a38a1d6f3436394481e429c7092361b) Importer(815301076,1909f56bfc062723c751e8b465ee728b)
Start importing Assets/Scripts/PlayerMovement.cs using Guid(4a38a1d6f3436394481e429c7092361b) Importer(815301076,1909f56bfc062723c751e8b465ee728b) [PhysX] Initialized MultithreadedTaskDispatcher with 8 workers.
 -> (artifact id: '00000000000000000000000000000000') in 0.000629 seconds
Import Error Code:(4)
Message: Build asset version error: assets/scripts/playermovement.cs in SourceAssetDB has modification time of '2025-05-17T11:11:26.2749379Z' while content on disk has modification time of '2025-05-17T11:15:35.9510518Z'
  ERROR: Build asset version error: assets/scripts/playermovement.cs in SourceAssetDB has modification time of '2025-05-17T11:11:26.2749379Z' while content on disk has modification time of '2025-05-17T11:15:35.9510518Z'
Number of updated asset objects reloaded before import = 0
Number of asset objects unloaded after import = 0
========================================================================
Received Import Request.
  Time since last request: 0.097052 seconds.
  path: Assets/Scripts/PlayerMovement.cs
  artifactKey: Guid(4a38a1d6f3436394481e429c7092361b) Importer(815301076,1909f56bfc062723c751e8b465ee728b)
Start importing Assets/Scripts/PlayerMovement.cs using Guid(4a38a1d6f3436394481e429c7092361b) Importer(815301076,1909f56bfc062723c751e8b465ee728b) [PhysX] Initialized MultithreadedTaskDispatcher with 8 workers.
 -> (artifact id: '00000000000000000000000000000000') in 0.000807 seconds
Import Error Code:(4)
Message: Build asset version error: assets/scripts/playermovement.cs in SourceAssetDB has modification time of '2025-05-17T11:11:26.2749379Z' while content on disk has modification time of '2025-05-17T11:15:35.9510518Z'
  ERROR: Build asset version error: assets/scripts/playermovement.cs in SourceAssetDB has modification time of '2025-05-17T11:11:26.2749379Z' while content on disk has modification time of '2025-05-17T11:15:35.9510518Z'
Number of updated asset objects reloaded before import = 0
Number of asset objects unloaded after import = 0
========================================================================
Received Import Request.
  Time since last request: 0.107003 seconds.
  path: Assets/Scripts/PlayerMovement.cs
  artifactKey: Guid(4a38a1d6f3436394481e429c7092361b) Importer(815301076,1909f56bfc062723c751e8b465ee728b)
Start importing Assets/Scripts/PlayerMovement.cs using Guid(4a38a1d6f3436394481e429c7092361b) Importer(815301076,1909f56bfc062723c751e8b465ee728b) [PhysX] Initialized MultithreadedTaskDispatcher with 8 workers.
 -> (artifact id: '00000000000000000000000000000000') in 0.000800 seconds
Import Error Code:(4)
Message: Build asset version error: assets/scripts/playermovement.cs in SourceAssetDB has modification time of '2025-05-17T11:11:26.2749379Z' while content on disk has modification time of '2025-05-17T11:15:35.9510518Z'
  ERROR: Build asset version error: assets/scripts/playermovement.cs in SourceAssetDB has modification time of '2025-05-17T11:11:26.2749379Z' while content on disk has modification time of '2025-05-17T11:15:35.9510518Z'
Number of updated asset objects reloaded before import = 0
Number of asset objects unloaded after import = 0
========================================================================
Received Import Request.
  Time since last request: 0.091777 seconds.
  path: Assets/Scripts/PlayerMovement.cs
  artifactKey: Guid(4a38a1d6f3436394481e429c7092361b) Importer(815301076,1909f56bfc062723c751e8b465ee728b)
Start importing Assets/Scripts/PlayerMovement.cs using Guid(4a38a1d6f3436394481e429c7092361b) Importer(815301076,1909f56bfc062723c751e8b465ee728b) [PhysX] Initialized MultithreadedTaskDispatcher with 8 workers.
 -> (artifact id: '00000000000000000000000000000000') in 0.000704 seconds
Import Error Code:(4)
Message: Build asset version error: assets/scripts/playermovement.cs in SourceAssetDB has modification time of '2025-05-17T11:11:26.2749379Z' while content on disk has modification time of '2025-05-17T11:15:35.9510518Z'
  ERROR: Build asset version error: assets/scripts/playermovement.cs in SourceAssetDB has modification time of '2025-05-17T11:11:26.2749379Z' while content on disk has modification time of '2025-05-17T11:15:35.9510518Z'
Number of updated asset objects reloaded before import = 0
Number of asset objects unloaded after import = 0
========================================================================
Received Import Request.
  Time since last request: 0.098359 seconds.
  path: Assets/Scripts/PlayerMovement.cs
  artifactKey: Guid(4a38a1d6f3436394481e429c7092361b) Importer(815301076,1909f56bfc062723c751e8b465ee728b)
Start importing Assets/Scripts/PlayerMovement.cs using Guid(4a38a1d6f3436394481e429c7092361b) Importer(815301076,1909f56bfc062723c751e8b465ee728b) [PhysX] Initialized MultithreadedTaskDispatcher with 8 workers.
 -> (artifact id: '00000000000000000000000000000000') in 0.001088 seconds
Import Error Code:(4)
Message: Build asset version error: assets/scripts/playermovement.cs in SourceAssetDB has modification time of '2025-05-17T11:11:26.2749379Z' while content on disk has modification time of '2025-05-17T11:15:35.9510518Z'
  ERROR: Build asset version error: assets/scripts/playermovement.cs in SourceAssetDB has modification time of '2025-05-17T11:11:26.2749379Z' while content on disk has modification time of '2025-05-17T11:15:35.9510518Z'
Number of updated asset objects reloaded before import = 0
Number of asset objects unloaded after import = 0
========================================================================
Received Import Request.
  Time since last request: 0.097878 seconds.
  path: Assets/Scripts/PlayerMovement.cs
  artifactKey: Guid(4a38a1d6f3436394481e429c7092361b) Importer(815301076,1909f56bfc062723c751e8b465ee728b)
Start importing Assets/Scripts/PlayerMovement.cs using Guid(4a38a1d6f3436394481e429c7092361b) Importer(815301076,1909f56bfc062723c751e8b465ee728b) [PhysX] Initialized MultithreadedTaskDispatcher with 8 workers.
 -> (artifact id: '00000000000000000000000000000000') in 0.000733 seconds
Import Error Code:(4)
Message: Build asset version error: assets/scripts/playermovement.cs in SourceAssetDB has modification time of '2025-05-17T11:11:26.2749379Z' while content on disk has modification time of '2025-05-17T11:15:35.9510518Z'
  ERROR: Build asset version error: assets/scripts/playermovement.cs in SourceAssetDB has modification time of '2025-05-17T11:11:26.2749379Z' while content on disk has modification time of '2025-05-17T11:15:35.9510518Z'
Number of updated asset objects reloaded before import = 0
Number of asset objects unloaded after import = 0
========================================================================
Received Import Request.
  Time since last request: 0.014414 seconds.
  path: Assets/Scripts/PlayerMovement.cs
  artifactKey: Guid(4a38a1d6f3436394481e429c7092361b) Importer(815301076,1909f56bfc062723c751e8b465ee728b)
Start importing Assets/Scripts/PlayerMovement.cs using Guid(4a38a1d6f3436394481e429c7092361b) Importer(815301076,1909f56bfc062723c751e8b465ee728b) [PhysX] Initialized MultithreadedTaskDispatcher with 8 workers.
 -> (artifact id: '00000000000000000000000000000000') in 0.001276 seconds
Import Error Code:(4)
Message: Build asset version error: assets/scripts/playermovement.cs in SourceAssetDB has modification time of '2025-05-17T11:11:26.2749379Z' while content on disk has modification time of '2025-05-17T11:15:35.9510518Z'
  ERROR: Build asset version error: assets/scripts/playermovement.cs in SourceAssetDB has modification time of '2025-05-17T11:11:26.2749379Z' while content on disk has modification time of '2025-05-17T11:15:35.9510518Z'
Number of updated asset objects reloaded before import = 0
Number of asset objects unloaded after import = 0
========================================================================
Received Import Request.
  Time since last request: 0.076228 seconds.
  path: Assets/Scripts/PlayerMovement.cs
  artifactKey: Guid(4a38a1d6f3436394481e429c7092361b) Importer(815301076,1909f56bfc062723c751e8b465ee728b)
Start importing Assets/Scripts/PlayerMovement.cs using Guid(4a38a1d6f3436394481e429c7092361b) Importer(815301076,1909f56bfc062723c751e8b465ee728b) [PhysX] Initialized MultithreadedTaskDispatcher with 8 workers.
 -> (artifact id: '00000000000000000000000000000000') in 0.000851 seconds
Import Error Code:(4)
Message: Build asset version error: assets/scripts/playermovement.cs in SourceAssetDB has modification time of '2025-05-17T11:11:26.2749379Z' while content on disk has modification time of '2025-05-17T11:15:35.9510518Z'
  ERROR: Build asset version error: assets/scripts/playermovement.cs in SourceAssetDB has modification time of '2025-05-17T11:11:26.2749379Z' while content on disk has modification time of '2025-05-17T11:15:35.9510518Z'
Number of updated asset objects reloaded before import = 0
Number of asset objects unloaded after import = 0
========================================================================
Received Import Request.
  Time since last request: 0.094641 seconds.
  path: Assets/Scripts/PlayerMovement.cs
  artifactKey: Guid(4a38a1d6f3436394481e429c7092361b) Importer(815301076,1909f56bfc062723c751e8b465ee728b)
Start importing Assets/Scripts/PlayerMovement.cs using Guid(4a38a1d6f3436394481e429c7092361b) Importer(815301076,1909f56bfc062723c751e8b465ee728b) [PhysX] Initialized MultithreadedTaskDispatcher with 8 workers.
 -> (artifact id: '00000000000000000000000000000000') in 0.000673 seconds
Import Error Code:(4)
Message: Build asset version error: assets/scripts/playermovement.cs in SourceAssetDB has modification time of '2025-05-17T11:11:26.2749379Z' while content on disk has modification time of '2025-05-17T11:15:35.9510518Z'
  ERROR: Build asset version error: assets/scripts/playermovement.cs in SourceAssetDB has modification time of '2025-05-17T11:11:26.2749379Z' while content on disk has modification time of '2025-05-17T11:15:35.9510518Z'
Number of updated asset objects reloaded before import = 0
Number of asset objects unloaded after import = 0
========================================================================
Received Import Request.
  Time since last request: 0.103030 seconds.
  path: Assets/Scripts/PlayerMovement.cs
  artifactKey: Guid(4a38a1d6f3436394481e429c7092361b) Importer(815301076,1909f56bfc062723c751e8b465ee728b)
Start importing Assets/Scripts/PlayerMovement.cs using Guid(4a38a1d6f3436394481e429c7092361b) Importer(815301076,1909f56bfc062723c751e8b465ee728b) [PhysX] Initialized MultithreadedTaskDispatcher with 8 workers.
 -> (artifact id: '00000000000000000000000000000000') in 0.001024 seconds
Import Error Code:(4)
Message: Build asset version error: assets/scripts/playermovement.cs in SourceAssetDB has modification time of '2025-05-17T11:11:26.2749379Z' while content on disk has modification time of '2025-05-17T11:15:35.9510518Z'
  ERROR: Build asset version error: assets/scripts/playermovement.cs in SourceAssetDB has modification time of '2025-05-17T11:11:26.2749379Z' while content on disk has modification time of '2025-05-17T11:15:35.9510518Z'
Number of updated asset objects reloaded before import = 0
Number of asset objects unloaded after import = 0
========================================================================
Received Import Request.
  Time since last request: 0.001785 seconds.
  path: Assets/Scripts/PlayerMovement.cs
  artifactKey: Guid(4a38a1d6f3436394481e429c7092361b) Importer(815301076,1909f56bfc062723c751e8b465ee728b)
Start importing Assets/Scripts/PlayerMovement.cs using Guid(4a38a1d6f3436394481e429c7092361b) Importer(815301076,1909f56bfc062723c751e8b465ee728b) [PhysX] Initialized MultithreadedTaskDispatcher with 8 workers.
 -> (artifact id: '00000000000000000000000000000000') in 0.000757 seconds
Import Error Code:(4)
Message: Build asset version error: assets/scripts/playermovement.cs in SourceAssetDB has modification time of '2025-05-17T11:11:26.2749379Z' while content on disk has modification time of '2025-05-17T11:15:35.9510518Z'
  ERROR: Build asset version error: assets/scripts/playermovement.cs in SourceAssetDB has modification time of '2025-05-17T11:11:26.2749379Z' while content on disk has modification time of '2025-05-17T11:15:35.9510518Z'
Number of updated asset objects reloaded before import = 0
Number of asset objects unloaded after import = 0
========================================================================
Received Import Request.
  Time since last request: 0.077222 seconds.
  path: Assets/Scripts/PlayerMovement.cs
  artifactKey: Guid(4a38a1d6f3436394481e429c7092361b) Importer(815301076,1909f56bfc062723c751e8b465ee728b)
Start importing Assets/Scripts/PlayerMovement.cs using Guid(4a38a1d6f3436394481e429c7092361b) Importer(815301076,1909f56bfc062723c751e8b465ee728b) [PhysX] Initialized MultithreadedTaskDispatcher with 8 workers.
 -> (artifact id: '00000000000000000000000000000000') in 0.000712 seconds
Import Error Code:(4)
Message: Build asset version error: assets/scripts/playermovement.cs in SourceAssetDB has modification time of '2025-05-17T11:11:26.2749379Z' while content on disk has modification time of '2025-05-17T11:15:35.9510518Z'
  ERROR: Build asset version error: assets/scripts/playermovement.cs in SourceAssetDB has modification time of '2025-05-17T11:11:26.2749379Z' while content on disk has modification time of '2025-05-17T11:15:35.9510518Z'
Number of updated asset objects reloaded before import = 0
Number of asset objects unloaded after import = 0
========================================================================
Received Import Request.
  Time since last request: 0.101310 seconds.
  path: Assets/Scripts/PlayerMovement.cs
  artifactKey: Guid(4a38a1d6f3436394481e429c7092361b) Importer(815301076,1909f56bfc062723c751e8b465ee728b)
Start importing Assets/Scripts/PlayerMovement.cs using Guid(4a38a1d6f3436394481e429c7092361b) Importer(815301076,1909f56bfc062723c751e8b465ee728b) [PhysX] Initialized MultithreadedTaskDispatcher with 8 workers.
 -> (artifact id: '00000000000000000000000000000000') in 0.001079 seconds
Import Error Code:(4)
Message: Build asset version error: assets/scripts/playermovement.cs in SourceAssetDB has modification time of '2025-05-17T11:11:26.2749379Z' while content on disk has modification time of '2025-05-17T11:15:35.9510518Z'
  ERROR: Build asset version error: assets/scripts/playermovement.cs in SourceAssetDB has modification time of '2025-05-17T11:11:26.2749379Z' while content on disk has modification time of '2025-05-17T11:15:35.9510518Z'
Number of updated asset objects reloaded before import = 0
Number of asset objects unloaded after import = 0
========================================================================
Received Import Request.
  Time since last request: 0.100625 seconds.
  path: Assets/Scripts/PlayerMovement.cs
  artifactKey: Guid(4a38a1d6f3436394481e429c7092361b) Importer(815301076,1909f56bfc062723c751e8b465ee728b)
Start importing Assets/Scripts/PlayerMovement.cs using Guid(4a38a1d6f3436394481e429c7092361b) Importer(815301076,1909f56bfc062723c751e8b465ee728b) [PhysX] Initialized MultithreadedTaskDispatcher with 8 workers.
 -> (artifact id: '00000000000000000000000000000000') in 0.000809 seconds
Import Error Code:(4)
Message: Build asset version error: assets/scripts/playermovement.cs in SourceAssetDB has modification time of '2025-05-17T11:11:26.2749379Z' while content on disk has modification time of '2025-05-17T11:15:35.9510518Z'
  ERROR: Build asset version error: assets/scripts/playermovement.cs in SourceAssetDB has modification time of '2025-05-17T11:11:26.2749379Z' while content on disk has modification time of '2025-05-17T11:15:35.9510518Z'
Number of updated asset objects reloaded before import = 0
Number of asset objects unloaded after import = 0
========================================================================
Received Import Request.
  Time since last request: 0.102652 seconds.
  path: Assets/Scripts/PlayerMovement.cs
  artifactKey: Guid(4a38a1d6f3436394481e429c7092361b) Importer(815301076,1909f56bfc062723c751e8b465ee728b)
Start importing Assets/Scripts/PlayerMovement.cs using Guid(4a38a1d6f3436394481e429c7092361b) Importer(815301076,1909f56bfc062723c751e8b465ee728b) [PhysX] Initialized MultithreadedTaskDispatcher with 8 workers.
 -> (artifact id: '00000000000000000000000000000000') in 0.001082 seconds
Import Error Code:(4)
Message: Build asset version error: assets/scripts/playermovement.cs in SourceAssetDB has modification time of '2025-05-17T11:11:26.2749379Z' while content on disk has modification time of '2025-05-17T11:15:35.9510518Z'
  ERROR: Build asset version error: assets/scripts/playermovement.cs in SourceAssetDB has modification time of '2025-05-17T11:11:26.2749379Z' while content on disk has modification time of '2025-05-17T11:15:35.9510518Z'
Number of updated asset objects reloaded before import = 0
Number of asset objects unloaded after import = 0
========================================================================
Received Import Request.
  Time since last request: 0.096647 seconds.
  path: Assets/Scripts/PlayerMovement.cs
  artifactKey: Guid(4a38a1d6f3436394481e429c7092361b) Importer(815301076,1909f56bfc062723c751e8b465ee728b)
Start importing Assets/Scripts/PlayerMovement.cs using Guid(4a38a1d6f3436394481e429c7092361b) Importer(815301076,1909f56bfc062723c751e8b465ee728b) [PhysX] Initialized MultithreadedTaskDispatcher with 8 workers.
 -> (artifact id: '00000000000000000000000000000000') in 0.000805 seconds
Import Error Code:(4)
Message: Build asset version error: assets/scripts/playermovement.cs in SourceAssetDB has modification time of '2025-05-17T11:11:26.2749379Z' while content on disk has modification time of '2025-05-17T11:15:35.9510518Z'
  ERROR: Build asset version error: assets/scripts/playermovement.cs in SourceAssetDB has modification time of '2025-05-17T11:11:26.2749379Z' while content on disk has modification time of '2025-05-17T11:15:35.9510518Z'
Number of updated asset objects reloaded before import = 0
Number of asset objects unloaded after import = 0
========================================================================
Received Import Request.
  Time since last request: 0.111576 seconds.
  path: Assets/Scripts/PlayerMovement.cs
  artifactKey: Guid(4a38a1d6f3436394481e429c7092361b) Importer(815301076,1909f56bfc062723c751e8b465ee728b)
Start importing Assets/Scripts/PlayerMovement.cs using Guid(4a38a1d6f3436394481e429c7092361b) Importer(815301076,1909f56bfc062723c751e8b465ee728b) [PhysX] Initialized MultithreadedTaskDispatcher with 8 workers.
 -> (artifact id: '00000000000000000000000000000000') in 0.005657 seconds
Import Error Code:(4)
Message: Build asset version error: assets/scripts/playermovement.cs in SourceAssetDB has modification time of '2025-05-17T11:11:26.2749379Z' while content on disk has modification time of '2025-05-17T11:15:35.9510518Z'
  ERROR: Build asset version error: assets/scripts/playermovement.cs in SourceAssetDB has modification time of '2025-05-17T11:11:26.2749379Z' while content on disk has modification time of '2025-05-17T11:15:35.9510518Z'
Number of updated asset objects reloaded before import = 0
Number of asset objects unloaded after import = 0
========================================================================
Received Import Request.
  Time since last request: 0.024126 seconds.
  path: Assets/Scripts/PlayerMovement.cs
  artifactKey: Guid(4a38a1d6f3436394481e429c7092361b) Importer(815301076,1909f56bfc062723c751e8b465ee728b)
Start importing Assets/Scripts/PlayerMovement.cs using Guid(4a38a1d6f3436394481e429c7092361b) Importer(815301076,1909f56bfc062723c751e8b465ee728b) [PhysX] Initialized MultithreadedTaskDispatcher with 8 workers.
 -> (artifact id: '00000000000000000000000000000000') in 0.002017 seconds
Import Error Code:(4)
Message: Build asset version error: assets/scripts/playermovement.cs in SourceAssetDB has modification time of '2025-05-17T11:11:26.2749379Z' while content on disk has modification time of '2025-05-17T11:15:35.9510518Z'
  ERROR: Build asset version error: assets/scripts/playermovement.cs in SourceAssetDB has modification time of '2025-05-17T11:11:26.2749379Z' while content on disk has modification time of '2025-05-17T11:15:35.9510518Z'
Number of updated asset objects reloaded before import = 0
Number of asset objects unloaded after import = 0
========================================================================
Received Import Request.
  Time since last request: 0.071108 seconds.
  path: Assets/Scripts/PlayerMovement.cs
  artifactKey: Guid(4a38a1d6f3436394481e429c7092361b) Importer(815301076,1909f56bfc062723c751e8b465ee728b)
Start importing Assets/Scripts/PlayerMovement.cs using Guid(4a38a1d6f3436394481e429c7092361b) Importer(815301076,1909f56bfc062723c751e8b465ee728b) [PhysX] Initialized MultithreadedTaskDispatcher with 8 workers.
 -> (artifact id: '00000000000000000000000000000000') in 0.000890 seconds
Import Error Code:(4)
Message: Build asset version error: assets/scripts/playermovement.cs in SourceAssetDB has modification time of '2025-05-17T11:11:26.2749379Z' while content on disk has modification time of '2025-05-17T11:15:35.9510518Z'
  ERROR: Build asset version error: assets/scripts/playermovement.cs in SourceAssetDB has modification time of '2025-05-17T11:11:26.2749379Z' while content on disk has modification time of '2025-05-17T11:15:35.9510518Z'
Number of updated asset objects reloaded before import = 0
Number of asset objects unloaded after import = 0
========================================================================
Received Import Request.
  Time since last request: 0.107964 seconds.
  path: Assets/Scripts/PlayerMovement.cs
  artifactKey: Guid(4a38a1d6f3436394481e429c7092361b) Importer(815301076,1909f56bfc062723c751e8b465ee728b)
Start importing Assets/Scripts/PlayerMovement.cs using Guid(4a38a1d6f3436394481e429c7092361b) Importer(815301076,1909f56bfc062723c751e8b465ee728b) [PhysX] Initialized MultithreadedTaskDispatcher with 8 workers.
 -> (artifact id: '00000000000000000000000000000000') in 0.000834 seconds
Import Error Code:(4)
Message: Build asset version error: assets/scripts/playermovement.cs in SourceAssetDB has modification time of '2025-05-17T11:11:26.2749379Z' while content on disk has modification time of '2025-05-17T11:15:35.9510518Z'
  ERROR: Build asset version error: assets/scripts/playermovement.cs in SourceAssetDB has modification time of '2025-05-17T11:11:26.2749379Z' while content on disk has modification time of '2025-05-17T11:15:35.9510518Z'
Number of updated asset objects reloaded before import = 0
Number of asset objects unloaded after import = 0
========================================================================
Received Import Request.
  Time since last request: 0.093353 seconds.
  path: Assets/Scripts/PlayerMovement.cs
  artifactKey: Guid(4a38a1d6f3436394481e429c7092361b) Importer(815301076,1909f56bfc062723c751e8b465ee728b)
Start importing Assets/Scripts/PlayerMovement.cs using Guid(4a38a1d6f3436394481e429c7092361b) Importer(815301076,1909f56bfc062723c751e8b465ee728b) [PhysX] Initialized MultithreadedTaskDispatcher with 8 workers.
 -> (artifact id: '00000000000000000000000000000000') in 0.000705 seconds
Import Error Code:(4)
Message: Build asset version error: assets/scripts/playermovement.cs in SourceAssetDB has modification time of '2025-05-17T11:11:26.2749379Z' while content on disk has modification time of '2025-05-17T11:15:35.9510518Z'
  ERROR: Build asset version error: assets/scripts/playermovement.cs in SourceAssetDB has modification time of '2025-05-17T11:11:26.2749379Z' while content on disk has modification time of '2025-05-17T11:15:35.9510518Z'
Number of updated asset objects reloaded before import = 0
Number of asset objects unloaded after import = 0
========================================================================
Received Import Request.
  Time since last request: 0.092596 seconds.
  path: Assets/Scripts/PlayerMovement.cs
  artifactKey: Guid(4a38a1d6f3436394481e429c7092361b) Importer(815301076,1909f56bfc062723c751e8b465ee728b)
Start importing Assets/Scripts/PlayerMovement.cs using Guid(4a38a1d6f3436394481e429c7092361b) Importer(815301076,1909f56bfc062723c751e8b465ee728b) [PhysX] Initialized MultithreadedTaskDispatcher with 8 workers.
 -> (artifact id: '00000000000000000000000000000000') in 0.000691 seconds
Import Error Code:(4)
Message: Build asset version error: assets/scripts/playermovement.cs in SourceAssetDB has modification time of '2025-05-17T11:11:26.2749379Z' while content on disk has modification time of '2025-05-17T11:15:35.9510518Z'
  ERROR: Build asset version error: assets/scripts/playermovement.cs in SourceAssetDB has modification time of '2025-05-17T11:11:26.2749379Z' while content on disk has modification time of '2025-05-17T11:15:35.9510518Z'
Number of updated asset objects reloaded before import = 0
Number of asset objects unloaded after import = 0
========================================================================
Received Import Request.
  Time since last request: 0.105561 seconds.
  path: Assets/Scripts/PlayerMovement.cs
  artifactKey: Guid(4a38a1d6f3436394481e429c7092361b) Importer(815301076,1909f56bfc062723c751e8b465ee728b)
Start importing Assets/Scripts/PlayerMovement.cs using Guid(4a38a1d6f3436394481e429c7092361b) Importer(815301076,1909f56bfc062723c751e8b465ee728b) [PhysX] Initialized MultithreadedTaskDispatcher with 8 workers.
 -> (artifact id: '00000000000000000000000000000000') in 0.001045 seconds
Import Error Code:(4)
Message: Build asset version error: assets/scripts/playermovement.cs in SourceAssetDB has modification time of '2025-05-17T11:11:26.2749379Z' while content on disk has modification time of '2025-05-17T11:15:35.9510518Z'
  ERROR: Build asset version error: assets/scripts/playermovement.cs in SourceAssetDB has modification time of '2025-05-17T11:11:26.2749379Z' while content on disk has modification time of '2025-05-17T11:15:35.9510518Z'
Number of updated asset objects reloaded before import = 0
Number of asset objects unloaded after import = 0
========================================================================
Received Import Request.
  Time since last request: 0.091651 seconds.
  path: Assets/Scripts/PlayerMovement.cs
  artifactKey: Guid(4a38a1d6f3436394481e429c7092361b) Importer(815301076,1909f56bfc062723c751e8b465ee728b)
Start importing Assets/Scripts/PlayerMovement.cs using Guid(4a38a1d6f3436394481e429c7092361b) Importer(815301076,1909f56bfc062723c751e8b465ee728b) [PhysX] Initialized MultithreadedTaskDispatcher with 8 workers.
 -> (artifact id: '00000000000000000000000000000000') in 0.000682 seconds
Import Error Code:(4)
Message: Build asset version error: assets/scripts/playermovement.cs in SourceAssetDB has modification time of '2025-05-17T11:11:26.2749379Z' while content on disk has modification time of '2025-05-17T11:15:35.9510518Z'
  ERROR: Build asset version error: assets/scripts/playermovement.cs in SourceAssetDB has modification time of '2025-05-17T11:11:26.2749379Z' while content on disk has modification time of '2025-05-17T11:15:35.9510518Z'
Number of updated asset objects reloaded before import = 0
Number of asset objects unloaded after import = 0
========================================================================
Received Import Request.
  Time since last request: 0.099396 seconds.
  path: Assets/Scripts/PlayerMovement.cs
  artifactKey: Guid(4a38a1d6f3436394481e429c7092361b) Importer(815301076,1909f56bfc062723c751e8b465ee728b)
Start importing Assets/Scripts/PlayerMovement.cs using Guid(4a38a1d6f3436394481e429c7092361b) Importer(815301076,1909f56bfc062723c751e8b465ee728b) [PhysX] Initialized MultithreadedTaskDispatcher with 8 workers.
 -> (artifact id: '00000000000000000000000000000000') in 0.001185 seconds
Import Error Code:(4)
Message: Build asset version error: assets/scripts/playermovement.cs in SourceAssetDB has modification time of '2025-05-17T11:11:26.2749379Z' while content on disk has modification time of '2025-05-17T11:15:35.9510518Z'
  ERROR: Build asset version error: assets/scripts/playermovement.cs in SourceAssetDB has modification time of '2025-05-17T11:11:26.2749379Z' while content on disk has modification time of '2025-05-17T11:15:35.9510518Z'
Number of updated asset objects reloaded before import = 0
Number of asset objects unloaded after import = 0
========================================================================
Received Import Request.
  Time since last request: 0.104978 seconds.
  path: Assets/Scripts/PlayerMovement.cs
  artifactKey: Guid(4a38a1d6f3436394481e429c7092361b) Importer(815301076,1909f56bfc062723c751e8b465ee728b)
Start importing Assets/Scripts/PlayerMovement.cs using Guid(4a38a1d6f3436394481e429c7092361b) Importer(815301076,1909f56bfc062723c751e8b465ee728b) [PhysX] Initialized MultithreadedTaskDispatcher with 8 workers.
 -> (artifact id: '00000000000000000000000000000000') in 0.000679 seconds
Import Error Code:(4)
Message: Build asset version error: assets/scripts/playermovement.cs in SourceAssetDB has modification time of '2025-05-17T11:11:26.2749379Z' while content on disk has modification time of '2025-05-17T11:15:35.9510518Z'
  ERROR: Build asset version error: assets/scripts/playermovement.cs in SourceAssetDB has modification time of '2025-05-17T11:11:26.2749379Z' while content on disk has modification time of '2025-05-17T11:15:35.9510518Z'
Number of updated asset objects reloaded before import = 0
Number of asset objects unloaded after import = 0
========================================================================
Received Import Request.
  Time since last request: 0.095748 seconds.
  path: Assets/Scripts/PlayerMovement.cs
  artifactKey: Guid(4a38a1d6f3436394481e429c7092361b) Importer(815301076,1909f56bfc062723c751e8b465ee728b)
Start importing Assets/Scripts/PlayerMovement.cs using Guid(4a38a1d6f3436394481e429c7092361b) Importer(815301076,1909f56bfc062723c751e8b465ee728b) [PhysX] Initialized MultithreadedTaskDispatcher with 8 workers.
 -> (artifact id: '00000000000000000000000000000000') in 0.000731 seconds
Import Error Code:(4)
Message: Build asset version error: assets/scripts/playermovement.cs in SourceAssetDB has modification time of '2025-05-17T11:11:26.2749379Z' while content on disk has modification time of '2025-05-17T11:15:35.9510518Z'
  ERROR: Build asset version error: assets/scripts/playermovement.cs in SourceAssetDB has modification time of '2025-05-17T11:11:26.2749379Z' while content on disk has modification time of '2025-05-17T11:15:35.9510518Z'
Number of updated asset objects reloaded before import = 0
Number of asset objects unloaded after import = 0
========================================================================
Received Import Request.
  Time since last request: 0.092359 seconds.
  path: Assets/Scripts/PlayerMovement.cs
  artifactKey: Guid(4a38a1d6f3436394481e429c7092361b) Importer(815301076,1909f56bfc062723c751e8b465ee728b)
Start importing Assets/Scripts/PlayerMovement.cs using Guid(4a38a1d6f3436394481e429c7092361b) Importer(815301076,1909f56bfc062723c751e8b465ee728b) [PhysX] Initialized MultithreadedTaskDispatcher with 8 workers.
 -> (artifact id: '00000000000000000000000000000000') in 0.000644 seconds
Import Error Code:(4)
Message: Build asset version error: assets/scripts/playermovement.cs in SourceAssetDB has modification time of '2025-05-17T11:11:26.2749379Z' while content on disk has modification time of '2025-05-17T11:15:35.9510518Z'
  ERROR: Build asset version error: assets/scripts/playermovement.cs in SourceAssetDB has modification time of '2025-05-17T11:11:26.2749379Z' while content on disk has modification time of '2025-05-17T11:15:35.9510518Z'
Number of updated asset objects reloaded before import = 0
Number of asset objects unloaded after import = 0
========================================================================
Received Import Request.
  Time since last request: 0.099171 seconds.
  path: Assets/Scripts/PlayerMovement.cs
  artifactKey: Guid(4a38a1d6f3436394481e429c7092361b) Importer(815301076,1909f56bfc062723c751e8b465ee728b)
Start importing Assets/Scripts/PlayerMovement.cs using Guid(4a38a1d6f3436394481e429c7092361b) Importer(815301076,1909f56bfc062723c751e8b465ee728b) [PhysX] Initialized MultithreadedTaskDispatcher with 8 workers.
 -> (artifact id: '00000000000000000000000000000000') in 0.000760 seconds
Import Error Code:(4)
Message: Build asset version error: assets/scripts/playermovement.cs in SourceAssetDB has modification time of '2025-05-17T11:11:26.2749379Z' while content on disk has modification time of '2025-05-17T11:15:35.9510518Z'
  ERROR: Build asset version error: assets/scripts/playermovement.cs in SourceAssetDB has modification time of '2025-05-17T11:11:26.2749379Z' while content on disk has modification time of '2025-05-17T11:15:35.9510518Z'
Number of updated asset objects reloaded before import = 0
Number of asset objects unloaded after import = 0
========================================================================
Received Import Request.
  Time since last request: 0.102028 seconds.
  path: Assets/Scripts/PlayerMovement.cs
  artifactKey: Guid(4a38a1d6f3436394481e429c7092361b) Importer(815301076,1909f56bfc062723c751e8b465ee728b)
Start importing Assets/Scripts/PlayerMovement.cs using Guid(4a38a1d6f3436394481e429c7092361b) Importer(815301076,1909f56bfc062723c751e8b465ee728b) [PhysX] Initialized MultithreadedTaskDispatcher with 8 workers.
 -> (artifact id: '00000000000000000000000000000000') in 0.000634 seconds
Import Error Code:(4)
Message: Build asset version error: assets/scripts/playermovement.cs in SourceAssetDB has modification time of '2025-05-17T11:11:26.2749379Z' while content on disk has modification time of '2025-05-17T11:15:35.9510518Z'
  ERROR: Build asset version error: assets/scripts/playermovement.cs in SourceAssetDB has modification time of '2025-05-17T11:11:26.2749379Z' while content on disk has modification time of '2025-05-17T11:15:35.9510518Z'
Number of updated asset objects reloaded before import = 0
Number of asset objects unloaded after import = 0
========================================================================
Received Import Request.
  Time since last request: 0.098843 seconds.
  path: Assets/Scripts/PlayerMovement.cs
  artifactKey: Guid(4a38a1d6f3436394481e429c7092361b) Importer(815301076,1909f56bfc062723c751e8b465ee728b)
Start importing Assets/Scripts/PlayerMovement.cs using Guid(4a38a1d6f3436394481e429c7092361b) Importer(815301076,1909f56bfc062723c751e8b465ee728b) [PhysX] Initialized MultithreadedTaskDispatcher with 8 workers.
 -> (artifact id: '00000000000000000000000000000000') in 0.000879 seconds
Import Error Code:(4)
Message: Build asset version error: assets/scripts/playermovement.cs in SourceAssetDB has modification time of '2025-05-17T11:11:26.2749379Z' while content on disk has modification time of '2025-05-17T11:15:35.9510518Z'
  ERROR: Build asset version error: assets/scripts/playermovement.cs in SourceAssetDB has modification time of '2025-05-17T11:11:26.2749379Z' while content on disk has modification time of '2025-05-17T11:15:35.9510518Z'
Number of updated asset objects reloaded before import = 0
Number of asset objects unloaded after import = 0
========================================================================
Received Import Request.
  Time since last request: 0.098306 seconds.
  path: Assets/Scripts/PlayerMovement.cs
  artifactKey: Guid(4a38a1d6f3436394481e429c7092361b) Importer(815301076,1909f56bfc062723c751e8b465ee728b)
Start importing Assets/Scripts/PlayerMovement.cs using Guid(4a38a1d6f3436394481e429c7092361b) Importer(815301076,1909f56bfc062723c751e8b465ee728b) [PhysX] Initialized MultithreadedTaskDispatcher with 8 workers.
 -> (artifact id: '00000000000000000000000000000000') in 0.001041 seconds
Import Error Code:(4)
Message: Build asset version error: assets/scripts/playermovement.cs in SourceAssetDB has modification time of '2025-05-17T11:11:26.2749379Z' while content on disk has modification time of '2025-05-17T11:15:35.9510518Z'
  ERROR: Build asset version error: assets/scripts/playermovement.cs in SourceAssetDB has modification time of '2025-05-17T11:11:26.2749379Z' while content on disk has modification time of '2025-05-17T11:15:35.9510518Z'
Number of updated asset objects reloaded before import = 0
Number of asset objects unloaded after import = 0
========================================================================
Received Import Request.
  Time since last request: 0.109524 seconds.
  path: Assets/Scripts/PlayerMovement.cs
  artifactKey: Guid(4a38a1d6f3436394481e429c7092361b) Importer(815301076,1909f56bfc062723c751e8b465ee728b)
Start importing Assets/Scripts/PlayerMovement.cs using Guid(4a38a1d6f3436394481e429c7092361b) Importer(815301076,1909f56bfc062723c751e8b465ee728b) [PhysX] Initialized MultithreadedTaskDispatcher with 8 workers.
 -> (artifact id: '00000000000000000000000000000000') in 0.000729 seconds
Import Error Code:(4)
Message: Build asset version error: assets/scripts/playermovement.cs in SourceAssetDB has modification time of '2025-05-17T11:11:26.2749379Z' while content on disk has modification time of '2025-05-17T11:15:35.9510518Z'
  ERROR: Build asset version error: assets/scripts/playermovement.cs in SourceAssetDB has modification time of '2025-05-17T11:11:26.2749379Z' while content on disk has modification time of '2025-05-17T11:15:35.9510518Z'
Number of updated asset objects reloaded before import = 0
Number of asset objects unloaded after import = 0
========================================================================
Received Import Request.
  Time since last request: 0.094411 seconds.
  path: Assets/Scripts/PlayerMovement.cs
  artifactKey: Guid(4a38a1d6f3436394481e429c7092361b) Importer(815301076,1909f56bfc062723c751e8b465ee728b)
Start importing Assets/Scripts/PlayerMovement.cs using Guid(4a38a1d6f3436394481e429c7092361b) Importer(815301076,1909f56bfc062723c751e8b465ee728b) [PhysX] Initialized MultithreadedTaskDispatcher with 8 workers.
 -> (artifact id: '00000000000000000000000000000000') in 0.000644 seconds
Import Error Code:(4)
Message: Build asset version error: assets/scripts/playermovement.cs in SourceAssetDB has modification time of '2025-05-17T11:11:26.2749379Z' while content on disk has modification time of '2025-05-17T11:15:35.9510518Z'
  ERROR: Build asset version error: assets/scripts/playermovement.cs in SourceAssetDB has modification time of '2025-05-17T11:11:26.2749379Z' while content on disk has modification time of '2025-05-17T11:15:35.9510518Z'
Number of updated asset objects reloaded before import = 0
Number of asset objects unloaded after import = 0
========================================================================
Received Import Request.
  Time since last request: 0.095362 seconds.
  path: Assets/Scripts/PlayerMovement.cs
  artifactKey: Guid(4a38a1d6f3436394481e429c7092361b) Importer(815301076,1909f56bfc062723c751e8b465ee728b)
Start importing Assets/Scripts/PlayerMovement.cs using Guid(4a38a1d6f3436394481e429c7092361b) Importer(815301076,1909f56bfc062723c751e8b465ee728b) [PhysX] Initialized MultithreadedTaskDispatcher with 8 workers.
 -> (artifact id: '00000000000000000000000000000000') in 0.001639 seconds
Import Error Code:(4)
Message: Build asset version error: assets/scripts/playermovement.cs in SourceAssetDB has modification time of '2025-05-17T11:11:26.2749379Z' while content on disk has modification time of '2025-05-17T11:15:35.9510518Z'
  ERROR: Build asset version error: assets/scripts/playermovement.cs in SourceAssetDB has modification time of '2025-05-17T11:11:26.2749379Z' while content on disk has modification time of '2025-05-17T11:15:35.9510518Z'
Number of updated asset objects reloaded before import = 0
Number of asset objects unloaded after import = 0
========================================================================
Received Import Request.
  Time since last request: 0.092892 seconds.
  path: Assets/Scripts/PlayerMovement.cs
  artifactKey: Guid(4a38a1d6f3436394481e429c7092361b) Importer(815301076,1909f56bfc062723c751e8b465ee728b)
Start importing Assets/Scripts/PlayerMovement.cs using Guid(4a38a1d6f3436394481e429c7092361b) Importer(815301076,1909f56bfc062723c751e8b465ee728b) [PhysX] Initialized MultithreadedTaskDispatcher with 8 workers.
 -> (artifact id: '00000000000000000000000000000000') in 0.000612 seconds
Import Error Code:(4)
Message: Build asset version error: assets/scripts/playermovement.cs in SourceAssetDB has modification time of '2025-05-17T11:11:26.2749379Z' while content on disk has modification time of '2025-05-17T11:15:35.9510518Z'
  ERROR: Build asset version error: assets/scripts/playermovement.cs in SourceAssetDB has modification time of '2025-05-17T11:11:26.2749379Z' while content on disk has modification time of '2025-05-17T11:15:35.9510518Z'
Number of updated asset objects reloaded before import = 0
Number of asset objects unloaded after import = 0
========================================================================
Received Import Request.
  Time since last request: 0.099731 seconds.
  path: Assets/Scripts/PlayerMovement.cs
  artifactKey: Guid(4a38a1d6f3436394481e429c7092361b) Importer(815301076,1909f56bfc062723c751e8b465ee728b)
Start importing Assets/Scripts/PlayerMovement.cs using Guid(4a38a1d6f3436394481e429c7092361b) Importer(815301076,1909f56bfc062723c751e8b465ee728b) [PhysX] Initialized MultithreadedTaskDispatcher with 8 workers.
 -> (artifact id: '00000000000000000000000000000000') in 0.000655 seconds
Import Error Code:(4)
Message: Build asset version error: assets/scripts/playermovement.cs in SourceAssetDB has modification time of '2025-05-17T11:11:26.2749379Z' while content on disk has modification time of '2025-05-17T11:15:35.9510518Z'
  ERROR: Build asset version error: assets/scripts/playermovement.cs in SourceAssetDB has modification time of '2025-05-17T11:11:26.2749379Z' while content on disk has modification time of '2025-05-17T11:15:35.9510518Z'
Number of updated asset objects reloaded before import = 0
Number of asset objects unloaded after import = 0
========================================================================
Received Import Request.
  Time since last request: 0.104082 seconds.
  path: Assets/Scripts/PlayerMovement.cs
  artifactKey: Guid(4a38a1d6f3436394481e429c7092361b) Importer(815301076,1909f56bfc062723c751e8b465ee728b)
Start importing Assets/Scripts/PlayerMovement.cs using Guid(4a38a1d6f3436394481e429c7092361b) Importer(815301076,1909f56bfc062723c751e8b465ee728b) [PhysX] Initialized MultithreadedTaskDispatcher with 8 workers.
 -> (artifact id: '00000000000000000000000000000000') in 0.000589 seconds
Import Error Code:(4)
Message: Build asset version error: assets/scripts/playermovement.cs in SourceAssetDB has modification time of '2025-05-17T11:11:26.2749379Z' while content on disk has modification time of '2025-05-17T11:15:35.9510518Z'
  ERROR: Build asset version error: assets/scripts/playermovement.cs in SourceAssetDB has modification time of '2025-05-17T11:11:26.2749379Z' while content on disk has modification time of '2025-05-17T11:15:35.9510518Z'
Number of updated asset objects reloaded before import = 0
Number of asset objects unloaded after import = 0
========================================================================
Received Import Request.
  Time since last request: 0.108079 seconds.
  path: Assets/Scripts/PlayerMovement.cs
  artifactKey: Guid(4a38a1d6f3436394481e429c7092361b) Importer(815301076,1909f56bfc062723c751e8b465ee728b)
Start importing Assets/Scripts/PlayerMovement.cs using Guid(4a38a1d6f3436394481e429c7092361b) Importer(815301076,1909f56bfc062723c751e8b465ee728b) [PhysX] Initialized MultithreadedTaskDispatcher with 8 workers.
 -> (artifact id: '00000000000000000000000000000000') in 0.000983 seconds
Import Error Code:(4)
Message: Build asset version error: assets/scripts/playermovement.cs in SourceAssetDB has modification time of '2025-05-17T11:11:26.2749379Z' while content on disk has modification time of '2025-05-17T11:15:35.9510518Z'
  ERROR: Build asset version error: assets/scripts/playermovement.cs in SourceAssetDB has modification time of '2025-05-17T11:11:26.2749379Z' while content on disk has modification time of '2025-05-17T11:15:35.9510518Z'
Number of updated asset objects reloaded before import = 0
Number of asset objects unloaded after import = 0
========================================================================
Received Import Request.
  Time since last request: 0.092744 seconds.
  path: Assets/Scripts/PlayerMovement.cs
  artifactKey: Guid(4a38a1d6f3436394481e429c7092361b) Importer(815301076,1909f56bfc062723c751e8b465ee728b)
Start importing Assets/Scripts/PlayerMovement.cs using Guid(4a38a1d6f3436394481e429c7092361b) Importer(815301076,1909f56bfc062723c751e8b465ee728b) [PhysX] Initialized MultithreadedTaskDispatcher with 8 workers.
 -> (artifact id: '00000000000000000000000000000000') in 0.001214 seconds
Import Error Code:(4)
Message: Build asset version error: assets/scripts/playermovement.cs in SourceAssetDB has modification time of '2025-05-17T11:11:26.2749379Z' while content on disk has modification time of '2025-05-17T11:15:35.9510518Z'
  ERROR: Build asset version error: assets/scripts/playermovement.cs in SourceAssetDB has modification time of '2025-05-17T11:11:26.2749379Z' while content on disk has modification time of '2025-05-17T11:15:35.9510518Z'
Number of updated asset objects reloaded before import = 0
Number of asset objects unloaded after import = 0
========================================================================
Received Import Request.
  Time since last request: 0.091853 seconds.
  path: Assets/Scripts/PlayerMovement.cs
  artifactKey: Guid(4a38a1d6f3436394481e429c7092361b) Importer(815301076,1909f56bfc062723c751e8b465ee728b)
Start importing Assets/Scripts/PlayerMovement.cs using Guid(4a38a1d6f3436394481e429c7092361b) Importer(815301076,1909f56bfc062723c751e8b465ee728b) [PhysX] Initialized MultithreadedTaskDispatcher with 8 workers.
 -> (artifact id: '00000000000000000000000000000000') in 0.001060 seconds
Import Error Code:(4)
Message: Build asset version error: assets/scripts/playermovement.cs in SourceAssetDB has modification time of '2025-05-17T11:11:26.2749379Z' while content on disk has modification time of '2025-05-17T11:15:35.9510518Z'
  ERROR: Build asset version error: assets/scripts/playermovement.cs in SourceAssetDB has modification time of '2025-05-17T11:11:26.2749379Z' while content on disk has modification time of '2025-05-17T11:15:35.9510518Z'
Number of updated asset objects reloaded before import = 0
Number of asset objects unloaded after import = 0
========================================================================
Received Import Request.
  Time since last request: 0.108830 seconds.
  path: Assets/Scripts/PlayerMovement.cs
  artifactKey: Guid(4a38a1d6f3436394481e429c7092361b) Importer(815301076,1909f56bfc062723c751e8b465ee728b)
Start importing Assets/Scripts/PlayerMovement.cs using Guid(4a38a1d6f3436394481e429c7092361b) Importer(815301076,1909f56bfc062723c751e8b465ee728b) [PhysX] Initialized MultithreadedTaskDispatcher with 8 workers.
 -> (artifact id: '00000000000000000000000000000000') in 0.001027 seconds
Import Error Code:(4)
Message: Build asset version error: assets/scripts/playermovement.cs in SourceAssetDB has modification time of '2025-05-17T11:11:26.2749379Z' while content on disk has modification time of '2025-05-17T11:18:01.3237271Z'
  ERROR: Build asset version error: assets/scripts/playermovement.cs in SourceAssetDB has modification time of '2025-05-17T11:11:26.2749379Z' while content on disk has modification time of '2025-05-17T11:18:01.3237271Z'
Number of updated asset objects reloaded before import = 0
Number of asset objects unloaded after import = 0
========================================================================
Received Import Request.
  Time since last request: 0.092343 seconds.
  path: Assets/Scripts/PlayerMovement.cs
  artifactKey: Guid(4a38a1d6f3436394481e429c7092361b) Importer(815301076,1909f56bfc062723c751e8b465ee728b)
Start importing Assets/Scripts/PlayerMovement.cs using Guid(4a38a1d6f3436394481e429c7092361b) Importer(815301076,1909f56bfc062723c751e8b465ee728b) [PhysX] Initialized MultithreadedTaskDispatcher with 8 workers.
 -> (artifact id: '00000000000000000000000000000000') in 0.001048 seconds
Import Error Code:(4)
Message: Build asset version error: assets/scripts/playermovement.cs in SourceAssetDB has modification time of '2025-05-17T11:11:26.2749379Z' while content on disk has modification time of '2025-05-17T11:18:01.3237271Z'
  ERROR: Build asset version error: assets/scripts/playermovement.cs in SourceAssetDB has modification time of '2025-05-17T11:11:26.2749379Z' while content on disk has modification time of '2025-05-17T11:18:01.3237271Z'
Number of updated asset objects reloaded before import = 0
Number of asset objects unloaded after import = 0
========================================================================
Received Import Request.
  Time since last request: 0.106068 seconds.
  path: Assets/Scripts/PlayerMovement.cs
  artifactKey: Guid(4a38a1d6f3436394481e429c7092361b) Importer(815301076,1909f56bfc062723c751e8b465ee728b)
Start importing Assets/Scripts/PlayerMovement.cs using Guid(4a38a1d6f3436394481e429c7092361b) Importer(815301076,1909f56bfc062723c751e8b465ee728b) [PhysX] Initialized MultithreadedTaskDispatcher with 8 workers.
 -> (artifact id: '00000000000000000000000000000000') in 0.000863 seconds
Import Error Code:(4)
Message: Build asset version error: assets/scripts/playermovement.cs in SourceAssetDB has modification time of '2025-05-17T11:11:26.2749379Z' while content on disk has modification time of '2025-05-17T11:18:01.3237271Z'
  ERROR: Build asset version error: assets/scripts/playermovement.cs in SourceAssetDB has modification time of '2025-05-17T11:11:26.2749379Z' while content on disk has modification time of '2025-05-17T11:18:01.3237271Z'
Number of updated asset objects reloaded before import = 0
Number of asset objects unloaded after import = 0
========================================================================
Received Import Request.
  Time since last request: 0.087174 seconds.
  path: Assets/Scripts/PlayerMovement.cs
  artifactKey: Guid(4a38a1d6f3436394481e429c7092361b) Importer(815301076,1909f56bfc062723c751e8b465ee728b)
Start importing Assets/Scripts/PlayerMovement.cs using Guid(4a38a1d6f3436394481e429c7092361b) Importer(815301076,1909f56bfc062723c751e8b465ee728b) [PhysX] Initialized MultithreadedTaskDispatcher with 8 workers.
 -> (artifact id: '00000000000000000000000000000000') in 0.002079 seconds
Import Error Code:(4)
Message: Build asset version error: assets/scripts/playermovement.cs in SourceAssetDB has modification time of '2025-05-17T11:11:26.2749379Z' while content on disk has modification time of '2025-05-17T11:18:01.3237271Z'
  ERROR: Build asset version error: assets/scripts/playermovement.cs in SourceAssetDB has modification time of '2025-05-17T11:11:26.2749379Z' while content on disk has modification time of '2025-05-17T11:18:01.3237271Z'
Number of updated asset objects reloaded before import = 0
Number of asset objects unloaded after import = 0
========================================================================
Received Import Request.
  Time since last request: 0.108220 seconds.
  path: Assets/Scripts/PlayerMovement.cs
  artifactKey: Guid(4a38a1d6f3436394481e429c7092361b) Importer(815301076,1909f56bfc062723c751e8b465ee728b)
Start importing Assets/Scripts/PlayerMovement.cs using Guid(4a38a1d6f3436394481e429c7092361b) Importer(815301076,1909f56bfc062723c751e8b465ee728b) [PhysX] Initialized MultithreadedTaskDispatcher with 8 workers.
 -> (artifact id: '00000000000000000000000000000000') in 0.000772 seconds
Import Error Code:(4)
Message: Build asset version error: assets/scripts/playermovement.cs in SourceAssetDB has modification time of '2025-05-17T11:11:26.2749379Z' while content on disk has modification time of '2025-05-17T11:18:01.3237271Z'
  ERROR: Build asset version error: assets/scripts/playermovement.cs in SourceAssetDB has modification time of '2025-05-17T11:11:26.2749379Z' while content on disk has modification time of '2025-05-17T11:18:01.3237271Z'
Number of updated asset objects reloaded before import = 0
Number of asset objects unloaded after import = 0
========================================================================
Received Import Request.
  Time since last request: 0.087465 seconds.
  path: Assets/Scripts/PlayerMovement.cs
  artifactKey: Guid(4a38a1d6f3436394481e429c7092361b) Importer(815301076,1909f56bfc062723c751e8b465ee728b)
Start importing Assets/Scripts/PlayerMovement.cs using Guid(4a38a1d6f3436394481e429c7092361b) Importer(815301076,1909f56bfc062723c751e8b465ee728b) [PhysX] Initialized MultithreadedTaskDispatcher with 8 workers.
 -> (artifact id: '00000000000000000000000000000000') in 0.001396 seconds
Import Error Code:(4)
Message: Build asset version error: assets/scripts/playermovement.cs in SourceAssetDB has modification time of '2025-05-17T11:11:26.2749379Z' while content on disk has modification time of '2025-05-17T11:18:01.3237271Z'
  ERROR: Build asset version error: assets/scripts/playermovement.cs in SourceAssetDB has modification time of '2025-05-17T11:11:26.2749379Z' while content on disk has modification time of '2025-05-17T11:18:01.3237271Z'
Number of updated asset objects reloaded before import = 0
Number of asset objects unloaded after import = 0
========================================================================
Received Import Request.
  Time since last request: 0.102663 seconds.
  path: Assets/Scripts/PlayerMovement.cs
  artifactKey: Guid(4a38a1d6f3436394481e429c7092361b) Importer(815301076,1909f56bfc062723c751e8b465ee728b)
Start importing Assets/Scripts/PlayerMovement.cs using Guid(4a38a1d6f3436394481e429c7092361b) Importer(815301076,1909f56bfc062723c751e8b465ee728b) [PhysX] Initialized MultithreadedTaskDispatcher with 8 workers.
 -> (artifact id: '00000000000000000000000000000000') in 0.001033 seconds
Import Error Code:(4)
Message: Build asset version error: assets/scripts/playermovement.cs in SourceAssetDB has modification time of '2025-05-17T11:11:26.2749379Z' while content on disk has modification time of '2025-05-17T11:18:01.3237271Z'
  ERROR: Build asset version error: assets/scripts/playermovement.cs in SourceAssetDB has modification time of '2025-05-17T11:11:26.2749379Z' while content on disk has modification time of '2025-05-17T11:18:01.3237271Z'
Number of updated asset objects reloaded before import = 0
Number of asset objects unloaded after import = 0
========================================================================
Received Import Request.
  Time since last request: 0.092891 seconds.
  path: Assets/Scripts/PlayerMovement.cs
  artifactKey: Guid(4a38a1d6f3436394481e429c7092361b) Importer(815301076,1909f56bfc062723c751e8b465ee728b)
Start importing Assets/Scripts/PlayerMovement.cs using Guid(4a38a1d6f3436394481e429c7092361b) Importer(815301076,1909f56bfc062723c751e8b465ee728b) [PhysX] Initialized MultithreadedTaskDispatcher with 8 workers.
 -> (artifact id: '00000000000000000000000000000000') in 0.001577 seconds
Import Error Code:(4)
Message: Build asset version error: assets/scripts/playermovement.cs in SourceAssetDB has modification time of '2025-05-17T11:11:26.2749379Z' while content on disk has modification time of '2025-05-17T11:18:01.3237271Z'
  ERROR: Build asset version error: assets/scripts/playermovement.cs in SourceAssetDB has modification time of '2025-05-17T11:11:26.2749379Z' while content on disk has modification time of '2025-05-17T11:18:01.3237271Z'
Number of updated asset objects reloaded before import = 0
Number of asset objects unloaded after import = 0
========================================================================
Received Import Request.
  Time since last request: 0.100355 seconds.
  path: Assets/Scripts/PlayerMovement.cs
  artifactKey: Guid(4a38a1d6f3436394481e429c7092361b) Importer(815301076,1909f56bfc062723c751e8b465ee728b)
Start importing Assets/Scripts/PlayerMovement.cs using Guid(4a38a1d6f3436394481e429c7092361b) Importer(815301076,1909f56bfc062723c751e8b465ee728b) [PhysX] Initialized MultithreadedTaskDispatcher with 8 workers.
 -> (artifact id: '00000000000000000000000000000000') in 0.000726 seconds
Import Error Code:(4)
Message: Build asset version error: assets/scripts/playermovement.cs in SourceAssetDB has modification time of '2025-05-17T11:11:26.2749379Z' while content on disk has modification time of '2025-05-17T11:18:01.3237271Z'
  ERROR: Build asset version error: assets/scripts/playermovement.cs in SourceAssetDB has modification time of '2025-05-17T11:11:26.2749379Z' while content on disk has modification time of '2025-05-17T11:18:01.3237271Z'
Number of updated asset objects reloaded before import = 0
Number of asset objects unloaded after import = 0
========================================================================
Received Import Request.
  Time since last request: 0.098780 seconds.
  path: Assets/Scripts/PlayerMovement.cs
  artifactKey: Guid(4a38a1d6f3436394481e429c7092361b) Importer(815301076,1909f56bfc062723c751e8b465ee728b)
Start importing Assets/Scripts/PlayerMovement.cs using Guid(4a38a1d6f3436394481e429c7092361b) Importer(815301076,1909f56bfc062723c751e8b465ee728b) [PhysX] Initialized MultithreadedTaskDispatcher with 8 workers.
 -> (artifact id: '00000000000000000000000000000000') in 0.000763 seconds
Import Error Code:(4)
Message: Build asset version error: assets/scripts/playermovement.cs in SourceAssetDB has modification time of '2025-05-17T11:11:26.2749379Z' while content on disk has modification time of '2025-05-17T11:18:01.3237271Z'
  ERROR: Build asset version error: assets/scripts/playermovement.cs in SourceAssetDB has modification time of '2025-05-17T11:11:26.2749379Z' while content on disk has modification time of '2025-05-17T11:18:01.3237271Z'
Number of updated asset objects reloaded before import = 0
Number of asset objects unloaded after import = 0
========================================================================
Received Import Request.
  Time since last request: 0.108533 seconds.
  path: Assets/Scripts/PlayerMovement.cs
  artifactKey: Guid(4a38a1d6f3436394481e429c7092361b) Importer(815301076,1909f56bfc062723c751e8b465ee728b)
Start importing Assets/Scripts/PlayerMovement.cs using Guid(4a38a1d6f3436394481e429c7092361b) Importer(815301076,1909f56bfc062723c751e8b465ee728b) [PhysX] Initialized MultithreadedTaskDispatcher with 8 workers.
 -> (artifact id: '00000000000000000000000000000000') in 0.001216 seconds
Import Error Code:(4)
Message: Build asset version error: assets/scripts/playermovement.cs in SourceAssetDB has modification time of '2025-05-17T11:11:26.2749379Z' while content on disk has modification time of '2025-05-17T11:18:01.3237271Z'
  ERROR: Build asset version error: assets/scripts/playermovement.cs in SourceAssetDB has modification time of '2025-05-17T11:11:26.2749379Z' while content on disk has modification time of '2025-05-17T11:18:01.3237271Z'
Number of updated asset objects reloaded before import = 0
Number of asset objects unloaded after import = 0
========================================================================
Received Import Request.
  Time since last request: 0.090489 seconds.
  path: Assets/Scripts/PlayerMovement.cs
  artifactKey: Guid(4a38a1d6f3436394481e429c7092361b) Importer(815301076,1909f56bfc062723c751e8b465ee728b)
Start importing Assets/Scripts/PlayerMovement.cs using Guid(4a38a1d6f3436394481e429c7092361b) Importer(815301076,1909f56bfc062723c751e8b465ee728b) [PhysX] Initialized MultithreadedTaskDispatcher with 8 workers.
 -> (artifact id: '00000000000000000000000000000000') in 0.000745 seconds
Import Error Code:(4)
Message: Build asset version error: assets/scripts/playermovement.cs in SourceAssetDB has modification time of '2025-05-17T11:11:26.2749379Z' while content on disk has modification time of '2025-05-17T11:18:01.3237271Z'
  ERROR: Build asset version error: assets/scripts/playermovement.cs in SourceAssetDB has modification time of '2025-05-17T11:11:26.2749379Z' while content on disk has modification time of '2025-05-17T11:18:01.3237271Z'
Number of updated asset objects reloaded before import = 0
Number of asset objects unloaded after import = 0
========================================================================
Received Import Request.
  Time since last request: 0.110598 seconds.
  path: Assets/Scripts/PlayerMovement.cs
  artifactKey: Guid(4a38a1d6f3436394481e429c7092361b) Importer(815301076,1909f56bfc062723c751e8b465ee728b)
Start importing Assets/Scripts/PlayerMovement.cs using Guid(4a38a1d6f3436394481e429c7092361b) Importer(815301076,1909f56bfc062723c751e8b465ee728b) [PhysX] Initialized MultithreadedTaskDispatcher with 8 workers.
 -> (artifact id: '00000000000000000000000000000000') in 0.000775 seconds
Import Error Code:(4)
Message: Build asset version error: assets/scripts/playermovement.cs in SourceAssetDB has modification time of '2025-05-17T11:11:26.2749379Z' while content on disk has modification time of '2025-05-17T11:18:01.3237271Z'
  ERROR: Build asset version error: assets/scripts/playermovement.cs in SourceAssetDB has modification time of '2025-05-17T11:11:26.2749379Z' while content on disk has modification time of '2025-05-17T11:18:01.3237271Z'
Number of updated asset objects reloaded before import = 0
Number of asset objects unloaded after import = 0
========================================================================
Received Import Request.
  Time since last request: 0.089226 seconds.
  path: Assets/Scripts/PlayerMovement.cs
  artifactKey: Guid(4a38a1d6f3436394481e429c7092361b) Importer(815301076,1909f56bfc062723c751e8b465ee728b)
Start importing Assets/Scripts/PlayerMovement.cs using Guid(4a38a1d6f3436394481e429c7092361b) Importer(815301076,1909f56bfc062723c751e8b465ee728b) [PhysX] Initialized MultithreadedTaskDispatcher with 8 workers.
 -> (artifact id: '00000000000000000000000000000000') in 0.000652 seconds
Import Error Code:(4)
Message: Build asset version error: assets/scripts/playermovement.cs in SourceAssetDB has modification time of '2025-05-17T11:11:26.2749379Z' while content on disk has modification time of '2025-05-17T11:18:01.3237271Z'
  ERROR: Build asset version error: assets/scripts/playermovement.cs in SourceAssetDB has modification time of '2025-05-17T11:11:26.2749379Z' while content on disk has modification time of '2025-05-17T11:18:01.3237271Z'
Number of updated asset objects reloaded before import = 0
Number of asset objects unloaded after import = 0
========================================================================
Received Import Request.
  Time since last request: 0.098929 seconds.
  path: Assets/Scripts/PlayerMovement.cs
  artifactKey: Guid(4a38a1d6f3436394481e429c7092361b) Importer(815301076,1909f56bfc062723c751e8b465ee728b)
Start importing Assets/Scripts/PlayerMovement.cs using Guid(4a38a1d6f3436394481e429c7092361b) Importer(815301076,1909f56bfc062723c751e8b465ee728b) [PhysX] Initialized MultithreadedTaskDispatcher with 8 workers.
 -> (artifact id: '00000000000000000000000000000000') in 0.002153 seconds
Import Error Code:(4)
Message: Build asset version error: assets/scripts/playermovement.cs in SourceAssetDB has modification time of '2025-05-17T11:11:26.2749379Z' while content on disk has modification time of '2025-05-17T11:18:01.3237271Z'
  ERROR: Build asset version error: assets/scripts/playermovement.cs in SourceAssetDB has modification time of '2025-05-17T11:11:26.2749379Z' while content on disk has modification time of '2025-05-17T11:18:01.3237271Z'
Number of updated asset objects reloaded before import = 0
Number of asset objects unloaded after import = 0
========================================================================
Received Import Request.
  Time since last request: 0.102831 seconds.
  path: Assets/Scripts/PlayerMovement.cs
  artifactKey: Guid(4a38a1d6f3436394481e429c7092361b) Importer(815301076,1909f56bfc062723c751e8b465ee728b)
Start importing Assets/Scripts/PlayerMovement.cs using Guid(4a38a1d6f3436394481e429c7092361b) Importer(815301076,1909f56bfc062723c751e8b465ee728b) [PhysX] Initialized MultithreadedTaskDispatcher with 8 workers.
 -> (artifact id: '00000000000000000000000000000000') in 0.001077 seconds
Import Error Code:(4)
Message: Build asset version error: assets/scripts/playermovement.cs in SourceAssetDB has modification time of '2025-05-17T11:11:26.2749379Z' while content on disk has modification time of '2025-05-17T11:18:01.3237271Z'
  ERROR: Build asset version error: assets/scripts/playermovement.cs in SourceAssetDB has modification time of '2025-05-17T11:11:26.2749379Z' while content on disk has modification time of '2025-05-17T11:18:01.3237271Z'
Number of updated asset objects reloaded before import = 0
Number of asset objects unloaded after import = 0
========================================================================
Received Import Request.
  Time since last request: 0.095112 seconds.
  path: Assets/Scripts/PlayerMovement.cs
  artifactKey: Guid(4a38a1d6f3436394481e429c7092361b) Importer(815301076,1909f56bfc062723c751e8b465ee728b)
Start importing Assets/Scripts/PlayerMovement.cs using Guid(4a38a1d6f3436394481e429c7092361b) Importer(815301076,1909f56bfc062723c751e8b465ee728b) [PhysX] Initialized MultithreadedTaskDispatcher with 8 workers.
 -> (artifact id: '00000000000000000000000000000000') in 0.001015 seconds
Import Error Code:(4)
Message: Build asset version error: assets/scripts/playermovement.cs in SourceAssetDB has modification time of '2025-05-17T11:11:26.2749379Z' while content on disk has modification time of '2025-05-17T11:18:01.3237271Z'
  ERROR: Build asset version error: assets/scripts/playermovement.cs in SourceAssetDB has modification time of '2025-05-17T11:11:26.2749379Z' while content on disk has modification time of '2025-05-17T11:18:01.3237271Z'
Number of updated asset objects reloaded before import = 0
Number of asset objects unloaded after import = 0
========================================================================
Received Import Request.
  Time since last request: 0.107017 seconds.
  path: Assets/Scripts/PlayerMovement.cs
  artifactKey: Guid(4a38a1d6f3436394481e429c7092361b) Importer(815301076,1909f56bfc062723c751e8b465ee728b)
Start importing Assets/Scripts/PlayerMovement.cs using Guid(4a38a1d6f3436394481e429c7092361b) Importer(815301076,1909f56bfc062723c751e8b465ee728b) [PhysX] Initialized MultithreadedTaskDispatcher with 8 workers.
 -> (artifact id: '00000000000000000000000000000000') in 0.000944 seconds
Import Error Code:(4)
Message: Build asset version error: assets/scripts/playermovement.cs in SourceAssetDB has modification time of '2025-05-17T11:11:26.2749379Z' while content on disk has modification time of '2025-05-17T11:18:01.3237271Z'
  ERROR: Build asset version error: assets/scripts/playermovement.cs in SourceAssetDB has modification time of '2025-05-17T11:11:26.2749379Z' while content on disk has modification time of '2025-05-17T11:18:01.3237271Z'
Number of updated asset objects reloaded before import = 0
Number of asset objects unloaded after import = 0
========================================================================
Received Import Request.
  Time since last request: 0.094229 seconds.
  path: Assets/Scripts/PlayerMovement.cs
  artifactKey: Guid(4a38a1d6f3436394481e429c7092361b) Importer(815301076,1909f56bfc062723c751e8b465ee728b)
Start importing Assets/Scripts/PlayerMovement.cs using Guid(4a38a1d6f3436394481e429c7092361b) Importer(815301076,1909f56bfc062723c751e8b465ee728b) [PhysX] Initialized MultithreadedTaskDispatcher with 8 workers.
 -> (artifact id: '00000000000000000000000000000000') in 0.000872 seconds
Import Error Code:(4)
Message: Build asset version error: assets/scripts/playermovement.cs in SourceAssetDB has modification time of '2025-05-17T11:11:26.2749379Z' while content on disk has modification time of '2025-05-17T11:18:01.3237271Z'
  ERROR: Build asset version error: assets/scripts/playermovement.cs in SourceAssetDB has modification time of '2025-05-17T11:11:26.2749379Z' while content on disk has modification time of '2025-05-17T11:18:01.3237271Z'
Number of updated asset objects reloaded before import = 0
Number of asset objects unloaded after import = 0
========================================================================
Received Import Request.
  Time since last request: 0.108994 seconds.
  path: Assets/Scripts/PlayerMovement.cs
  artifactKey: Guid(4a38a1d6f3436394481e429c7092361b) Importer(815301076,1909f56bfc062723c751e8b465ee728b)
Start importing Assets/Scripts/PlayerMovement.cs using Guid(4a38a1d6f3436394481e429c7092361b) Importer(815301076,1909f56bfc062723c751e8b465ee728b) [PhysX] Initialized MultithreadedTaskDispatcher with 8 workers.
 -> (artifact id: '00000000000000000000000000000000') in 0.000572 seconds
Import Error Code:(4)
Message: Build asset version error: assets/scripts/playermovement.cs in SourceAssetDB has modification time of '2025-05-17T11:11:26.2749379Z' while content on disk has modification time of '2025-05-17T11:18:01.3237271Z'
  ERROR: Build asset version error: assets/scripts/playermovement.cs in SourceAssetDB has modification time of '2025-05-17T11:11:26.2749379Z' while content on disk has modification time of '2025-05-17T11:18:01.3237271Z'
Number of updated asset objects reloaded before import = 0
Number of asset objects unloaded after import = 0
========================================================================
Received Import Request.
  Time since last request: 0.094481 seconds.
  path: Assets/Scripts/PlayerMovement.cs
  artifactKey: Guid(4a38a1d6f3436394481e429c7092361b) Importer(815301076,1909f56bfc062723c751e8b465ee728b)
Start importing Assets/Scripts/PlayerMovement.cs using Guid(4a38a1d6f3436394481e429c7092361b) Importer(815301076,1909f56bfc062723c751e8b465ee728b) [PhysX] Initialized MultithreadedTaskDispatcher with 8 workers.
 -> (artifact id: '00000000000000000000000000000000') in 0.000696 seconds
Import Error Code:(4)
Message: Build asset version error: assets/scripts/playermovement.cs in SourceAssetDB has modification time of '2025-05-17T11:11:26.2749379Z' while content on disk has modification time of '2025-05-17T11:18:01.3237271Z'
  ERROR: Build asset version error: assets/scripts/playermovement.cs in SourceAssetDB has modification time of '2025-05-17T11:11:26.2749379Z' while content on disk has modification time of '2025-05-17T11:18:01.3237271Z'
Number of updated asset objects reloaded before import = 0
Number of asset objects unloaded after import = 0
========================================================================
Received Import Request.
  Time since last request: 0.093418 seconds.
  path: Assets/Scripts/PlayerMovement.cs
  artifactKey: Guid(4a38a1d6f3436394481e429c7092361b) Importer(815301076,1909f56bfc062723c751e8b465ee728b)
Start importing Assets/Scripts/PlayerMovement.cs using Guid(4a38a1d6f3436394481e429c7092361b) Importer(815301076,1909f56bfc062723c751e8b465ee728b) [PhysX] Initialized MultithreadedTaskDispatcher with 8 workers.
 -> (artifact id: '00000000000000000000000000000000') in 0.000560 seconds
Import Error Code:(4)
Message: Build asset version error: assets/scripts/playermovement.cs in SourceAssetDB has modification time of '2025-05-17T11:11:26.2749379Z' while content on disk has modification time of '2025-05-17T11:18:01.3237271Z'
  ERROR: Build asset version error: assets/scripts/playermovement.cs in SourceAssetDB has modification time of '2025-05-17T11:11:26.2749379Z' while content on disk has modification time of '2025-05-17T11:18:01.3237271Z'
Number of updated asset objects reloaded before import = 0
Number of asset objects unloaded after import = 0
========================================================================
Received Import Request.
  Time since last request: 0.107951 seconds.
  path: Assets/Scripts/PlayerMovement.cs
  artifactKey: Guid(4a38a1d6f3436394481e429c7092361b) Importer(815301076,1909f56bfc062723c751e8b465ee728b)
Start importing Assets/Scripts/PlayerMovement.cs using Guid(4a38a1d6f3436394481e429c7092361b) Importer(815301076,1909f56bfc062723c751e8b465ee728b) [PhysX] Initialized MultithreadedTaskDispatcher with 8 workers.
 -> (artifact id: '00000000000000000000000000000000') in 0.000679 seconds
Import Error Code:(4)
Message: Build asset version error: assets/scripts/playermovement.cs in SourceAssetDB has modification time of '2025-05-17T11:11:26.2749379Z' while content on disk has modification time of '2025-05-17T11:18:01.3237271Z'
  ERROR: Build asset version error: assets/scripts/playermovement.cs in SourceAssetDB has modification time of '2025-05-17T11:11:26.2749379Z' while content on disk has modification time of '2025-05-17T11:18:01.3237271Z'
Number of updated asset objects reloaded before import = 0
Number of asset objects unloaded after import = 0
========================================================================
Received Import Request.
  Time since last request: 0.092332 seconds.
  path: Assets/Scripts/PlayerMovement.cs
  artifactKey: Guid(4a38a1d6f3436394481e429c7092361b) Importer(815301076,1909f56bfc062723c751e8b465ee728b)
Start importing Assets/Scripts/PlayerMovement.cs using Guid(4a38a1d6f3436394481e429c7092361b) Importer(815301076,1909f56bfc062723c751e8b465ee728b) [PhysX] Initialized MultithreadedTaskDispatcher with 8 workers.
 -> (artifact id: '00000000000000000000000000000000') in 0.000765 seconds
Import Error Code:(4)
Message: Build asset version error: assets/scripts/playermovement.cs in SourceAssetDB has modification time of '2025-05-17T11:11:26.2749379Z' while content on disk has modification time of '2025-05-17T11:18:01.3237271Z'
  ERROR: Build asset version error: assets/scripts/playermovement.cs in SourceAssetDB has modification time of '2025-05-17T11:11:26.2749379Z' while content on disk has modification time of '2025-05-17T11:18:01.3237271Z'
Number of updated asset objects reloaded before import = 0
Number of asset objects unloaded after import = 0
========================================================================
Received Import Request.
  Time since last request: 0.095831 seconds.
  path: Assets/Scripts/PlayerMovement.cs
  artifactKey: Guid(4a38a1d6f3436394481e429c7092361b) Importer(815301076,1909f56bfc062723c751e8b465ee728b)
Start importing Assets/Scripts/PlayerMovement.cs using Guid(4a38a1d6f3436394481e429c7092361b) Importer(815301076,1909f56bfc062723c751e8b465ee728b) [PhysX] Initialized MultithreadedTaskDispatcher with 8 workers.
 -> (artifact id: '00000000000000000000000000000000') in 0.000616 seconds
Import Error Code:(4)
Message: Build asset version error: assets/scripts/playermovement.cs in SourceAssetDB has modification time of '2025-05-17T11:11:26.2749379Z' while content on disk has modification time of '2025-05-17T11:18:01.3237271Z'
  ERROR: Build asset version error: assets/scripts/playermovement.cs in SourceAssetDB has modification time of '2025-05-17T11:11:26.2749379Z' while content on disk has modification time of '2025-05-17T11:18:01.3237271Z'
Number of updated asset objects reloaded before import = 0
Number of asset objects unloaded after import = 0
========================================================================
Received Import Request.
  Time since last request: 0.111387 seconds.
  path: Assets/Scripts/PlayerMovement.cs
  artifactKey: Guid(4a38a1d6f3436394481e429c7092361b) Importer(815301076,1909f56bfc062723c751e8b465ee728b)
Start importing Assets/Scripts/PlayerMovement.cs using Guid(4a38a1d6f3436394481e429c7092361b) Importer(815301076,1909f56bfc062723c751e8b465ee728b) [PhysX] Initialized MultithreadedTaskDispatcher with 8 workers.
 -> (artifact id: '00000000000000000000000000000000') in 0.001233 seconds
Import Error Code:(4)
Message: Build asset version error: assets/scripts/playermovement.cs in SourceAssetDB has modification time of '2025-05-17T11:11:26.2749379Z' while content on disk has modification time of '2025-05-17T11:18:01.3237271Z'
  ERROR: Build asset version error: assets/scripts/playermovement.cs in SourceAssetDB has modification time of '2025-05-17T11:11:26.2749379Z' while content on disk has modification time of '2025-05-17T11:18:01.3237271Z'
Number of updated asset objects reloaded before import = 0
Number of asset objects unloaded after import = 0
========================================================================
Received Import Request.
  Time since last request: 0.085012 seconds.
  path: Assets/Scripts/PlayerMovement.cs
  artifactKey: Guid(4a38a1d6f3436394481e429c7092361b) Importer(815301076,1909f56bfc062723c751e8b465ee728b)
Start importing Assets/Scripts/PlayerMovement.cs using Guid(4a38a1d6f3436394481e429c7092361b) Importer(815301076,1909f56bfc062723c751e8b465ee728b) [PhysX] Initialized MultithreadedTaskDispatcher with 8 workers.
 -> (artifact id: '00000000000000000000000000000000') in 0.000751 seconds
Import Error Code:(4)
Message: Build asset version error: assets/scripts/playermovement.cs in SourceAssetDB has modification time of '2025-05-17T11:11:26.2749379Z' while content on disk has modification time of '2025-05-17T11:18:01.3237271Z'
  ERROR: Build asset version error: assets/scripts/playermovement.cs in SourceAssetDB has modification time of '2025-05-17T11:11:26.2749379Z' while content on disk has modification time of '2025-05-17T11:18:01.3237271Z'
Number of updated asset objects reloaded before import = 0
Number of asset objects unloaded after import = 0
========================================================================
Received Import Request.
  Time since last request: 0.100540 seconds.
  path: Assets/Scripts/PlayerMovement.cs
  artifactKey: Guid(4a38a1d6f3436394481e429c7092361b) Importer(815301076,1909f56bfc062723c751e8b465ee728b)
Start importing Assets/Scripts/PlayerMovement.cs using Guid(4a38a1d6f3436394481e429c7092361b) Importer(815301076,1909f56bfc062723c751e8b465ee728b) [PhysX] Initialized MultithreadedTaskDispatcher with 8 workers.
 -> (artifact id: '00000000000000000000000000000000') in 0.000840 seconds
Import Error Code:(4)
Message: Build asset version error: assets/scripts/playermovement.cs in SourceAssetDB has modification time of '2025-05-17T11:11:26.2749379Z' while content on disk has modification time of '2025-05-17T11:18:01.3237271Z'
  ERROR: Build asset version error: assets/scripts/playermovement.cs in SourceAssetDB has modification time of '2025-05-17T11:11:26.2749379Z' while content on disk has modification time of '2025-05-17T11:18:01.3237271Z'
Number of updated asset objects reloaded before import = 0
Number of asset objects unloaded after import = 0
========================================================================
Received Import Request.
  Time since last request: 0.108430 seconds.
  path: Assets/Scripts/PlayerMovement.cs
  artifactKey: Guid(4a38a1d6f3436394481e429c7092361b) Importer(815301076,1909f56bfc062723c751e8b465ee728b)
Start importing Assets/Scripts/PlayerMovement.cs using Guid(4a38a1d6f3436394481e429c7092361b) Importer(815301076,1909f56bfc062723c751e8b465ee728b) [PhysX] Initialized MultithreadedTaskDispatcher with 8 workers.
 -> (artifact id: '00000000000000000000000000000000') in 0.000712 seconds
Import Error Code:(4)
Message: Build asset version error: assets/scripts/playermovement.cs in SourceAssetDB has modification time of '2025-05-17T11:11:26.2749379Z' while content on disk has modification time of '2025-05-17T11:18:01.3237271Z'
  ERROR: Build asset version error: assets/scripts/playermovement.cs in SourceAssetDB has modification time of '2025-05-17T11:11:26.2749379Z' while content on disk has modification time of '2025-05-17T11:18:01.3237271Z'
Number of updated asset objects reloaded before import = 0
Number of asset objects unloaded after import = 0
========================================================================
Received Import Request.
  Time since last request: 0.093053 seconds.
  path: Assets/Scripts/PlayerMovement.cs
  artifactKey: Guid(4a38a1d6f3436394481e429c7092361b) Importer(815301076,1909f56bfc062723c751e8b465ee728b)
Start importing Assets/Scripts/PlayerMovement.cs using Guid(4a38a1d6f3436394481e429c7092361b) Importer(815301076,1909f56bfc062723c751e8b465ee728b) [PhysX] Initialized MultithreadedTaskDispatcher with 8 workers.
 -> (artifact id: '00000000000000000000000000000000') in 0.000624 seconds
Import Error Code:(4)
Message: Build asset version error: assets/scripts/playermovement.cs in SourceAssetDB has modification time of '2025-05-17T11:11:26.2749379Z' while content on disk has modification time of '2025-05-17T11:18:01.3237271Z'
  ERROR: Build asset version error: assets/scripts/playermovement.cs in SourceAssetDB has modification time of '2025-05-17T11:11:26.2749379Z' while content on disk has modification time of '2025-05-17T11:18:01.3237271Z'
Number of updated asset objects reloaded before import = 0
Number of asset objects unloaded after import = 0
========================================================================
Received Import Request.
  Time since last request: 0.093451 seconds.
  path: Assets/Scripts/PlayerMovement.cs
  artifactKey: Guid(4a38a1d6f3436394481e429c7092361b) Importer(815301076,1909f56bfc062723c751e8b465ee728b)
Start importing Assets/Scripts/PlayerMovement.cs using Guid(4a38a1d6f3436394481e429c7092361b) Importer(815301076,1909f56bfc062723c751e8b465ee728b) [PhysX] Initialized MultithreadedTaskDispatcher with 8 workers.
 -> (artifact id: '00000000000000000000000000000000') in 0.000684 seconds
Import Error Code:(4)
Message: Build asset version error: assets/scripts/playermovement.cs in SourceAssetDB has modification time of '2025-05-17T11:11:26.2749379Z' while content on disk has modification time of '2025-05-17T11:18:01.3237271Z'
  ERROR: Build asset version error: assets/scripts/playermovement.cs in SourceAssetDB has modification time of '2025-05-17T11:11:26.2749379Z' while content on disk has modification time of '2025-05-17T11:18:01.3237271Z'
Number of updated asset objects reloaded before import = 0
Number of asset objects unloaded after import = 0
========================================================================
Received Import Request.
  Time since last request: 0.097918 seconds.
  path: Assets/Scripts/PlayerMovement.cs
  artifactKey: Guid(4a38a1d6f3436394481e429c7092361b) Importer(815301076,1909f56bfc062723c751e8b465ee728b)
Start importing Assets/Scripts/PlayerMovement.cs using Guid(4a38a1d6f3436394481e429c7092361b) Importer(815301076,1909f56bfc062723c751e8b465ee728b) [PhysX] Initialized MultithreadedTaskDispatcher with 8 workers.
 -> (artifact id: '00000000000000000000000000000000') in 0.000749 seconds
Import Error Code:(4)
Message: Build asset version error: assets/scripts/playermovement.cs in SourceAssetDB has modification time of '2025-05-17T11:11:26.2749379Z' while content on disk has modification time of '2025-05-17T11:18:01.3237271Z'
  ERROR: Build asset version error: assets/scripts/playermovement.cs in SourceAssetDB has modification time of '2025-05-17T11:11:26.2749379Z' while content on disk has modification time of '2025-05-17T11:18:01.3237271Z'
Number of updated asset objects reloaded before import = 0
Number of asset objects unloaded after import = 0
========================================================================
Received Import Request.
  Time since last request: 0.102639 seconds.
  path: Assets/Scripts/PlayerMovement.cs
  artifactKey: Guid(4a38a1d6f3436394481e429c7092361b) Importer(815301076,1909f56bfc062723c751e8b465ee728b)
Start importing Assets/Scripts/PlayerMovement.cs using Guid(4a38a1d6f3436394481e429c7092361b) Importer(815301076,1909f56bfc062723c751e8b465ee728b) [PhysX] Initialized MultithreadedTaskDispatcher with 8 workers.
 -> (artifact id: '00000000000000000000000000000000') in 0.000686 seconds
Import Error Code:(4)
Message: Build asset version error: assets/scripts/playermovement.cs in SourceAssetDB has modification time of '2025-05-17T11:11:26.2749379Z' while content on disk has modification time of '2025-05-17T11:18:01.3237271Z'
  ERROR: Build asset version error: assets/scripts/playermovement.cs in SourceAssetDB has modification time of '2025-05-17T11:11:26.2749379Z' while content on disk has modification time of '2025-05-17T11:18:01.3237271Z'
Number of updated asset objects reloaded before import = 0
Number of asset objects unloaded after import = 0
========================================================================
Received Import Request.
  Time since last request: 0.102844 seconds.
  path: Assets/Scripts/PlayerMovement.cs
  artifactKey: Guid(4a38a1d6f3436394481e429c7092361b) Importer(815301076,1909f56bfc062723c751e8b465ee728b)
Start importing Assets/Scripts/PlayerMovement.cs using Guid(4a38a1d6f3436394481e429c7092361b) Importer(815301076,1909f56bfc062723c751e8b465ee728b) [PhysX] Initialized MultithreadedTaskDispatcher with 8 workers.
 -> (artifact id: '00000000000000000000000000000000') in 0.001883 seconds
Import Error Code:(4)
Message: Build asset version error: assets/scripts/playermovement.cs in SourceAssetDB has modification time of '2025-05-17T11:11:26.2749379Z' while content on disk has modification time of '2025-05-17T11:18:01.3237271Z'
  ERROR: Build asset version error: assets/scripts/playermovement.cs in SourceAssetDB has modification time of '2025-05-17T11:11:26.2749379Z' while content on disk has modification time of '2025-05-17T11:18:01.3237271Z'
Number of updated asset objects reloaded before import = 0
Number of asset objects unloaded after import = 0
========================================================================
Received Import Request.
  Time since last request: 0.090768 seconds.
  path: Assets/Scripts/PlayerMovement.cs
  artifactKey: Guid(4a38a1d6f3436394481e429c7092361b) Importer(815301076,1909f56bfc062723c751e8b465ee728b)
Start importing Assets/Scripts/PlayerMovement.cs using Guid(4a38a1d6f3436394481e429c7092361b) Importer(815301076,1909f56bfc062723c751e8b465ee728b) [PhysX] Initialized MultithreadedTaskDispatcher with 8 workers.
 -> (artifact id: '00000000000000000000000000000000') in 0.000988 seconds
Import Error Code:(4)
Message: Build asset version error: assets/scripts/playermovement.cs in SourceAssetDB has modification time of '2025-05-17T11:11:26.2749379Z' while content on disk has modification time of '2025-05-17T11:18:01.3237271Z'
  ERROR: Build asset version error: assets/scripts/playermovement.cs in SourceAssetDB has modification time of '2025-05-17T11:11:26.2749379Z' while content on disk has modification time of '2025-05-17T11:18:01.3237271Z'
Number of updated asset objects reloaded before import = 0
Number of asset objects unloaded after import = 0
========================================================================
Received Import Request.
  Time since last request: 0.102349 seconds.
  path: Assets/Scripts/PlayerMovement.cs
  artifactKey: Guid(4a38a1d6f3436394481e429c7092361b) Importer(815301076,1909f56bfc062723c751e8b465ee728b)
Start importing Assets/Scripts/PlayerMovement.cs using Guid(4a38a1d6f3436394481e429c7092361b) Importer(815301076,1909f56bfc062723c751e8b465ee728b) [PhysX] Initialized MultithreadedTaskDispatcher with 8 workers.
 -> (artifact id: '00000000000000000000000000000000') in 0.001715 seconds
Import Error Code:(4)
Message: Build asset version error: assets/scripts/playermovement.cs in SourceAssetDB has modification time of '2025-05-17T11:11:26.2749379Z' while content on disk has modification time of '2025-05-17T11:18:01.3237271Z'
  ERROR: Build asset version error: assets/scripts/playermovement.cs in SourceAssetDB has modification time of '2025-05-17T11:11:26.2749379Z' while content on disk has modification time of '2025-05-17T11:18:01.3237271Z'
Number of updated asset objects reloaded before import = 0
Number of asset objects unloaded after import = 0
========================================================================
Received Import Request.
  Time since last request: 0.090505 seconds.
  path: Assets/Scripts/PlayerMovement.cs
  artifactKey: Guid(4a38a1d6f3436394481e429c7092361b) Importer(815301076,1909f56bfc062723c751e8b465ee728b)
Start importing Assets/Scripts/PlayerMovement.cs using Guid(4a38a1d6f3436394481e429c7092361b) Importer(815301076,1909f56bfc062723c751e8b465ee728b) [PhysX] Initialized MultithreadedTaskDispatcher with 8 workers.
 -> (artifact id: '00000000000000000000000000000000') in 0.000737 seconds
Import Error Code:(4)
Message: Build asset version error: assets/scripts/playermovement.cs in SourceAssetDB has modification time of '2025-05-17T11:11:26.2749379Z' while content on disk has modification time of '2025-05-17T11:18:01.3237271Z'
  ERROR: Build asset version error: assets/scripts/playermovement.cs in SourceAssetDB has modification time of '2025-05-17T11:11:26.2749379Z' while content on disk has modification time of '2025-05-17T11:18:01.3237271Z'
Number of updated asset objects reloaded before import = 0
Number of asset objects unloaded after import = 0
========================================================================
Received Import Request.
  Time since last request: 0.101326 seconds.
  path: Assets/Scripts/PlayerMovement.cs
  artifactKey: Guid(4a38a1d6f3436394481e429c7092361b) Importer(815301076,1909f56bfc062723c751e8b465ee728b)
Start importing Assets/Scripts/PlayerMovement.cs using Guid(4a38a1d6f3436394481e429c7092361b) Importer(815301076,1909f56bfc062723c751e8b465ee728b) [PhysX] Initialized MultithreadedTaskDispatcher with 8 workers.
 -> (artifact id: '00000000000000000000000000000000') in 0.000836 seconds
Import Error Code:(4)
Message: Build asset version error: assets/scripts/playermovement.cs in SourceAssetDB has modification time of '2025-05-17T11:11:26.2749379Z' while content on disk has modification time of '2025-05-17T11:18:01.3237271Z'
  ERROR: Build asset version error: assets/scripts/playermovement.cs in SourceAssetDB has modification time of '2025-05-17T11:11:26.2749379Z' while content on disk has modification time of '2025-05-17T11:18:01.3237271Z'
Number of updated asset objects reloaded before import = 0
Number of asset objects unloaded after import = 0
========================================================================
Received Import Request.
  Time since last request: 0.099948 seconds.
  path: Assets/Scripts/PlayerMovement.cs
  artifactKey: Guid(4a38a1d6f3436394481e429c7092361b) Importer(815301076,1909f56bfc062723c751e8b465ee728b)
Start importing Assets/Scripts/PlayerMovement.cs using Guid(4a38a1d6f3436394481e429c7092361b) Importer(815301076,1909f56bfc062723c751e8b465ee728b) [PhysX] Initialized MultithreadedTaskDispatcher with 8 workers.
 -> (artifact id: '00000000000000000000000000000000') in 0.000675 seconds
Import Error Code:(4)
Message: Build asset version error: assets/scripts/playermovement.cs in SourceAssetDB has modification time of '2025-05-17T11:11:26.2749379Z' while content on disk has modification time of '2025-05-17T11:18:01.3237271Z'
  ERROR: Build asset version error: assets/scripts/playermovement.cs in SourceAssetDB has modification time of '2025-05-17T11:11:26.2749379Z' while content on disk has modification time of '2025-05-17T11:18:01.3237271Z'
Number of updated asset objects reloaded before import = 0
Number of asset objects unloaded after import = 0
========================================================================
Received Import Request.
  Time since last request: 0.096833 seconds.
  path: Assets/Scripts/PlayerMovement.cs
  artifactKey: Guid(4a38a1d6f3436394481e429c7092361b) Importer(815301076,1909f56bfc062723c751e8b465ee728b)
Start importing Assets/Scripts/PlayerMovement.cs using Guid(4a38a1d6f3436394481e429c7092361b) Importer(815301076,1909f56bfc062723c751e8b465ee728b) [PhysX] Initialized MultithreadedTaskDispatcher with 8 workers.
 -> (artifact id: '00000000000000000000000000000000') in 0.000665 seconds
Import Error Code:(4)
Message: Build asset version error: assets/scripts/playermovement.cs in SourceAssetDB has modification time of '2025-05-17T11:11:26.2749379Z' while content on disk has modification time of '2025-05-17T11:18:01.3237271Z'
  ERROR: Build asset version error: assets/scripts/playermovement.cs in SourceAssetDB has modification time of '2025-05-17T11:11:26.2749379Z' while content on disk has modification time of '2025-05-17T11:18:01.3237271Z'
Number of updated asset objects reloaded before import = 0
Number of asset objects unloaded after import = 0
========================================================================
Received Import Request.
  Time since last request: 0.106385 seconds.
  path: Assets/Scripts/PlayerMovement.cs
  artifactKey: Guid(4a38a1d6f3436394481e429c7092361b) Importer(815301076,1909f56bfc062723c751e8b465ee728b)
Start importing Assets/Scripts/PlayerMovement.cs using Guid(4a38a1d6f3436394481e429c7092361b) Importer(815301076,1909f56bfc062723c751e8b465ee728b) [PhysX] Initialized MultithreadedTaskDispatcher with 8 workers.
 -> (artifact id: '00000000000000000000000000000000') in 0.000757 seconds
Import Error Code:(4)
Message: Build asset version error: assets/scripts/playermovement.cs in SourceAssetDB has modification time of '2025-05-17T11:11:26.2749379Z' while content on disk has modification time of '2025-05-17T11:18:01.3237271Z'
  ERROR: Build asset version error: assets/scripts/playermovement.cs in SourceAssetDB has modification time of '2025-05-17T11:11:26.2749379Z' while content on disk has modification time of '2025-05-17T11:18:01.3237271Z'
Number of updated asset objects reloaded before import = 0
Number of asset objects unloaded after import = 0
========================================================================
Received Import Request.
  Time since last request: 0.092657 seconds.
  path: Assets/Scripts/PlayerMovement.cs
  artifactKey: Guid(4a38a1d6f3436394481e429c7092361b) Importer(815301076,1909f56bfc062723c751e8b465ee728b)
Start importing Assets/Scripts/PlayerMovement.cs using Guid(4a38a1d6f3436394481e429c7092361b) Importer(815301076,1909f56bfc062723c751e8b465ee728b) [PhysX] Initialized MultithreadedTaskDispatcher with 8 workers.
 -> (artifact id: '00000000000000000000000000000000') in 0.000690 seconds
Import Error Code:(4)
Message: Build asset version error: assets/scripts/playermovement.cs in SourceAssetDB has modification time of '2025-05-17T11:11:26.2749379Z' while content on disk has modification time of '2025-05-17T11:18:01.3237271Z'
  ERROR: Build asset version error: assets/scripts/playermovement.cs in SourceAssetDB has modification time of '2025-05-17T11:11:26.2749379Z' while content on disk has modification time of '2025-05-17T11:18:01.3237271Z'
Number of updated asset objects reloaded before import = 0
Number of asset objects unloaded after import = 0
========================================================================
Received Import Request.
  Time since last request: 0.108023 seconds.
  path: Assets/Scripts/PlayerMovement.cs
  artifactKey: Guid(4a38a1d6f3436394481e429c7092361b) Importer(815301076,1909f56bfc062723c751e8b465ee728b)
Start importing Assets/Scripts/PlayerMovement.cs using Guid(4a38a1d6f3436394481e429c7092361b) Importer(815301076,1909f56bfc062723c751e8b465ee728b) [PhysX] Initialized MultithreadedTaskDispatcher with 8 workers.
 -> (artifact id: '00000000000000000000000000000000') in 0.000797 seconds
Import Error Code:(4)
Message: Build asset version error: assets/scripts/playermovement.cs in SourceAssetDB has modification time of '2025-05-17T11:11:26.2749379Z' while content on disk has modification time of '2025-05-17T11:18:01.3237271Z'
  ERROR: Build asset version error: assets/scripts/playermovement.cs in SourceAssetDB has modification time of '2025-05-17T11:11:26.2749379Z' while content on disk has modification time of '2025-05-17T11:18:01.3237271Z'
Number of updated asset objects reloaded before import = 0
Number of asset objects unloaded after import = 0
========================================================================
Received Import Request.
  Time since last request: 0.093695 seconds.
  path: Assets/Scripts/PlayerMovement.cs
  artifactKey: Guid(4a38a1d6f3436394481e429c7092361b) Importer(815301076,1909f56bfc062723c751e8b465ee728b)
Start importing Assets/Scripts/PlayerMovement.cs using Guid(4a38a1d6f3436394481e429c7092361b) Importer(815301076,1909f56bfc062723c751e8b465ee728b) [PhysX] Initialized MultithreadedTaskDispatcher with 8 workers.
 -> (artifact id: '00000000000000000000000000000000') in 0.000575 seconds
Import Error Code:(4)
Message: Build asset version error: assets/scripts/playermovement.cs in SourceAssetDB has modification time of '2025-05-17T11:11:26.2749379Z' while content on disk has modification time of '2025-05-17T11:18:01.3237271Z'
  ERROR: Build asset version error: assets/scripts/playermovement.cs in SourceAssetDB has modification time of '2025-05-17T11:11:26.2749379Z' while content on disk has modification time of '2025-05-17T11:18:01.3237271Z'
Number of updated asset objects reloaded before import = 0
Number of asset objects unloaded after import = 0
========================================================================
Received Import Request.
  Time since last request: 0.092401 seconds.
  path: Assets/Scripts/PlayerMovement.cs
  artifactKey: Guid(4a38a1d6f3436394481e429c7092361b) Importer(815301076,1909f56bfc062723c751e8b465ee728b)
Start importing Assets/Scripts/PlayerMovement.cs using Guid(4a38a1d6f3436394481e429c7092361b) Importer(815301076,1909f56bfc062723c751e8b465ee728b) [PhysX] Initialized MultithreadedTaskDispatcher with 8 workers.
 -> (artifact id: '00000000000000000000000000000000') in 0.000569 seconds
Import Error Code:(4)
Message: Build asset version error: assets/scripts/playermovement.cs in SourceAssetDB has modification time of '2025-05-17T11:11:26.2749379Z' while content on disk has modification time of '2025-05-17T11:18:01.3237271Z'
  ERROR: Build asset version error: assets/scripts/playermovement.cs in SourceAssetDB has modification time of '2025-05-17T11:11:26.2749379Z' while content on disk has modification time of '2025-05-17T11:18:01.3237271Z'
Number of updated asset objects reloaded before import = 0
Number of asset objects unloaded after import = 0
========================================================================
Received Import Request.
  Time since last request: 0.110888 seconds.
  path: Assets/Scripts/PlayerMovement.cs
  artifactKey: Guid(4a38a1d6f3436394481e429c7092361b) Importer(815301076,1909f56bfc062723c751e8b465ee728b)
Start importing Assets/Scripts/PlayerMovement.cs using Guid(4a38a1d6f3436394481e429c7092361b) Importer(815301076,1909f56bfc062723c751e8b465ee728b) [PhysX] Initialized MultithreadedTaskDispatcher with 8 workers.
 -> (artifact id: '00000000000000000000000000000000') in 0.001023 seconds
Import Error Code:(4)
Message: Build asset version error: assets/scripts/playermovement.cs in SourceAssetDB has modification time of '2025-05-17T11:11:26.2749379Z' while content on disk has modification time of '2025-05-17T11:18:01.3237271Z'
  ERROR: Build asset version error: assets/scripts/playermovement.cs in SourceAssetDB has modification time of '2025-05-17T11:11:26.2749379Z' while content on disk has modification time of '2025-05-17T11:18:01.3237271Z'
Number of updated asset objects reloaded before import = 0
Number of asset objects unloaded after import = 0
========================================================================
Received Import Request.
  Time since last request: 0.091151 seconds.
  path: Assets/Scripts/PlayerMovement.cs
  artifactKey: Guid(4a38a1d6f3436394481e429c7092361b) Importer(815301076,1909f56bfc062723c751e8b465ee728b)
Start importing Assets/Scripts/PlayerMovement.cs using Guid(4a38a1d6f3436394481e429c7092361b) Importer(815301076,1909f56bfc062723c751e8b465ee728b) [PhysX] Initialized MultithreadedTaskDispatcher with 8 workers.
 -> (artifact id: '00000000000000000000000000000000') in 0.000751 seconds
Import Error Code:(4)
Message: Build asset version error: assets/scripts/playermovement.cs in SourceAssetDB has modification time of '2025-05-17T11:11:26.2749379Z' while content on disk has modification time of '2025-05-17T11:18:01.3237271Z'
  ERROR: Build asset version error: assets/scripts/playermovement.cs in SourceAssetDB has modification time of '2025-05-17T11:11:26.2749379Z' while content on disk has modification time of '2025-05-17T11:18:01.3237271Z'
Number of updated asset objects reloaded before import = 0
Number of asset objects unloaded after import = 0
========================================================================
Received Import Request.
  Time since last request: 0.105767 seconds.
  path: Assets/Scripts/PlayerMovement.cs
  artifactKey: Guid(4a38a1d6f3436394481e429c7092361b) Importer(815301076,1909f56bfc062723c751e8b465ee728b)
Start importing Assets/Scripts/PlayerMovement.cs using Guid(4a38a1d6f3436394481e429c7092361b) Importer(815301076,1909f56bfc062723c751e8b465ee728b) [PhysX] Initialized MultithreadedTaskDispatcher with 8 workers.
 -> (artifact id: '00000000000000000000000000000000') in 0.001127 seconds
Import Error Code:(4)
Message: Build asset version error: assets/scripts/playermovement.cs in SourceAssetDB has modification time of '2025-05-17T11:11:26.2749379Z' while content on disk has modification time of '2025-05-17T11:18:01.3237271Z'
  ERROR: Build asset version error: assets/scripts/playermovement.cs in SourceAssetDB has modification time of '2025-05-17T11:11:26.2749379Z' while content on disk has modification time of '2025-05-17T11:18:01.3237271Z'
Number of updated asset objects reloaded before import = 0
Number of asset objects unloaded after import = 0
========================================================================
Received Import Request.
  Time since last request: 0.094194 seconds.
  path: Assets/Scripts/PlayerMovement.cs
  artifactKey: Guid(4a38a1d6f3436394481e429c7092361b) Importer(815301076,1909f56bfc062723c751e8b465ee728b)
Start importing Assets/Scripts/PlayerMovement.cs using Guid(4a38a1d6f3436394481e429c7092361b) Importer(815301076,1909f56bfc062723c751e8b465ee728b) [PhysX] Initialized MultithreadedTaskDispatcher with 8 workers.
 -> (artifact id: '00000000000000000000000000000000') in 0.000596 seconds
Import Error Code:(4)
Message: Build asset version error: assets/scripts/playermovement.cs in SourceAssetDB has modification time of '2025-05-17T11:11:26.2749379Z' while content on disk has modification time of '2025-05-17T11:18:01.3237271Z'
  ERROR: Build asset version error: assets/scripts/playermovement.cs in SourceAssetDB has modification time of '2025-05-17T11:11:26.2749379Z' while content on disk has modification time of '2025-05-17T11:18:01.3237271Z'
Number of updated asset objects reloaded before import = 0
Number of asset objects unloaded after import = 0
========================================================================
Received Import Request.
  Time since last request: 0.097713 seconds.
  path: Assets/Scripts/PlayerMovement.cs
  artifactKey: Guid(4a38a1d6f3436394481e429c7092361b) Importer(815301076,1909f56bfc062723c751e8b465ee728b)
Start importing Assets/Scripts/PlayerMovement.cs using Guid(4a38a1d6f3436394481e429c7092361b) Importer(815301076,1909f56bfc062723c751e8b465ee728b) [PhysX] Initialized MultithreadedTaskDispatcher with 8 workers.
 -> (artifact id: '00000000000000000000000000000000') in 0.000860 seconds
Import Error Code:(4)
Message: Build asset version error: assets/scripts/playermovement.cs in SourceAssetDB has modification time of '2025-05-17T11:11:26.2749379Z' while content on disk has modification time of '2025-05-17T11:18:01.3237271Z'
  ERROR: Build asset version error: assets/scripts/playermovement.cs in SourceAssetDB has modification time of '2025-05-17T11:11:26.2749379Z' while content on disk has modification time of '2025-05-17T11:18:01.3237271Z'
Number of updated asset objects reloaded before import = 0
Number of asset objects unloaded after import = 0
========================================================================
Received Import Request.
  Time since last request: 0.103479 seconds.
  path: Assets/Scripts/PlayerMovement.cs
  artifactKey: Guid(4a38a1d6f3436394481e429c7092361b) Importer(815301076,1909f56bfc062723c751e8b465ee728b)
Start importing Assets/Scripts/PlayerMovement.cs using Guid(4a38a1d6f3436394481e429c7092361b) Importer(815301076,1909f56bfc062723c751e8b465ee728b) [PhysX] Initialized MultithreadedTaskDispatcher with 8 workers.
 -> (artifact id: '00000000000000000000000000000000') in 0.000662 seconds
Import Error Code:(4)
Message: Build asset version error: assets/scripts/playermovement.cs in SourceAssetDB has modification time of '2025-05-17T11:11:26.2749379Z' while content on disk has modification time of '2025-05-17T11:18:01.3237271Z'
  ERROR: Build asset version error: assets/scripts/playermovement.cs in SourceAssetDB has modification time of '2025-05-17T11:11:26.2749379Z' while content on disk has modification time of '2025-05-17T11:18:01.3237271Z'
Number of updated asset objects reloaded before import = 0
Number of asset objects unloaded after import = 0
========================================================================
Received Import Request.
  Time since last request: 0.096638 seconds.
  path: Assets/Scripts/PlayerMovement.cs
  artifactKey: Guid(4a38a1d6f3436394481e429c7092361b) Importer(815301076,1909f56bfc062723c751e8b465ee728b)
Start importing Assets/Scripts/PlayerMovement.cs using Guid(4a38a1d6f3436394481e429c7092361b) Importer(815301076,1909f56bfc062723c751e8b465ee728b) [PhysX] Initialized MultithreadedTaskDispatcher with 8 workers.
 -> (artifact id: '00000000000000000000000000000000') in 0.000864 seconds
Import Error Code:(4)
Message: Build asset version error: assets/scripts/playermovement.cs in SourceAssetDB has modification time of '2025-05-17T11:11:26.2749379Z' while content on disk has modification time of '2025-05-17T11:18:01.3237271Z'
  ERROR: Build asset version error: assets/scripts/playermovement.cs in SourceAssetDB has modification time of '2025-05-17T11:11:26.2749379Z' while content on disk has modification time of '2025-05-17T11:18:01.3237271Z'
Number of updated asset objects reloaded before import = 0
Number of asset objects unloaded after import = 0
========================================================================
Received Import Request.
  Time since last request: 0.103479 seconds.
  path: Assets/Scripts/PlayerMovement.cs
  artifactKey: Guid(4a38a1d6f3436394481e429c7092361b) Importer(815301076,1909f56bfc062723c751e8b465ee728b)
Start importing Assets/Scripts/PlayerMovement.cs using Guid(4a38a1d6f3436394481e429c7092361b) Importer(815301076,1909f56bfc062723c751e8b465ee728b) [PhysX] Initialized MultithreadedTaskDispatcher with 8 workers.
 -> (artifact id: '00000000000000000000000000000000') in 0.001045 seconds
Import Error Code:(4)
Message: Build asset version error: assets/scripts/playermovement.cs in SourceAssetDB has modification time of '2025-05-17T11:11:26.2749379Z' while content on disk has modification time of '2025-05-17T11:18:01.3237271Z'
  ERROR: Build asset version error: assets/scripts/playermovement.cs in SourceAssetDB has modification time of '2025-05-17T11:11:26.2749379Z' while content on disk has modification time of '2025-05-17T11:18:01.3237271Z'
Number of updated asset objects reloaded before import = 0
Number of asset objects unloaded after import = 0
========================================================================
Received Import Request.
  Time since last request: 0.093748 seconds.
  path: Assets/Scripts/PlayerMovement.cs
  artifactKey: Guid(4a38a1d6f3436394481e429c7092361b) Importer(815301076,1909f56bfc062723c751e8b465ee728b)
Start importing Assets/Scripts/PlayerMovement.cs using Guid(4a38a1d6f3436394481e429c7092361b) Importer(815301076,1909f56bfc062723c751e8b465ee728b) [PhysX] Initialized MultithreadedTaskDispatcher with 8 workers.
 -> (artifact id: '00000000000000000000000000000000') in 0.001140 seconds
Import Error Code:(4)
Message: Build asset version error: assets/scripts/playermovement.cs in SourceAssetDB has modification time of '2025-05-17T11:11:26.2749379Z' while content on disk has modification time of '2025-05-17T11:18:01.3237271Z'
  ERROR: Build asset version error: assets/scripts/playermovement.cs in SourceAssetDB has modification time of '2025-05-17T11:11:26.2749379Z' while content on disk has modification time of '2025-05-17T11:18:01.3237271Z'
Number of updated asset objects reloaded before import = 0
Number of asset objects unloaded after import = 0
========================================================================
Received Import Request.
  Time since last request: 0.097989 seconds.
  path: Assets/Scripts/PlayerMovement.cs
  artifactKey: Guid(4a38a1d6f3436394481e429c7092361b) Importer(815301076,1909f56bfc062723c751e8b465ee728b)
Start importing Assets/Scripts/PlayerMovement.cs using Guid(4a38a1d6f3436394481e429c7092361b) Importer(815301076,1909f56bfc062723c751e8b465ee728b) [PhysX] Initialized MultithreadedTaskDispatcher with 8 workers.
 -> (artifact id: '00000000000000000000000000000000') in 0.000702 seconds
Import Error Code:(4)
Message: Build asset version error: assets/scripts/playermovement.cs in SourceAssetDB has modification time of '2025-05-17T11:11:26.2749379Z' while content on disk has modification time of '2025-05-17T11:18:01.3237271Z'
  ERROR: Build asset version error: assets/scripts/playermovement.cs in SourceAssetDB has modification time of '2025-05-17T11:11:26.2749379Z' while content on disk has modification time of '2025-05-17T11:18:01.3237271Z'
Number of updated asset objects reloaded before import = 0
Number of asset objects unloaded after import = 0
========================================================================
Received Import Request.
  Time since last request: 0.104575 seconds.
  path: Assets/Scripts/PlayerMovement.cs
  artifactKey: Guid(4a38a1d6f3436394481e429c7092361b) Importer(815301076,1909f56bfc062723c751e8b465ee728b)
Start importing Assets/Scripts/PlayerMovement.cs using Guid(4a38a1d6f3436394481e429c7092361b) Importer(815301076,1909f56bfc062723c751e8b465ee728b) [PhysX] Initialized MultithreadedTaskDispatcher with 8 workers.
 -> (artifact id: '00000000000000000000000000000000') in 0.000976 seconds
Import Error Code:(4)
Message: Build asset version error: assets/scripts/playermovement.cs in SourceAssetDB has modification time of '2025-05-17T11:11:26.2749379Z' while content on disk has modification time of '2025-05-17T11:18:01.3237271Z'
  ERROR: Build asset version error: assets/scripts/playermovement.cs in SourceAssetDB has modification time of '2025-05-17T11:11:26.2749379Z' while content on disk has modification time of '2025-05-17T11:18:01.3237271Z'
Number of updated asset objects reloaded before import = 0
Number of asset objects unloaded after import = 0
========================================================================
Received Import Request.
  Time since last request: 0.104469 seconds.
  path: Assets/Scripts/PlayerMovement.cs
  artifactKey: Guid(4a38a1d6f3436394481e429c7092361b) Importer(815301076,1909f56bfc062723c751e8b465ee728b)
Start importing Assets/Scripts/PlayerMovement.cs using Guid(4a38a1d6f3436394481e429c7092361b) Importer(815301076,1909f56bfc062723c751e8b465ee728b) [PhysX] Initialized MultithreadedTaskDispatcher with 8 workers.
 -> (artifact id: '00000000000000000000000000000000') in 0.000752 seconds
Import Error Code:(4)
Message: Build asset version error: assets/scripts/playermovement.cs in SourceAssetDB has modification time of '2025-05-17T11:11:26.2749379Z' while content on disk has modification time of '2025-05-17T11:18:01.3237271Z'
  ERROR: Build asset version error: assets/scripts/playermovement.cs in SourceAssetDB has modification time of '2025-05-17T11:11:26.2749379Z' while content on disk has modification time of '2025-05-17T11:18:01.3237271Z'
Number of updated asset objects reloaded before import = 0
Number of asset objects unloaded after import = 0
========================================================================
Received Import Request.
  Time since last request: 0.098567 seconds.
  path: Assets/Scripts/PlayerMovement.cs
  artifactKey: Guid(4a38a1d6f3436394481e429c7092361b) Importer(815301076,1909f56bfc062723c751e8b465ee728b)
Start importing Assets/Scripts/PlayerMovement.cs using Guid(4a38a1d6f3436394481e429c7092361b) Importer(815301076,1909f56bfc062723c751e8b465ee728b) [PhysX] Initialized MultithreadedTaskDispatcher with 8 workers.
 -> (artifact id: '00000000000000000000000000000000') in 0.001093 seconds
Import Error Code:(4)
Message: Build asset version error: assets/scripts/playermovement.cs in SourceAssetDB has modification time of '2025-05-17T11:11:26.2749379Z' while content on disk has modification time of '2025-05-17T11:18:01.3237271Z'
  ERROR: Build asset version error: assets/scripts/playermovement.cs in SourceAssetDB has modification time of '2025-05-17T11:11:26.2749379Z' while content on disk has modification time of '2025-05-17T11:18:01.3237271Z'
Number of updated asset objects reloaded before import = 0
Number of asset objects unloaded after import = 0
========================================================================
Received Import Request.
  Time since last request: 0.104385 seconds.
  path: Assets/Scripts/PlayerMovement.cs
  artifactKey: Guid(4a38a1d6f3436394481e429c7092361b) Importer(815301076,1909f56bfc062723c751e8b465ee728b)
Start importing Assets/Scripts/PlayerMovement.cs using Guid(4a38a1d6f3436394481e429c7092361b) Importer(815301076,1909f56bfc062723c751e8b465ee728b) [PhysX] Initialized MultithreadedTaskDispatcher with 8 workers.
 -> (artifact id: '00000000000000000000000000000000') in 0.003935 seconds
Import Error Code:(4)
Message: Build asset version error: assets/scripts/playermovement.cs in SourceAssetDB has modification time of '2025-05-17T11:11:26.2749379Z' while content on disk has modification time of '2025-05-17T11:18:01.3237271Z'
  ERROR: Build asset version error: assets/scripts/playermovement.cs in SourceAssetDB has modification time of '2025-05-17T11:11:26.2749379Z' while content on disk has modification time of '2025-05-17T11:18:01.3237271Z'
Number of updated asset objects reloaded before import = 0
Number of asset objects unloaded after import = 0
========================================================================
Received Import Request.
  Time since last request: 0.019933 seconds.
  path: Assets/Scripts/PlayerMovement.cs
  artifactKey: Guid(4a38a1d6f3436394481e429c7092361b) Importer(815301076,1909f56bfc062723c751e8b465ee728b)
Start importing Assets/Scripts/PlayerMovement.cs using Guid(4a38a1d6f3436394481e429c7092361b) Importer(815301076,1909f56bfc062723c751e8b465ee728b) [PhysX] Initialized MultithreadedTaskDispatcher with 8 workers.
 -> (artifact id: '00000000000000000000000000000000') in 0.000572 seconds
Import Error Code:(4)
Message: Build asset version error: assets/scripts/playermovement.cs in SourceAssetDB has modification time of '2025-05-17T11:11:26.2749379Z' while content on disk has modification time of '2025-05-17T11:18:01.3237271Z'
  ERROR: Build asset version error: assets/scripts/playermovement.cs in SourceAssetDB has modification time of '2025-05-17T11:11:26.2749379Z' while content on disk has modification time of '2025-05-17T11:18:01.3237271Z'
Number of updated asset objects reloaded before import = 0
Number of asset objects unloaded after import = 0
========================================================================
Received Import Request.
  Time since last request: 0.077942 seconds.
  path: Assets/Scripts/PlayerMovement.cs
  artifactKey: Guid(4a38a1d6f3436394481e429c7092361b) Importer(815301076,1909f56bfc062723c751e8b465ee728b)
Start importing Assets/Scripts/PlayerMovement.cs using Guid(4a38a1d6f3436394481e429c7092361b) Importer(815301076,1909f56bfc062723c751e8b465ee728b) [PhysX] Initialized MultithreadedTaskDispatcher with 8 workers.
 -> (artifact id: '00000000000000000000000000000000') in 0.000676 seconds
Import Error Code:(4)
Message: Build asset version error: assets/scripts/playermovement.cs in SourceAssetDB has modification time of '2025-05-17T11:11:26.2749379Z' while content on disk has modification time of '2025-05-17T11:18:01.3237271Z'
  ERROR: Build asset version error: assets/scripts/playermovement.cs in SourceAssetDB has modification time of '2025-05-17T11:11:26.2749379Z' while content on disk has modification time of '2025-05-17T11:18:01.3237271Z'
Number of updated asset objects reloaded before import = 0
Number of asset objects unloaded after import = 0
========================================================================
Received Import Request.
  Time since last request: 0.101681 seconds.
  path: Assets/Scripts/PlayerMovement.cs
  artifactKey: Guid(4a38a1d6f3436394481e429c7092361b) Importer(815301076,1909f56bfc062723c751e8b465ee728b)
Start importing Assets/Scripts/PlayerMovement.cs using Guid(4a38a1d6f3436394481e429c7092361b) Importer(815301076,1909f56bfc062723c751e8b465ee728b) [PhysX] Initialized MultithreadedTaskDispatcher with 8 workers.
 -> (artifact id: '00000000000000000000000000000000') in 0.000683 seconds
Import Error Code:(4)
Message: Build asset version error: assets/scripts/playermovement.cs in SourceAssetDB has modification time of '2025-05-17T11:11:26.2749379Z' while content on disk has modification time of '2025-05-17T11:18:01.3237271Z'
  ERROR: Build asset version error: assets/scripts/playermovement.cs in SourceAssetDB has modification time of '2025-05-17T11:11:26.2749379Z' while content on disk has modification time of '2025-05-17T11:18:01.3237271Z'
Number of updated asset objects reloaded before import = 0
Number of asset objects unloaded after import = 0
========================================================================
Received Import Request.
  Time since last request: 0.101504 seconds.
  path: Assets/Scripts/PlayerMovement.cs
  artifactKey: Guid(4a38a1d6f3436394481e429c7092361b) Importer(815301076,1909f56bfc062723c751e8b465ee728b)
Start importing Assets/Scripts/PlayerMovement.cs using Guid(4a38a1d6f3436394481e429c7092361b) Importer(815301076,1909f56bfc062723c751e8b465ee728b) [PhysX] Initialized MultithreadedTaskDispatcher with 8 workers.
 -> (artifact id: '00000000000000000000000000000000') in 0.000864 seconds
Import Error Code:(4)
Message: Build asset version error: assets/scripts/playermovement.cs in SourceAssetDB has modification time of '2025-05-17T11:11:26.2749379Z' while content on disk has modification time of '2025-05-17T11:18:01.3237271Z'
  ERROR: Build asset version error: assets/scripts/playermovement.cs in SourceAssetDB has modification time of '2025-05-17T11:11:26.2749379Z' while content on disk has modification time of '2025-05-17T11:18:01.3237271Z'
Number of updated asset objects reloaded before import = 0
Number of asset objects unloaded after import = 0
========================================================================
Received Import Request.
  Time since last request: 0.089785 seconds.
  path: Assets/Scripts/PlayerMovement.cs
  artifactKey: Guid(4a38a1d6f3436394481e429c7092361b) Importer(815301076,1909f56bfc062723c751e8b465ee728b)
Start importing Assets/Scripts/PlayerMovement.cs using Guid(4a38a1d6f3436394481e429c7092361b) Importer(815301076,1909f56bfc062723c751e8b465ee728b) [PhysX] Initialized MultithreadedTaskDispatcher with 8 workers.
 -> (artifact id: '00000000000000000000000000000000') in 0.000639 seconds
Import Error Code:(4)
Message: Build asset version error: assets/scripts/playermovement.cs in SourceAssetDB has modification time of '2025-05-17T11:11:26.2749379Z' while content on disk has modification time of '2025-05-17T11:18:01.3237271Z'
  ERROR: Build asset version error: assets/scripts/playermovement.cs in SourceAssetDB has modification time of '2025-05-17T11:11:26.2749379Z' while content on disk has modification time of '2025-05-17T11:18:01.3237271Z'
Number of updated asset objects reloaded before import = 0
Number of asset objects unloaded after import = 0
========================================================================
Received Import Request.
  Time since last request: 0.003861 seconds.
  path: Assets/Scripts/PlayerMovement.cs
  artifactKey: Guid(4a38a1d6f3436394481e429c7092361b) Importer(815301076,1909f56bfc062723c751e8b465ee728b)
Start importing Assets/Scripts/PlayerMovement.cs using Guid(4a38a1d6f3436394481e429c7092361b) Importer(815301076,1909f56bfc062723c751e8b465ee728b) [PhysX] Initialized MultithreadedTaskDispatcher with 8 workers.
 -> (artifact id: '00000000000000000000000000000000') in 0.001076 seconds
Import Error Code:(4)
Message: Build asset version error: assets/scripts/playermovement.cs in SourceAssetDB has modification time of '2025-05-17T11:11:26.2749379Z' while content on disk has modification time of '2025-05-17T11:18:01.3237271Z'
  ERROR: Build asset version error: assets/scripts/playermovement.cs in SourceAssetDB has modification time of '2025-05-17T11:11:26.2749379Z' while content on disk has modification time of '2025-05-17T11:18:01.3237271Z'
Number of updated asset objects reloaded before import = 0
Number of asset objects unloaded after import = 0
========================================================================
Received Import Request.
  Time since last request: 0.084188 seconds.
  path: Assets/Scripts/PlayerMovement.cs
  artifactKey: Guid(4a38a1d6f3436394481e429c7092361b) Importer(815301076,1909f56bfc062723c751e8b465ee728b)
Start importing Assets/Scripts/PlayerMovement.cs using Guid(4a38a1d6f3436394481e429c7092361b) Importer(815301076,1909f56bfc062723c751e8b465ee728b) [PhysX] Initialized MultithreadedTaskDispatcher with 8 workers.
 -> (artifact id: '00000000000000000000000000000000') in 0.001507 seconds
Import Error Code:(4)
Message: Build asset version error: assets/scripts/playermovement.cs in SourceAssetDB has modification time of '2025-05-17T11:11:26.2749379Z' while content on disk has modification time of '2025-05-17T11:18:01.3237271Z'
  ERROR: Build asset version error: assets/scripts/playermovement.cs in SourceAssetDB has modification time of '2025-05-17T11:11:26.2749379Z' while content on disk has modification time of '2025-05-17T11:18:01.3237271Z'
Number of updated asset objects reloaded before import = 0
Number of asset objects unloaded after import = 0
========================================================================
Received Import Request.
  Time since last request: 0.098410 seconds.
  path: Assets/Scripts/PlayerMovement.cs
  artifactKey: Guid(4a38a1d6f3436394481e429c7092361b) Importer(815301076,1909f56bfc062723c751e8b465ee728b)
Start importing Assets/Scripts/PlayerMovement.cs using Guid(4a38a1d6f3436394481e429c7092361b) Importer(815301076,1909f56bfc062723c751e8b465ee728b) [PhysX] Initialized MultithreadedTaskDispatcher with 8 workers.
 -> (artifact id: '00000000000000000000000000000000') in 0.000682 seconds
Import Error Code:(4)
Message: Build asset version error: assets/scripts/playermovement.cs in SourceAssetDB has modification time of '2025-05-17T11:11:26.2749379Z' while content on disk has modification time of '2025-05-17T11:18:01.3237271Z'
  ERROR: Build asset version error: assets/scripts/playermovement.cs in SourceAssetDB has modification time of '2025-05-17T11:11:26.2749379Z' while content on disk has modification time of '2025-05-17T11:18:01.3237271Z'
Number of updated asset objects reloaded before import = 0
Number of asset objects unloaded after import = 0
========================================================================
Received Import Request.
  Time since last request: 0.094413 seconds.
  path: Assets/Scripts/PlayerMovement.cs
  artifactKey: Guid(4a38a1d6f3436394481e429c7092361b) Importer(815301076,1909f56bfc062723c751e8b465ee728b)
Start importing Assets/Scripts/PlayerMovement.cs using Guid(4a38a1d6f3436394481e429c7092361b) Importer(815301076,1909f56bfc062723c751e8b465ee728b) [PhysX] Initialized MultithreadedTaskDispatcher with 8 workers.
 -> (artifact id: '00000000000000000000000000000000') in 0.000695 seconds
Import Error Code:(4)
Message: Build asset version error: assets/scripts/playermovement.cs in SourceAssetDB has modification time of '2025-05-17T11:11:26.2749379Z' while content on disk has modification time of '2025-05-17T11:18:01.3237271Z'
  ERROR: Build asset version error: assets/scripts/playermovement.cs in SourceAssetDB has modification time of '2025-05-17T11:11:26.2749379Z' while content on disk has modification time of '2025-05-17T11:18:01.3237271Z'
Number of updated asset objects reloaded before import = 0
Number of asset objects unloaded after import = 0
========================================================================
Received Import Request.
  Time since last request: 0.097986 seconds.
  path: Assets/Scripts/PlayerMovement.cs
  artifactKey: Guid(4a38a1d6f3436394481e429c7092361b) Importer(815301076,1909f56bfc062723c751e8b465ee728b)
Start importing Assets/Scripts/PlayerMovement.cs using Guid(4a38a1d6f3436394481e429c7092361b) Importer(815301076,1909f56bfc062723c751e8b465ee728b) [PhysX] Initialized MultithreadedTaskDispatcher with 8 workers.
 -> (artifact id: '00000000000000000000000000000000') in 0.001318 seconds
Import Error Code:(4)
Message: Build asset version error: assets/scripts/playermovement.cs in SourceAssetDB has modification time of '2025-05-17T11:11:26.2749379Z' while content on disk has modification time of '2025-05-17T11:18:01.3237271Z'
  ERROR: Build asset version error: assets/scripts/playermovement.cs in SourceAssetDB has modification time of '2025-05-17T11:11:26.2749379Z' while content on disk has modification time of '2025-05-17T11:18:01.3237271Z'
Number of updated asset objects reloaded before import = 0
Number of asset objects unloaded after import = 0
========================================================================
Received Import Request.
  Time since last request: 0.100508 seconds.
  path: Assets/Scripts/PlayerMovement.cs
  artifactKey: Guid(4a38a1d6f3436394481e429c7092361b) Importer(815301076,1909f56bfc062723c751e8b465ee728b)
Start importing Assets/Scripts/PlayerMovement.cs using Guid(4a38a1d6f3436394481e429c7092361b) Importer(815301076,1909f56bfc062723c751e8b465ee728b) [PhysX] Initialized MultithreadedTaskDispatcher with 8 workers.
 -> (artifact id: '00000000000000000000000000000000') in 0.000654 seconds
Import Error Code:(4)
Message: Build asset version error: assets/scripts/playermovement.cs in SourceAssetDB has modification time of '2025-05-17T11:11:26.2749379Z' while content on disk has modification time of '2025-05-17T11:18:01.3237271Z'
  ERROR: Build asset version error: assets/scripts/playermovement.cs in SourceAssetDB has modification time of '2025-05-17T11:11:26.2749379Z' while content on disk has modification time of '2025-05-17T11:18:01.3237271Z'
Number of updated asset objects reloaded before import = 0
Number of asset objects unloaded after import = 0
========================================================================
Received Import Request.
  Time since last request: 0.099715 seconds.
  path: Assets/Scripts/PlayerMovement.cs
  artifactKey: Guid(4a38a1d6f3436394481e429c7092361b) Importer(815301076,1909f56bfc062723c751e8b465ee728b)
Start importing Assets/Scripts/PlayerMovement.cs using Guid(4a38a1d6f3436394481e429c7092361b) Importer(815301076,1909f56bfc062723c751e8b465ee728b) [PhysX] Initialized MultithreadedTaskDispatcher with 8 workers.
 -> (artifact id: '00000000000000000000000000000000') in 0.000689 seconds
Import Error Code:(4)
Message: Build asset version error: assets/scripts/playermovement.cs in SourceAssetDB has modification time of '2025-05-17T11:11:26.2749379Z' while content on disk has modification time of '2025-05-17T11:18:01.3237271Z'
  ERROR: Build asset version error: assets/scripts/playermovement.cs in SourceAssetDB has modification time of '2025-05-17T11:11:26.2749379Z' while content on disk has modification time of '2025-05-17T11:18:01.3237271Z'
Number of updated asset objects reloaded before import = 0
Number of asset objects unloaded after import = 0
========================================================================
Received Import Request.
  Time since last request: 0.094034 seconds.
  path: Assets/Scripts/PlayerMovement.cs
  artifactKey: Guid(4a38a1d6f3436394481e429c7092361b) Importer(815301076,1909f56bfc062723c751e8b465ee728b)
Start importing Assets/Scripts/PlayerMovement.cs using Guid(4a38a1d6f3436394481e429c7092361b) Importer(815301076,1909f56bfc062723c751e8b465ee728b) [PhysX] Initialized MultithreadedTaskDispatcher with 8 workers.
 -> (artifact id: '00000000000000000000000000000000') in 0.000918 seconds
Import Error Code:(4)
Message: Build asset version error: assets/scripts/playermovement.cs in SourceAssetDB has modification time of '2025-05-17T11:11:26.2749379Z' while content on disk has modification time of '2025-05-17T11:18:01.3237271Z'
  ERROR: Build asset version error: assets/scripts/playermovement.cs in SourceAssetDB has modification time of '2025-05-17T11:11:26.2749379Z' while content on disk has modification time of '2025-05-17T11:18:01.3237271Z'
Number of updated asset objects reloaded before import = 0
Number of asset objects unloaded after import = 0
========================================================================
Received Import Request.
  Time since last request: 0.097313 seconds.
  path: Assets/Scripts/PlayerMovement.cs
  artifactKey: Guid(4a38a1d6f3436394481e429c7092361b) Importer(815301076,1909f56bfc062723c751e8b465ee728b)
Start importing Assets/Scripts/PlayerMovement.cs using Guid(4a38a1d6f3436394481e429c7092361b) Importer(815301076,1909f56bfc062723c751e8b465ee728b) [PhysX] Initialized MultithreadedTaskDispatcher with 8 workers.
 -> (artifact id: '00000000000000000000000000000000') in 0.000734 seconds
Import Error Code:(4)
Message: Build asset version error: assets/scripts/playermovement.cs in SourceAssetDB has modification time of '2025-05-17T11:11:26.2749379Z' while content on disk has modification time of '2025-05-17T11:18:01.3237271Z'
  ERROR: Build asset version error: assets/scripts/playermovement.cs in SourceAssetDB has modification time of '2025-05-17T11:11:26.2749379Z' while content on disk has modification time of '2025-05-17T11:18:01.3237271Z'
Number of updated asset objects reloaded before import = 0
Number of asset objects unloaded after import = 0
========================================================================
Received Import Request.
  Time since last request: 0.101927 seconds.
  path: Assets/Scripts/PlayerMovement.cs
  artifactKey: Guid(4a38a1d6f3436394481e429c7092361b) Importer(815301076,1909f56bfc062723c751e8b465ee728b)
Start importing Assets/Scripts/PlayerMovement.cs using Guid(4a38a1d6f3436394481e429c7092361b) Importer(815301076,1909f56bfc062723c751e8b465ee728b) [PhysX] Initialized MultithreadedTaskDispatcher with 8 workers.
 -> (artifact id: '00000000000000000000000000000000') in 0.000608 seconds
Import Error Code:(4)
Message: Build asset version error: assets/scripts/playermovement.cs in SourceAssetDB has modification time of '2025-05-17T11:11:26.2749379Z' while content on disk has modification time of '2025-05-17T11:18:01.3237271Z'
  ERROR: Build asset version error: assets/scripts/playermovement.cs in SourceAssetDB has modification time of '2025-05-17T11:11:26.2749379Z' while content on disk has modification time of '2025-05-17T11:18:01.3237271Z'
Number of updated asset objects reloaded before import = 0
Number of asset objects unloaded after import = 0
========================================================================
Received Import Request.
  Time since last request: 0.098008 seconds.
  path: Assets/Scripts/PlayerMovement.cs
  artifactKey: Guid(4a38a1d6f3436394481e429c7092361b) Importer(815301076,1909f56bfc062723c751e8b465ee728b)
Start importing Assets/Scripts/PlayerMovement.cs using Guid(4a38a1d6f3436394481e429c7092361b) Importer(815301076,1909f56bfc062723c751e8b465ee728b) [PhysX] Initialized MultithreadedTaskDispatcher with 8 workers.
 -> (artifact id: '00000000000000000000000000000000') in 0.001632 seconds
Import Error Code:(4)
Message: Build asset version error: assets/scripts/playermovement.cs in SourceAssetDB has modification time of '2025-05-17T11:11:26.2749379Z' while content on disk has modification time of '2025-05-17T11:18:01.3237271Z'
  ERROR: Build asset version error: assets/scripts/playermovement.cs in SourceAssetDB has modification time of '2025-05-17T11:11:26.2749379Z' while content on disk has modification time of '2025-05-17T11:18:01.3237271Z'
Number of updated asset objects reloaded before import = 0
Number of asset objects unloaded after import = 0
========================================================================
Received Import Request.
  Time since last request: 0.102945 seconds.
  path: Assets/Scripts/PlayerMovement.cs
  artifactKey: Guid(4a38a1d6f3436394481e429c7092361b) Importer(815301076,1909f56bfc062723c751e8b465ee728b)
Start importing Assets/Scripts/PlayerMovement.cs using Guid(4a38a1d6f3436394481e429c7092361b) Importer(815301076,1909f56bfc062723c751e8b465ee728b) [PhysX] Initialized MultithreadedTaskDispatcher with 8 workers.
 -> (artifact id: '00000000000000000000000000000000') in 0.002023 seconds
Import Error Code:(4)
Message: Build asset version error: assets/scripts/playermovement.cs in SourceAssetDB has modification time of '2025-05-17T11:11:26.2749379Z' while content on disk has modification time of '2025-05-17T11:18:01.3237271Z'
  ERROR: Build asset version error: assets/scripts/playermovement.cs in SourceAssetDB has modification time of '2025-05-17T11:11:26.2749379Z' while content on disk has modification time of '2025-05-17T11:18:01.3237271Z'
Number of updated asset objects reloaded before import = 0
Number of asset objects unloaded after import = 0
========================================================================
Received Import Request.
  Time since last request: 0.088044 seconds.
  path: Assets/Scripts/PlayerMovement.cs
  artifactKey: Guid(4a38a1d6f3436394481e429c7092361b) Importer(815301076,1909f56bfc062723c751e8b465ee728b)
Start importing Assets/Scripts/PlayerMovement.cs using Guid(4a38a1d6f3436394481e429c7092361b) Importer(815301076,1909f56bfc062723c751e8b465ee728b) [PhysX] Initialized MultithreadedTaskDispatcher with 8 workers.
 -> (artifact id: '00000000000000000000000000000000') in 0.000738 seconds
Import Error Code:(4)
Message: Build asset version error: assets/scripts/playermovement.cs in SourceAssetDB has modification time of '2025-05-17T11:11:26.2749379Z' while content on disk has modification time of '2025-05-17T11:18:01.3237271Z'
  ERROR: Build asset version error: assets/scripts/playermovement.cs in SourceAssetDB has modification time of '2025-05-17T11:11:26.2749379Z' while content on disk has modification time of '2025-05-17T11:18:01.3237271Z'
Number of updated asset objects reloaded before import = 0
Number of asset objects unloaded after import = 0
========================================================================
Received Import Request.
  Time since last request: 0.106620 seconds.
  path: Assets/Scripts/PlayerMovement.cs
  artifactKey: Guid(4a38a1d6f3436394481e429c7092361b) Importer(815301076,1909f56bfc062723c751e8b465ee728b)
Start importing Assets/Scripts/PlayerMovement.cs using Guid(4a38a1d6f3436394481e429c7092361b) Importer(815301076,1909f56bfc062723c751e8b465ee728b) [PhysX] Initialized MultithreadedTaskDispatcher with 8 workers.
 -> (artifact id: '00000000000000000000000000000000') in 0.000677 seconds
Import Error Code:(4)
Message: Build asset version error: assets/scripts/playermovement.cs in SourceAssetDB has modification time of '2025-05-17T11:11:26.2749379Z' while content on disk has modification time of '2025-05-17T11:18:01.3237271Z'
  ERROR: Build asset version error: assets/scripts/playermovement.cs in SourceAssetDB has modification time of '2025-05-17T11:11:26.2749379Z' while content on disk has modification time of '2025-05-17T11:18:01.3237271Z'
Number of updated asset objects reloaded before import = 0
Number of asset objects unloaded after import = 0
========================================================================
Received Import Request.
  Time since last request: 0.093703 seconds.
  path: Assets/Scripts/PlayerMovement.cs
  artifactKey: Guid(4a38a1d6f3436394481e429c7092361b) Importer(815301076,1909f56bfc062723c751e8b465ee728b)
Start importing Assets/Scripts/PlayerMovement.cs using Guid(4a38a1d6f3436394481e429c7092361b) Importer(815301076,1909f56bfc062723c751e8b465ee728b) [PhysX] Initialized MultithreadedTaskDispatcher with 8 workers.
 -> (artifact id: '00000000000000000000000000000000') in 0.000613 seconds
Import Error Code:(4)
Message: Build asset version error: assets/scripts/playermovement.cs in SourceAssetDB has modification time of '2025-05-17T11:11:26.2749379Z' while content on disk has modification time of '2025-05-17T11:18:01.3237271Z'
  ERROR: Build asset version error: assets/scripts/playermovement.cs in SourceAssetDB has modification time of '2025-05-17T11:11:26.2749379Z' while content on disk has modification time of '2025-05-17T11:18:01.3237271Z'
Number of updated asset objects reloaded before import = 0
Number of asset objects unloaded after import = 0
========================================================================
Received Import Request.
  Time since last request: 0.091588 seconds.
  path: Assets/Scripts/PlayerMovement.cs
  artifactKey: Guid(4a38a1d6f3436394481e429c7092361b) Importer(815301076,1909f56bfc062723c751e8b465ee728b)
Start importing Assets/Scripts/PlayerMovement.cs using Guid(4a38a1d6f3436394481e429c7092361b) Importer(815301076,1909f56bfc062723c751e8b465ee728b) [PhysX] Initialized MultithreadedTaskDispatcher with 8 workers.
 -> (artifact id: '00000000000000000000000000000000') in 0.000579 seconds
Import Error Code:(4)
Message: Build asset version error: assets/scripts/playermovement.cs in SourceAssetDB has modification time of '2025-05-17T11:11:26.2749379Z' while content on disk has modification time of '2025-05-17T11:18:01.3237271Z'
  ERROR: Build asset version error: assets/scripts/playermovement.cs in SourceAssetDB has modification time of '2025-05-17T11:11:26.2749379Z' while content on disk has modification time of '2025-05-17T11:18:01.3237271Z'
Number of updated asset objects reloaded before import = 0
Number of asset objects unloaded after import = 0
========================================================================
Received Import Request.
  Time since last request: 0.008677 seconds.
  path: Assets/Scripts/PlayerMovement.cs
  artifactKey: Guid(4a38a1d6f3436394481e429c7092361b) Importer(815301076,1909f56bfc062723c751e8b465ee728b)
Start importing Assets/Scripts/PlayerMovement.cs using Guid(4a38a1d6f3436394481e429c7092361b) Importer(815301076,1909f56bfc062723c751e8b465ee728b) [PhysX] Initialized MultithreadedTaskDispatcher with 8 workers.
 -> (artifact id: '00000000000000000000000000000000') in 0.000816 seconds
Import Error Code:(4)
Message: Build asset version error: assets/scripts/playermovement.cs in SourceAssetDB has modification time of '2025-05-17T11:11:26.2749379Z' while content on disk has modification time of '2025-05-17T11:18:01.3237271Z'
  ERROR: Build asset version error: assets/scripts/playermovement.cs in SourceAssetDB has modification time of '2025-05-17T11:11:26.2749379Z' while content on disk has modification time of '2025-05-17T11:18:01.3237271Z'
Number of updated asset objects reloaded before import = 0
Number of asset objects unloaded after import = 0
========================================================================
Received Import Request.
  Time since last request: 0.075611 seconds.
  path: Assets/Scripts/PlayerMovement.cs
  artifactKey: Guid(4a38a1d6f3436394481e429c7092361b) Importer(815301076,1909f56bfc062723c751e8b465ee728b)
Start importing Assets/Scripts/PlayerMovement.cs using Guid(4a38a1d6f3436394481e429c7092361b) Importer(815301076,1909f56bfc062723c751e8b465ee728b) [PhysX] Initialized MultithreadedTaskDispatcher with 8 workers.
 -> (artifact id: '00000000000000000000000000000000') in 0.000785 seconds
Import Error Code:(4)
Message: Build asset version error: assets/scripts/playermovement.cs in SourceAssetDB has modification time of '2025-05-17T11:11:26.2749379Z' while content on disk has modification time of '2025-05-17T11:18:01.3237271Z'
  ERROR: Build asset version error: assets/scripts/playermovement.cs in SourceAssetDB has modification time of '2025-05-17T11:11:26.2749379Z' while content on disk has modification time of '2025-05-17T11:18:01.3237271Z'
Number of updated asset objects reloaded before import = 0
Number of asset objects unloaded after import = 0
========================================================================
Received Import Request.
  Time since last request: 0.095543 seconds.
  path: Assets/Scripts/PlayerMovement.cs
  artifactKey: Guid(4a38a1d6f3436394481e429c7092361b) Importer(815301076,1909f56bfc062723c751e8b465ee728b)
Start importing Assets/Scripts/PlayerMovement.cs using Guid(4a38a1d6f3436394481e429c7092361b) Importer(815301076,1909f56bfc062723c751e8b465ee728b) [PhysX] Initialized MultithreadedTaskDispatcher with 8 workers.
 -> (artifact id: '00000000000000000000000000000000') in 0.000929 seconds
Import Error Code:(4)
Message: Build asset version error: assets/scripts/playermovement.cs in SourceAssetDB has modification time of '2025-05-17T11:11:26.2749379Z' while content on disk has modification time of '2025-05-17T11:18:01.3237271Z'
  ERROR: Build asset version error: assets/scripts/playermovement.cs in SourceAssetDB has modification time of '2025-05-17T11:11:26.2749379Z' while content on disk has modification time of '2025-05-17T11:18:01.3237271Z'
Number of updated asset objects reloaded before import = 0
Number of asset objects unloaded after import = 0
========================================================================
Received Import Request.
  Time since last request: 0.107716 seconds.
  path: Assets/Scripts/PlayerMovement.cs
  artifactKey: Guid(4a38a1d6f3436394481e429c7092361b) Importer(815301076,1909f56bfc062723c751e8b465ee728b)
Start importing Assets/Scripts/PlayerMovement.cs using Guid(4a38a1d6f3436394481e429c7092361b) Importer(815301076,1909f56bfc062723c751e8b465ee728b) [PhysX] Initialized MultithreadedTaskDispatcher with 8 workers.
 -> (artifact id: '00000000000000000000000000000000') in 0.000684 seconds
Import Error Code:(4)
Message: Build asset version error: assets/scripts/playermovement.cs in SourceAssetDB has modification time of '2025-05-17T11:11:26.2749379Z' while content on disk has modification time of '2025-05-17T11:18:01.3237271Z'
  ERROR: Build asset version error: assets/scripts/playermovement.cs in SourceAssetDB has modification time of '2025-05-17T11:11:26.2749379Z' while content on disk has modification time of '2025-05-17T11:18:01.3237271Z'
Number of updated asset objects reloaded before import = 0
Number of asset objects unloaded after import = 0
========================================================================
Received Import Request.
  Time since last request: 0.091675 seconds.
  path: Assets/Scripts/PlayerMovement.cs
  artifactKey: Guid(4a38a1d6f3436394481e429c7092361b) Importer(815301076,1909f56bfc062723c751e8b465ee728b)
Start importing Assets/Scripts/PlayerMovement.cs using Guid(4a38a1d6f3436394481e429c7092361b) Importer(815301076,1909f56bfc062723c751e8b465ee728b) [PhysX] Initialized MultithreadedTaskDispatcher with 8 workers.
 -> (artifact id: '00000000000000000000000000000000') in 0.000713 seconds
Import Error Code:(4)
Message: Build asset version error: assets/scripts/playermovement.cs in SourceAssetDB has modification time of '2025-05-17T11:11:26.2749379Z' while content on disk has modification time of '2025-05-17T11:18:01.3237271Z'
  ERROR: Build asset version error: assets/scripts/playermovement.cs in SourceAssetDB has modification time of '2025-05-17T11:11:26.2749379Z' while content on disk has modification time of '2025-05-17T11:18:01.3237271Z'
Number of updated asset objects reloaded before import = 0
Number of asset objects unloaded after import = 0
========================================================================
Received Import Request.
  Time since last request: 0.095469 seconds.
  path: Assets/Scripts/PlayerMovement.cs
  artifactKey: Guid(4a38a1d6f3436394481e429c7092361b) Importer(815301076,1909f56bfc062723c751e8b465ee728b)
Start importing Assets/Scripts/PlayerMovement.cs using Guid(4a38a1d6f3436394481e429c7092361b) Importer(815301076,1909f56bfc062723c751e8b465ee728b) [PhysX] Initialized MultithreadedTaskDispatcher with 8 workers.
 -> (artifact id: '00000000000000000000000000000000') in 0.000758 seconds
Import Error Code:(4)
Message: Build asset version error: assets/scripts/playermovement.cs in SourceAssetDB has modification time of '2025-05-17T11:11:26.2749379Z' while content on disk has modification time of '2025-05-17T11:18:01.3237271Z'
  ERROR: Build asset version error: assets/scripts/playermovement.cs in SourceAssetDB has modification time of '2025-05-17T11:11:26.2749379Z' while content on disk has modification time of '2025-05-17T11:18:01.3237271Z'
Number of updated asset objects reloaded before import = 0
Number of asset objects unloaded after import = 0
========================================================================
Received Import Request.
  Time since last request: 0.111235 seconds.
  path: Assets/Scripts/PlayerMovement.cs
  artifactKey: Guid(4a38a1d6f3436394481e429c7092361b) Importer(815301076,1909f56bfc062723c751e8b465ee728b)
Start importing Assets/Scripts/PlayerMovement.cs using Guid(4a38a1d6f3436394481e429c7092361b) Importer(815301076,1909f56bfc062723c751e8b465ee728b) [PhysX] Initialized MultithreadedTaskDispatcher with 8 workers.
 -> (artifact id: '00000000000000000000000000000000') in 0.001126 seconds
Import Error Code:(4)
Message: Build asset version error: assets/scripts/playermovement.cs in SourceAssetDB has modification time of '2025-05-17T11:11:26.2749379Z' while content on disk has modification time of '2025-05-17T11:18:01.3237271Z'
  ERROR: Build asset version error: assets/scripts/playermovement.cs in SourceAssetDB has modification time of '2025-05-17T11:11:26.2749379Z' while content on disk has modification time of '2025-05-17T11:18:01.3237271Z'
Number of updated asset objects reloaded before import = 0
Number of asset objects unloaded after import = 0
========================================================================
Received Import Request.
  Time since last request: 0.090994 seconds.
  path: Assets/Scripts/PlayerMovement.cs
  artifactKey: Guid(4a38a1d6f3436394481e429c7092361b) Importer(815301076,1909f56bfc062723c751e8b465ee728b)
Start importing Assets/Scripts/PlayerMovement.cs using Guid(4a38a1d6f3436394481e429c7092361b) Importer(815301076,1909f56bfc062723c751e8b465ee728b) [PhysX] Initialized MultithreadedTaskDispatcher with 8 workers.
 -> (artifact id: '00000000000000000000000000000000') in 0.000608 seconds
Import Error Code:(4)
Message: Build asset version error: assets/scripts/playermovement.cs in SourceAssetDB has modification time of '2025-05-17T11:11:26.2749379Z' while content on disk has modification time of '2025-05-17T11:18:01.3237271Z'
  ERROR: Build asset version error: assets/scripts/playermovement.cs in SourceAssetDB has modification time of '2025-05-17T11:11:26.2749379Z' while content on disk has modification time of '2025-05-17T11:18:01.3237271Z'
Number of updated asset objects reloaded before import = 0
Number of asset objects unloaded after import = 0
========================================================================
Received Import Request.
  Time since last request: 0.094613 seconds.
  path: Assets/Scripts/PlayerMovement.cs
  artifactKey: Guid(4a38a1d6f3436394481e429c7092361b) Importer(815301076,1909f56bfc062723c751e8b465ee728b)
Start importing Assets/Scripts/PlayerMovement.cs using Guid(4a38a1d6f3436394481e429c7092361b) Importer(815301076,1909f56bfc062723c751e8b465ee728b) [PhysX] Initialized MultithreadedTaskDispatcher with 8 workers.
 -> (artifact id: '00000000000000000000000000000000') in 0.000647 seconds
Import Error Code:(4)
Message: Build asset version error: assets/scripts/playermovement.cs in SourceAssetDB has modification time of '2025-05-17T11:11:26.2749379Z' while content on disk has modification time of '2025-05-17T11:18:01.3237271Z'
  ERROR: Build asset version error: assets/scripts/playermovement.cs in SourceAssetDB has modification time of '2025-05-17T11:11:26.2749379Z' while content on disk has modification time of '2025-05-17T11:18:01.3237271Z'
Number of updated asset objects reloaded before import = 0
Number of asset objects unloaded after import = 0
========================================================================
Received Import Request.
  Time since last request: 0.100044 seconds.
  path: Assets/Scripts/PlayerMovement.cs
  artifactKey: Guid(4a38a1d6f3436394481e429c7092361b) Importer(815301076,1909f56bfc062723c751e8b465ee728b)
Start importing Assets/Scripts/PlayerMovement.cs using Guid(4a38a1d6f3436394481e429c7092361b) Importer(815301076,1909f56bfc062723c751e8b465ee728b) [PhysX] Initialized MultithreadedTaskDispatcher with 8 workers.
 -> (artifact id: '00000000000000000000000000000000') in 0.001109 seconds
Import Error Code:(4)
Message: Build asset version error: assets/scripts/playermovement.cs in SourceAssetDB has modification time of '2025-05-17T11:11:26.2749379Z' while content on disk has modification time of '2025-05-17T11:18:01.3237271Z'
  ERROR: Build asset version error: assets/scripts/playermovement.cs in SourceAssetDB has modification time of '2025-05-17T11:11:26.2749379Z' while content on disk has modification time of '2025-05-17T11:18:01.3237271Z'
Number of updated asset objects reloaded before import = 0
Number of asset objects unloaded after import = 0
========================================================================
Received Import Request.
  Time since last request: 0.099065 seconds.
  path: Assets/Scripts/PlayerMovement.cs
  artifactKey: Guid(4a38a1d6f3436394481e429c7092361b) Importer(815301076,1909f56bfc062723c751e8b465ee728b)
Start importing Assets/Scripts/PlayerMovement.cs using Guid(4a38a1d6f3436394481e429c7092361b) Importer(815301076,1909f56bfc062723c751e8b465ee728b) [PhysX] Initialized MultithreadedTaskDispatcher with 8 workers.
 -> (artifact id: '00000000000000000000000000000000') in 0.000716 seconds
Import Error Code:(4)
Message: Build asset version error: assets/scripts/playermovement.cs in SourceAssetDB has modification time of '2025-05-17T11:11:26.2749379Z' while content on disk has modification time of '2025-05-17T11:18:01.3237271Z'
  ERROR: Build asset version error: assets/scripts/playermovement.cs in SourceAssetDB has modification time of '2025-05-17T11:11:26.2749379Z' while content on disk has modification time of '2025-05-17T11:18:01.3237271Z'
Number of updated asset objects reloaded before import = 0
Number of asset objects unloaded after import = 0
========================================================================
Received Import Request.
  Time since last request: 0.107571 seconds.
  path: Assets/Scripts/PlayerMovement.cs
  artifactKey: Guid(4a38a1d6f3436394481e429c7092361b) Importer(815301076,1909f56bfc062723c751e8b465ee728b)
Start importing Assets/Scripts/PlayerMovement.cs using Guid(4a38a1d6f3436394481e429c7092361b) Importer(815301076,1909f56bfc062723c751e8b465ee728b) [PhysX] Initialized MultithreadedTaskDispatcher with 8 workers.
 -> (artifact id: '00000000000000000000000000000000') in 0.000823 seconds
Import Error Code:(4)
Message: Build asset version error: assets/scripts/playermovement.cs in SourceAssetDB has modification time of '2025-05-17T11:11:26.2749379Z' while content on disk has modification time of '2025-05-17T11:18:01.3237271Z'
  ERROR: Build asset version error: assets/scripts/playermovement.cs in SourceAssetDB has modification time of '2025-05-17T11:11:26.2749379Z' while content on disk has modification time of '2025-05-17T11:18:01.3237271Z'
Number of updated asset objects reloaded before import = 0
Number of asset objects unloaded after import = 0
========================================================================
Received Import Request.
  Time since last request: 0.093298 seconds.
  path: Assets/Scripts/PlayerMovement.cs
  artifactKey: Guid(4a38a1d6f3436394481e429c7092361b) Importer(815301076,1909f56bfc062723c751e8b465ee728b)
Start importing Assets/Scripts/PlayerMovement.cs using Guid(4a38a1d6f3436394481e429c7092361b) Importer(815301076,1909f56bfc062723c751e8b465ee728b) [PhysX] Initialized MultithreadedTaskDispatcher with 8 workers.
 -> (artifact id: '00000000000000000000000000000000') in 0.000642 seconds
Import Error Code:(4)
Message: Build asset version error: assets/scripts/playermovement.cs in SourceAssetDB has modification time of '2025-05-17T11:11:26.2749379Z' while content on disk has modification time of '2025-05-17T11:18:01.3237271Z'
  ERROR: Build asset version error: assets/scripts/playermovement.cs in SourceAssetDB has modification time of '2025-05-17T11:11:26.2749379Z' while content on disk has modification time of '2025-05-17T11:18:01.3237271Z'
Number of updated asset objects reloaded before import = 0
Number of asset objects unloaded after import = 0
========================================================================
Received Import Request.
  Time since last request: 0.094161 seconds.
  path: Assets/Scripts/PlayerMovement.cs
  artifactKey: Guid(4a38a1d6f3436394481e429c7092361b) Importer(815301076,1909f56bfc062723c751e8b465ee728b)
Start importing Assets/Scripts/PlayerMovement.cs using Guid(4a38a1d6f3436394481e429c7092361b) Importer(815301076,1909f56bfc062723c751e8b465ee728b) [PhysX] Initialized MultithreadedTaskDispatcher with 8 workers.
 -> (artifact id: '00000000000000000000000000000000') in 0.001804 seconds
Import Error Code:(4)
Message: Build asset version error: assets/scripts/playermovement.cs in SourceAssetDB has modification time of '2025-05-17T11:11:26.2749379Z' while content on disk has modification time of '2025-05-17T11:18:01.3237271Z'
  ERROR: Build asset version error: assets/scripts/playermovement.cs in SourceAssetDB has modification time of '2025-05-17T11:11:26.2749379Z' while content on disk has modification time of '2025-05-17T11:18:01.3237271Z'
Number of updated asset objects reloaded before import = 0
Number of asset objects unloaded after import = 0
========================================================================
Received Import Request.
  Time since last request: 0.102193 seconds.
  path: Assets/Scripts/PlayerMovement.cs
  artifactKey: Guid(4a38a1d6f3436394481e429c7092361b) Importer(815301076,1909f56bfc062723c751e8b465ee728b)
Start importing Assets/Scripts/PlayerMovement.cs using Guid(4a38a1d6f3436394481e429c7092361b) Importer(815301076,1909f56bfc062723c751e8b465ee728b) [PhysX] Initialized MultithreadedTaskDispatcher with 8 workers.
 -> (artifact id: '00000000000000000000000000000000') in 0.001929 seconds
Import Error Code:(4)
Message: Build asset version error: assets/scripts/playermovement.cs in SourceAssetDB has modification time of '2025-05-17T11:11:26.2749379Z' while content on disk has modification time of '2025-05-17T11:18:01.3237271Z'
  ERROR: Build asset version error: assets/scripts/playermovement.cs in SourceAssetDB has modification time of '2025-05-17T11:11:26.2749379Z' while content on disk has modification time of '2025-05-17T11:18:01.3237271Z'
Number of updated asset objects reloaded before import = 0
Number of asset objects unloaded after import = 0
========================================================================
Received Import Request.
  Time since last request: 0.105753 seconds.
  path: Assets/Scripts/PlayerMovement.cs
  artifactKey: Guid(4a38a1d6f3436394481e429c7092361b) Importer(815301076,1909f56bfc062723c751e8b465ee728b)
Start importing Assets/Scripts/PlayerMovement.cs using Guid(4a38a1d6f3436394481e429c7092361b) Importer(815301076,1909f56bfc062723c751e8b465ee728b) [PhysX] Initialized MultithreadedTaskDispatcher with 8 workers.
 -> (artifact id: '00000000000000000000000000000000') in 0.002341 seconds
Import Error Code:(4)
Message: Build asset version error: assets/scripts/playermovement.cs in SourceAssetDB has modification time of '2025-05-17T11:11:26.2749379Z' while content on disk has modification time of '2025-05-17T11:18:01.3237271Z'
  ERROR: Build asset version error: assets/scripts/playermovement.cs in SourceAssetDB has modification time of '2025-05-17T11:11:26.2749379Z' while content on disk has modification time of '2025-05-17T11:18:01.3237271Z'
Number of updated asset objects reloaded before import = 0
Number of asset objects unloaded after import = 0
========================================================================
Received Import Request.
  Time since last request: 0.016363 seconds.
  path: Assets/Scripts/PlayerMovement.cs
  artifactKey: Guid(4a38a1d6f3436394481e429c7092361b) Importer(815301076,1909f56bfc062723c751e8b465ee728b)
Start importing Assets/Scripts/PlayerMovement.cs using Guid(4a38a1d6f3436394481e429c7092361b) Importer(815301076,1909f56bfc062723c751e8b465ee728b) [PhysX] Initialized MultithreadedTaskDispatcher with 8 workers.
 -> (artifact id: '00000000000000000000000000000000') in 0.003434 seconds
Import Error Code:(4)
Message: Build asset version error: assets/scripts/playermovement.cs in SourceAssetDB has modification time of '2025-05-17T11:11:26.2749379Z' while content on disk has modification time of '2025-05-17T11:18:01.3237271Z'
  ERROR: Build asset version error: assets/scripts/playermovement.cs in SourceAssetDB has modification time of '2025-05-17T11:11:26.2749379Z' while content on disk has modification time of '2025-05-17T11:18:01.3237271Z'
Number of updated asset objects reloaded before import = 0
Number of asset objects unloaded after import = 0
========================================================================
Received Import Request.
  Time since last request: 0.078902 seconds.
  path: Assets/Scripts/PlayerMovement.cs
  artifactKey: Guid(4a38a1d6f3436394481e429c7092361b) Importer(815301076,1909f56bfc062723c751e8b465ee728b)
Start importing Assets/Scripts/PlayerMovement.cs using Guid(4a38a1d6f3436394481e429c7092361b) Importer(815301076,1909f56bfc062723c751e8b465ee728b) [PhysX] Initialized MultithreadedTaskDispatcher with 8 workers.
 -> (artifact id: '00000000000000000000000000000000') in 0.000926 seconds
Import Error Code:(4)
Message: Build asset version error: assets/scripts/playermovement.cs in SourceAssetDB has modification time of '2025-05-17T11:11:26.2749379Z' while content on disk has modification time of '2025-05-17T11:18:01.3237271Z'
  ERROR: Build asset version error: assets/scripts/playermovement.cs in SourceAssetDB has modification time of '2025-05-17T11:11:26.2749379Z' while content on disk has modification time of '2025-05-17T11:18:01.3237271Z'
Number of updated asset objects reloaded before import = 0
Number of asset objects unloaded after import = 0
========================================================================
Received Import Request.
  Time since last request: 0.091875 seconds.
  path: Assets/Scripts/PlayerMovement.cs
  artifactKey: Guid(4a38a1d6f3436394481e429c7092361b) Importer(815301076,1909f56bfc062723c751e8b465ee728b)
Start importing Assets/Scripts/PlayerMovement.cs using Guid(4a38a1d6f3436394481e429c7092361b) Importer(815301076,1909f56bfc062723c751e8b465ee728b) [PhysX] Initialized MultithreadedTaskDispatcher with 8 workers.
 -> (artifact id: '00000000000000000000000000000000') in 0.002858 seconds
Import Error Code:(4)
Message: Build asset version error: assets/scripts/playermovement.cs in SourceAssetDB has modification time of '2025-05-17T11:11:26.2749379Z' while content on disk has modification time of '2025-05-17T11:18:01.3237271Z'
  ERROR: Build asset version error: assets/scripts/playermovement.cs in SourceAssetDB has modification time of '2025-05-17T11:11:26.2749379Z' while content on disk has modification time of '2025-05-17T11:18:01.3237271Z'
Number of updated asset objects reloaded before import = 0
Number of asset objects unloaded after import = 0
========================================================================
Received Import Request.
  Time since last request: 0.098323 seconds.
  path: Assets/Scripts/PlayerMovement.cs
  artifactKey: Guid(4a38a1d6f3436394481e429c7092361b) Importer(815301076,1909f56bfc062723c751e8b465ee728b)
Start importing Assets/Scripts/PlayerMovement.cs using Guid(4a38a1d6f3436394481e429c7092361b) Importer(815301076,1909f56bfc062723c751e8b465ee728b) [PhysX] Initialized MultithreadedTaskDispatcher with 8 workers.
 -> (artifact id: '00000000000000000000000000000000') in 0.000739 seconds
Import Error Code:(4)
Message: Build asset version error: assets/scripts/playermovement.cs in SourceAssetDB has modification time of '2025-05-17T11:11:26.2749379Z' while content on disk has modification time of '2025-05-17T11:18:01.3237271Z'
  ERROR: Build asset version error: assets/scripts/playermovement.cs in SourceAssetDB has modification time of '2025-05-17T11:11:26.2749379Z' while content on disk has modification time of '2025-05-17T11:18:01.3237271Z'
Number of updated asset objects reloaded before import = 0
Number of asset objects unloaded after import = 0
========================================================================
Received Import Request.
  Time since last request: 0.092640 seconds.
  path: Assets/Scripts/PlayerMovement.cs
  artifactKey: Guid(4a38a1d6f3436394481e429c7092361b) Importer(815301076,1909f56bfc062723c751e8b465ee728b)
Start importing Assets/Scripts/PlayerMovement.cs using Guid(4a38a1d6f3436394481e429c7092361b) Importer(815301076,1909f56bfc062723c751e8b465ee728b) [PhysX] Initialized MultithreadedTaskDispatcher with 8 workers.
 -> (artifact id: '00000000000000000000000000000000') in 0.000736 seconds
Import Error Code:(4)
Message: Build asset version error: assets/scripts/playermovement.cs in SourceAssetDB has modification time of '2025-05-17T11:11:26.2749379Z' while content on disk has modification time of '2025-05-17T11:18:01.3237271Z'
  ERROR: Build asset version error: assets/scripts/playermovement.cs in SourceAssetDB has modification time of '2025-05-17T11:11:26.2749379Z' while content on disk has modification time of '2025-05-17T11:18:01.3237271Z'
Number of updated asset objects reloaded before import = 0
Number of asset objects unloaded after import = 0
========================================================================
Received Import Request.
  Time since last request: 0.092866 seconds.
  path: Assets/Scripts/PlayerMovement.cs
  artifactKey: Guid(4a38a1d6f3436394481e429c7092361b) Importer(815301076,1909f56bfc062723c751e8b465ee728b)
Start importing Assets/Scripts/PlayerMovement.cs using Guid(4a38a1d6f3436394481e429c7092361b) Importer(815301076,1909f56bfc062723c751e8b465ee728b) [PhysX] Initialized MultithreadedTaskDispatcher with 8 workers.
 -> (artifact id: '00000000000000000000000000000000') in 0.000832 seconds
Import Error Code:(4)
Message: Build asset version error: assets/scripts/playermovement.cs in SourceAssetDB has modification time of '2025-05-17T11:11:26.2749379Z' while content on disk has modification time of '2025-05-17T11:18:01.3237271Z'
  ERROR: Build asset version error: assets/scripts/playermovement.cs in SourceAssetDB has modification time of '2025-05-17T11:11:26.2749379Z' while content on disk has modification time of '2025-05-17T11:18:01.3237271Z'
Number of updated asset objects reloaded before import = 0
Number of asset objects unloaded after import = 0
========================================================================
Received Import Request.
  Time since last request: 0.104240 seconds.
  path: Assets/Scripts/PlayerMovement.cs
  artifactKey: Guid(4a38a1d6f3436394481e429c7092361b) Importer(815301076,1909f56bfc062723c751e8b465ee728b)
Start importing Assets/Scripts/PlayerMovement.cs using Guid(4a38a1d6f3436394481e429c7092361b) Importer(815301076,1909f56bfc062723c751e8b465ee728b) [PhysX] Initialized MultithreadedTaskDispatcher with 8 workers.
 -> (artifact id: '00000000000000000000000000000000') in 0.000712 seconds
Import Error Code:(4)
Message: Build asset version error: assets/scripts/playermovement.cs in SourceAssetDB has modification time of '2025-05-17T11:11:26.2749379Z' while content on disk has modification time of '2025-05-17T11:18:01.3237271Z'
  ERROR: Build asset version error: assets/scripts/playermovement.cs in SourceAssetDB has modification time of '2025-05-17T11:11:26.2749379Z' while content on disk has modification time of '2025-05-17T11:18:01.3237271Z'
Number of updated asset objects reloaded before import = 0
Number of asset objects unloaded after import = 0
========================================================================
Received Import Request.
  Time since last request: 0.103656 seconds.
  path: Assets/Scripts/PlayerMovement.cs
  artifactKey: Guid(4a38a1d6f3436394481e429c7092361b) Importer(815301076,1909f56bfc062723c751e8b465ee728b)
Start importing Assets/Scripts/PlayerMovement.cs using Guid(4a38a1d6f3436394481e429c7092361b) Importer(815301076,1909f56bfc062723c751e8b465ee728b) [PhysX] Initialized MultithreadedTaskDispatcher with 8 workers.
 -> (artifact id: '00000000000000000000000000000000') in 0.000670 seconds
Import Error Code:(4)
Message: Build asset version error: assets/scripts/playermovement.cs in SourceAssetDB has modification time of '2025-05-17T11:11:26.2749379Z' while content on disk has modification time of '2025-05-17T11:18:01.3237271Z'
  ERROR: Build asset version error: assets/scripts/playermovement.cs in SourceAssetDB has modification time of '2025-05-17T11:11:26.2749379Z' while content on disk has modification time of '2025-05-17T11:18:01.3237271Z'
Number of updated asset objects reloaded before import = 0
Number of asset objects unloaded after import = 0
========================================================================
Received Import Request.
  Time since last request: 0.093211 seconds.
  path: Assets/Scripts/PlayerMovement.cs
  artifactKey: Guid(4a38a1d6f3436394481e429c7092361b) Importer(815301076,1909f56bfc062723c751e8b465ee728b)
Start importing Assets/Scripts/PlayerMovement.cs using Guid(4a38a1d6f3436394481e429c7092361b) Importer(815301076,1909f56bfc062723c751e8b465ee728b) [PhysX] Initialized MultithreadedTaskDispatcher with 8 workers.
 -> (artifact id: '00000000000000000000000000000000') in 0.000710 seconds
Import Error Code:(4)
Message: Build asset version error: assets/scripts/playermovement.cs in SourceAssetDB has modification time of '2025-05-17T11:11:26.2749379Z' while content on disk has modification time of '2025-05-17T11:18:01.3237271Z'
  ERROR: Build asset version error: assets/scripts/playermovement.cs in SourceAssetDB has modification time of '2025-05-17T11:11:26.2749379Z' while content on disk has modification time of '2025-05-17T11:18:01.3237271Z'
Number of updated asset objects reloaded before import = 0
Number of asset objects unloaded after import = 0
========================================================================
Received Import Request.
  Time since last request: 0.094003 seconds.
  path: Assets/Scripts/PlayerMovement.cs
  artifactKey: Guid(4a38a1d6f3436394481e429c7092361b) Importer(815301076,1909f56bfc062723c751e8b465ee728b)
Start importing Assets/Scripts/PlayerMovement.cs using Guid(4a38a1d6f3436394481e429c7092361b) Importer(815301076,1909f56bfc062723c751e8b465ee728b) [PhysX] Initialized MultithreadedTaskDispatcher with 8 workers.
 -> (artifact id: '00000000000000000000000000000000') in 0.000735 seconds
Import Error Code:(4)
Message: Build asset version error: assets/scripts/playermovement.cs in SourceAssetDB has modification time of '2025-05-17T11:11:26.2749379Z' while content on disk has modification time of '2025-05-17T11:18:01.3237271Z'
  ERROR: Build asset version error: assets/scripts/playermovement.cs in SourceAssetDB has modification time of '2025-05-17T11:11:26.2749379Z' while content on disk has modification time of '2025-05-17T11:18:01.3237271Z'
Number of updated asset objects reloaded before import = 0
Number of asset objects unloaded after import = 0
========================================================================
Received Import Request.
  Time since last request: 0.108049 seconds.
  path: Assets/Scripts/PlayerMovement.cs
  artifactKey: Guid(4a38a1d6f3436394481e429c7092361b) Importer(815301076,1909f56bfc062723c751e8b465ee728b)
Start importing Assets/Scripts/PlayerMovement.cs using Guid(4a38a1d6f3436394481e429c7092361b) Importer(815301076,1909f56bfc062723c751e8b465ee728b) [PhysX] Initialized MultithreadedTaskDispatcher with 8 workers.
 -> (artifact id: '00000000000000000000000000000000') in 0.000943 seconds
Import Error Code:(4)
Message: Build asset version error: assets/scripts/playermovement.cs in SourceAssetDB has modification time of '2025-05-17T11:11:26.2749379Z' while content on disk has modification time of '2025-05-17T11:18:01.3237271Z'
  ERROR: Build asset version error: assets/scripts/playermovement.cs in SourceAssetDB has modification time of '2025-05-17T11:11:26.2749379Z' while content on disk has modification time of '2025-05-17T11:18:01.3237271Z'
Number of updated asset objects reloaded before import = 0
Number of asset objects unloaded after import = 0
========================================================================
Received Import Request.
  Time since last request: 0.093451 seconds.
  path: Assets/Scripts/PlayerMovement.cs
  artifactKey: Guid(4a38a1d6f3436394481e429c7092361b) Importer(815301076,1909f56bfc062723c751e8b465ee728b)
Start importing Assets/Scripts/PlayerMovement.cs using Guid(4a38a1d6f3436394481e429c7092361b) Importer(815301076,1909f56bfc062723c751e8b465ee728b) [PhysX] Initialized MultithreadedTaskDispatcher with 8 workers.
 -> (artifact id: '00000000000000000000000000000000') in 0.001020 seconds
Import Error Code:(4)
Message: Build asset version error: assets/scripts/playermovement.cs in SourceAssetDB has modification time of '2025-05-17T11:11:26.2749379Z' while content on disk has modification time of '2025-05-17T11:18:01.3237271Z'
  ERROR: Build asset version error: assets/scripts/playermovement.cs in SourceAssetDB has modification time of '2025-05-17T11:11:26.2749379Z' while content on disk has modification time of '2025-05-17T11:18:01.3237271Z'
Number of updated asset objects reloaded before import = 0
Number of asset objects unloaded after import = 0
========================================================================
Received Import Request.
  Time since last request: 0.094957 seconds.
  path: Assets/Scripts/PlayerMovement.cs
  artifactKey: Guid(4a38a1d6f3436394481e429c7092361b) Importer(815301076,1909f56bfc062723c751e8b465ee728b)
Start importing Assets/Scripts/PlayerMovement.cs using Guid(4a38a1d6f3436394481e429c7092361b) Importer(815301076,1909f56bfc062723c751e8b465ee728b) [PhysX] Initialized MultithreadedTaskDispatcher with 8 workers.
 -> (artifact id: '00000000000000000000000000000000') in 0.000741 seconds
Import Error Code:(4)
Message: Build asset version error: assets/scripts/playermovement.cs in SourceAssetDB has modification time of '2025-05-17T11:11:26.2749379Z' while content on disk has modification time of '2025-05-17T11:18:01.3237271Z'
  ERROR: Build asset version error: assets/scripts/playermovement.cs in SourceAssetDB has modification time of '2025-05-17T11:11:26.2749379Z' while content on disk has modification time of '2025-05-17T11:18:01.3237271Z'
Number of updated asset objects reloaded before import = 0
Number of asset objects unloaded after import = 0
========================================================================
Received Import Request.
  Time since last request: 0.104117 seconds.
  path: Assets/Scripts/PlayerMovement.cs
  artifactKey: Guid(4a38a1d6f3436394481e429c7092361b) Importer(815301076,1909f56bfc062723c751e8b465ee728b)
Start importing Assets/Scripts/PlayerMovement.cs using Guid(4a38a1d6f3436394481e429c7092361b) Importer(815301076,1909f56bfc062723c751e8b465ee728b) [PhysX] Initialized MultithreadedTaskDispatcher with 8 workers.
 -> (artifact id: '00000000000000000000000000000000') in 0.000858 seconds
Import Error Code:(4)
Message: Build asset version error: assets/scripts/playermovement.cs in SourceAssetDB has modification time of '2025-05-17T11:11:26.2749379Z' while content on disk has modification time of '2025-05-17T11:18:01.3237271Z'
  ERROR: Build asset version error: assets/scripts/playermovement.cs in SourceAssetDB has modification time of '2025-05-17T11:11:26.2749379Z' while content on disk has modification time of '2025-05-17T11:18:01.3237271Z'
Number of updated asset objects reloaded before import = 0
Number of asset objects unloaded after import = 0
========================================================================
Received Import Request.
  Time since last request: 0.096464 seconds.
  path: Assets/Scripts/PlayerMovement.cs
  artifactKey: Guid(4a38a1d6f3436394481e429c7092361b) Importer(815301076,1909f56bfc062723c751e8b465ee728b)
Start importing Assets/Scripts/PlayerMovement.cs using Guid(4a38a1d6f3436394481e429c7092361b) Importer(815301076,1909f56bfc062723c751e8b465ee728b) [PhysX] Initialized MultithreadedTaskDispatcher with 8 workers.
 -> (artifact id: '00000000000000000000000000000000') in 0.000741 seconds
Import Error Code:(4)
Message: Build asset version error: assets/scripts/playermovement.cs in SourceAssetDB has modification time of '2025-05-17T11:11:26.2749379Z' while content on disk has modification time of '2025-05-17T11:18:01.3237271Z'
  ERROR: Build asset version error: assets/scripts/playermovement.cs in SourceAssetDB has modification time of '2025-05-17T11:11:26.2749379Z' while content on disk has modification time of '2025-05-17T11:18:01.3237271Z'
Number of updated asset objects reloaded before import = 0
Number of asset objects unloaded after import = 0
========================================================================
Received Import Request.
  Time since last request: 0.094759 seconds.
  path: Assets/Scripts/PlayerMovement.cs
  artifactKey: Guid(4a38a1d6f3436394481e429c7092361b) Importer(815301076,1909f56bfc062723c751e8b465ee728b)
Start importing Assets/Scripts/PlayerMovement.cs using Guid(4a38a1d6f3436394481e429c7092361b) Importer(815301076,1909f56bfc062723c751e8b465ee728b) [PhysX] Initialized MultithreadedTaskDispatcher with 8 workers.
 -> (artifact id: '00000000000000000000000000000000') in 0.000598 seconds
Import Error Code:(4)
Message: Build asset version error: assets/scripts/playermovement.cs in SourceAssetDB has modification time of '2025-05-17T11:11:26.2749379Z' while content on disk has modification time of '2025-05-17T11:18:01.3237271Z'
  ERROR: Build asset version error: assets/scripts/playermovement.cs in SourceAssetDB has modification time of '2025-05-17T11:11:26.2749379Z' while content on disk has modification time of '2025-05-17T11:18:01.3237271Z'
Number of updated asset objects reloaded before import = 0
Number of asset objects unloaded after import = 0
========================================================================
Received Import Request.
  Time since last request: 0.098542 seconds.
  path: Assets/Scripts/PlayerMovement.cs
  artifactKey: Guid(4a38a1d6f3436394481e429c7092361b) Importer(815301076,1909f56bfc062723c751e8b465ee728b)
Start importing Assets/Scripts/PlayerMovement.cs using Guid(4a38a1d6f3436394481e429c7092361b) Importer(815301076,1909f56bfc062723c751e8b465ee728b) [PhysX] Initialized MultithreadedTaskDispatcher with 8 workers.
 -> (artifact id: '00000000000000000000000000000000') in 0.000869 seconds
Import Error Code:(4)
Message: Build asset version error: assets/scripts/playermovement.cs in SourceAssetDB has modification time of '2025-05-17T11:11:26.2749379Z' while content on disk has modification time of '2025-05-17T11:18:01.3237271Z'
  ERROR: Build asset version error: assets/scripts/playermovement.cs in SourceAssetDB has modification time of '2025-05-17T11:11:26.2749379Z' while content on disk has modification time of '2025-05-17T11:18:01.3237271Z'
Number of updated asset objects reloaded before import = 0
Number of asset objects unloaded after import = 0
========================================================================
Received Import Request.
  Time since last request: 0.098809 seconds.
  path: Assets/Scripts/PlayerMovement.cs
  artifactKey: Guid(4a38a1d6f3436394481e429c7092361b) Importer(815301076,1909f56bfc062723c751e8b465ee728b)
Start importing Assets/Scripts/PlayerMovement.cs using Guid(4a38a1d6f3436394481e429c7092361b) Importer(815301076,1909f56bfc062723c751e8b465ee728b) [PhysX] Initialized MultithreadedTaskDispatcher with 8 workers.
 -> (artifact id: '00000000000000000000000000000000') in 0.000752 seconds
Import Error Code:(4)
Message: Build asset version error: assets/scripts/playermovement.cs in SourceAssetDB has modification time of '2025-05-17T11:11:26.2749379Z' while content on disk has modification time of '2025-05-17T11:18:01.3237271Z'
  ERROR: Build asset version error: assets/scripts/playermovement.cs in SourceAssetDB has modification time of '2025-05-17T11:11:26.2749379Z' while content on disk has modification time of '2025-05-17T11:18:01.3237271Z'
Number of updated asset objects reloaded before import = 0
Number of asset objects unloaded after import = 0
========================================================================
Received Import Request.
  Time since last request: 0.110838 seconds.
  path: Assets/Scripts/PlayerMovement.cs
  artifactKey: Guid(4a38a1d6f3436394481e429c7092361b) Importer(815301076,1909f56bfc062723c751e8b465ee728b)
Start importing Assets/Scripts/PlayerMovement.cs using Guid(4a38a1d6f3436394481e429c7092361b) Importer(815301076,1909f56bfc062723c751e8b465ee728b) [PhysX] Initialized MultithreadedTaskDispatcher with 8 workers.
 -> (artifact id: '00000000000000000000000000000000') in 0.000959 seconds
Import Error Code:(4)
Message: Build asset version error: assets/scripts/playermovement.cs in SourceAssetDB has modification time of '2025-05-17T11:11:26.2749379Z' while content on disk has modification time of '2025-05-17T11:18:01.3237271Z'
  ERROR: Build asset version error: assets/scripts/playermovement.cs in SourceAssetDB has modification time of '2025-05-17T11:11:26.2749379Z' while content on disk has modification time of '2025-05-17T11:18:01.3237271Z'
Number of updated asset objects reloaded before import = 0
Number of asset objects unloaded after import = 0
========================================================================
Received Import Request.
  Time since last request: 0.089397 seconds.
  path: Assets/Scripts/PlayerMovement.cs
  artifactKey: Guid(4a38a1d6f3436394481e429c7092361b) Importer(815301076,1909f56bfc062723c751e8b465ee728b)
Start importing Assets/Scripts/PlayerMovement.cs using Guid(4a38a1d6f3436394481e429c7092361b) Importer(815301076,1909f56bfc062723c751e8b465ee728b) [PhysX] Initialized MultithreadedTaskDispatcher with 8 workers.
 -> (artifact id: '00000000000000000000000000000000') in 0.000717 seconds
Import Error Code:(4)
Message: Build asset version error: assets/scripts/playermovement.cs in SourceAssetDB has modification time of '2025-05-17T11:11:26.2749379Z' while content on disk has modification time of '2025-05-17T11:18:01.3237271Z'
  ERROR: Build asset version error: assets/scripts/playermovement.cs in SourceAssetDB has modification time of '2025-05-17T11:11:26.2749379Z' while content on disk has modification time of '2025-05-17T11:18:01.3237271Z'
Number of updated asset objects reloaded before import = 0
Number of asset objects unloaded after import = 0
========================================================================
Received Import Request.
  Time since last request: 0.109604 seconds.
  path: Assets/Scripts/PlayerMovement.cs
  artifactKey: Guid(4a38a1d6f3436394481e429c7092361b) Importer(815301076,1909f56bfc062723c751e8b465ee728b)
Start importing Assets/Scripts/PlayerMovement.cs using Guid(4a38a1d6f3436394481e429c7092361b) Importer(815301076,1909f56bfc062723c751e8b465ee728b) [PhysX] Initialized MultithreadedTaskDispatcher with 8 workers.
 -> (artifact id: '00000000000000000000000000000000') in 0.000622 seconds
Import Error Code:(4)
Message: Build asset version error: assets/scripts/playermovement.cs in SourceAssetDB has modification time of '2025-05-17T11:11:26.2749379Z' while content on disk has modification time of '2025-05-17T11:18:01.3237271Z'
  ERROR: Build asset version error: assets/scripts/playermovement.cs in SourceAssetDB has modification time of '2025-05-17T11:11:26.2749379Z' while content on disk has modification time of '2025-05-17T11:18:01.3237271Z'
Number of updated asset objects reloaded before import = 0
Number of asset objects unloaded after import = 0
========================================================================
Received Import Request.
  Time since last request: 0.090896 seconds.
  path: Assets/Scripts/PlayerMovement.cs
  artifactKey: Guid(4a38a1d6f3436394481e429c7092361b) Importer(815301076,1909f56bfc062723c751e8b465ee728b)
Start importing Assets/Scripts/PlayerMovement.cs using Guid(4a38a1d6f3436394481e429c7092361b) Importer(815301076,1909f56bfc062723c751e8b465ee728b) [PhysX] Initialized MultithreadedTaskDispatcher with 8 workers.
 -> (artifact id: '00000000000000000000000000000000') in 0.000646 seconds
Import Error Code:(4)
Message: Build asset version error: assets/scripts/playermovement.cs in SourceAssetDB has modification time of '2025-05-17T11:11:26.2749379Z' while content on disk has modification time of '2025-05-17T11:18:01.3237271Z'
  ERROR: Build asset version error: assets/scripts/playermovement.cs in SourceAssetDB has modification time of '2025-05-17T11:11:26.2749379Z' while content on disk has modification time of '2025-05-17T11:18:01.3237271Z'
Number of updated asset objects reloaded before import = 0
Number of asset objects unloaded after import = 0
========================================================================
Received Import Request.
  Time since last request: 0.094576 seconds.
  path: Assets/Scripts/PlayerMovement.cs
  artifactKey: Guid(4a38a1d6f3436394481e429c7092361b) Importer(815301076,1909f56bfc062723c751e8b465ee728b)
Start importing Assets/Scripts/PlayerMovement.cs using Guid(4a38a1d6f3436394481e429c7092361b) Importer(815301076,1909f56bfc062723c751e8b465ee728b) [PhysX] Initialized MultithreadedTaskDispatcher with 8 workers.
 -> (artifact id: '00000000000000000000000000000000') in 0.000670 seconds
Import Error Code:(4)
Message: Build asset version error: assets/scripts/playermovement.cs in SourceAssetDB has modification time of '2025-05-17T11:11:26.2749379Z' while content on disk has modification time of '2025-05-17T11:18:01.3237271Z'
  ERROR: Build asset version error: assets/scripts/playermovement.cs in SourceAssetDB has modification time of '2025-05-17T11:11:26.2749379Z' while content on disk has modification time of '2025-05-17T11:18:01.3237271Z'
Number of updated asset objects reloaded before import = 0
Number of asset objects unloaded after import = 0
========================================================================
Received Import Request.
  Time since last request: 0.102829 seconds.
  path: Assets/Scripts/PlayerMovement.cs
  artifactKey: Guid(4a38a1d6f3436394481e429c7092361b) Importer(815301076,1909f56bfc062723c751e8b465ee728b)
Start importing Assets/Scripts/PlayerMovement.cs using Guid(4a38a1d6f3436394481e429c7092361b) Importer(815301076,1909f56bfc062723c751e8b465ee728b) [PhysX] Initialized MultithreadedTaskDispatcher with 8 workers.
 -> (artifact id: '00000000000000000000000000000000') in 0.001452 seconds
Import Error Code:(4)
Message: Build asset version error: assets/scripts/playermovement.cs in SourceAssetDB has modification time of '2025-05-17T11:11:26.2749379Z' while content on disk has modification time of '2025-05-17T11:18:01.3237271Z'
  ERROR: Build asset version error: assets/scripts/playermovement.cs in SourceAssetDB has modification time of '2025-05-17T11:11:26.2749379Z' while content on disk has modification time of '2025-05-17T11:18:01.3237271Z'
Number of updated asset objects reloaded before import = 0
Number of asset objects unloaded after import = 0
========================================================================
Received Import Request.
  Time since last request: 0.099744 seconds.
  path: Assets/Scripts/PlayerMovement.cs
  artifactKey: Guid(4a38a1d6f3436394481e429c7092361b) Importer(815301076,1909f56bfc062723c751e8b465ee728b)
Start importing Assets/Scripts/PlayerMovement.cs using Guid(4a38a1d6f3436394481e429c7092361b) Importer(815301076,1909f56bfc062723c751e8b465ee728b) [PhysX] Initialized MultithreadedTaskDispatcher with 8 workers.
 -> (artifact id: '00000000000000000000000000000000') in 0.000900 seconds
Import Error Code:(4)
Message: Build asset version error: assets/scripts/playermovement.cs in SourceAssetDB has modification time of '2025-05-17T11:11:26.2749379Z' while content on disk has modification time of '2025-05-17T11:18:01.3237271Z'
  ERROR: Build asset version error: assets/scripts/playermovement.cs in SourceAssetDB has modification time of '2025-05-17T11:11:26.2749379Z' while content on disk has modification time of '2025-05-17T11:18:01.3237271Z'
Number of updated asset objects reloaded before import = 0
Number of asset objects unloaded after import = 0
========================================================================
Received Import Request.
  Time since last request: 0.095165 seconds.
  path: Assets/Scripts/PlayerMovement.cs
  artifactKey: Guid(4a38a1d6f3436394481e429c7092361b) Importer(815301076,1909f56bfc062723c751e8b465ee728b)
Start importing Assets/Scripts/PlayerMovement.cs using Guid(4a38a1d6f3436394481e429c7092361b) Importer(815301076,1909f56bfc062723c751e8b465ee728b) [PhysX] Initialized MultithreadedTaskDispatcher with 8 workers.
 -> (artifact id: '00000000000000000000000000000000') in 0.000780 seconds
Import Error Code:(4)
Message: Build asset version error: assets/scripts/playermovement.cs in SourceAssetDB has modification time of '2025-05-17T11:11:26.2749379Z' while content on disk has modification time of '2025-05-17T11:18:01.3237271Z'
  ERROR: Build asset version error: assets/scripts/playermovement.cs in SourceAssetDB has modification time of '2025-05-17T11:11:26.2749379Z' while content on disk has modification time of '2025-05-17T11:18:01.3237271Z'
Number of updated asset objects reloaded before import = 0
Number of asset objects unloaded after import = 0
========================================================================
Received Import Request.
  Time since last request: 0.100047 seconds.
  path: Assets/Scripts/PlayerMovement.cs
  artifactKey: Guid(4a38a1d6f3436394481e429c7092361b) Importer(815301076,1909f56bfc062723c751e8b465ee728b)
Start importing Assets/Scripts/PlayerMovement.cs using Guid(4a38a1d6f3436394481e429c7092361b) Importer(815301076,1909f56bfc062723c751e8b465ee728b) [PhysX] Initialized MultithreadedTaskDispatcher with 8 workers.
 -> (artifact id: '00000000000000000000000000000000') in 0.000726 seconds
Import Error Code:(4)
Message: Build asset version error: assets/scripts/playermovement.cs in SourceAssetDB has modification time of '2025-05-17T11:11:26.2749379Z' while content on disk has modification time of '2025-05-17T11:18:01.3237271Z'
  ERROR: Build asset version error: assets/scripts/playermovement.cs in SourceAssetDB has modification time of '2025-05-17T11:11:26.2749379Z' while content on disk has modification time of '2025-05-17T11:18:01.3237271Z'
Number of updated asset objects reloaded before import = 0
Number of asset objects unloaded after import = 0
========================================================================
Received Import Request.
  Time since last request: 0.102544 seconds.
  path: Assets/Scripts/PlayerMovement.cs
  artifactKey: Guid(4a38a1d6f3436394481e429c7092361b) Importer(815301076,1909f56bfc062723c751e8b465ee728b)
Start importing Assets/Scripts/PlayerMovement.cs using Guid(4a38a1d6f3436394481e429c7092361b) Importer(815301076,1909f56bfc062723c751e8b465ee728b) [PhysX] Initialized MultithreadedTaskDispatcher with 8 workers.
 -> (artifact id: '00000000000000000000000000000000') in 0.001026 seconds
Import Error Code:(4)
Message: Build asset version error: assets/scripts/playermovement.cs in SourceAssetDB has modification time of '2025-05-17T11:11:26.2749379Z' while content on disk has modification time of '2025-05-17T11:18:01.3237271Z'
  ERROR: Build asset version error: assets/scripts/playermovement.cs in SourceAssetDB has modification time of '2025-05-17T11:11:26.2749379Z' while content on disk has modification time of '2025-05-17T11:18:01.3237271Z'
Number of updated asset objects reloaded before import = 0
Number of asset objects unloaded after import = 0
========================================================================
Received Import Request.
  Time since last request: 0.104252 seconds.
  path: Assets/Scripts/PlayerMovement.cs
  artifactKey: Guid(4a38a1d6f3436394481e429c7092361b) Importer(815301076,1909f56bfc062723c751e8b465ee728b)
Start importing Assets/Scripts/PlayerMovement.cs using Guid(4a38a1d6f3436394481e429c7092361b) Importer(815301076,1909f56bfc062723c751e8b465ee728b) [PhysX] Initialized MultithreadedTaskDispatcher with 8 workers.
 -> (artifact id: '00000000000000000000000000000000') in 0.000786 seconds
Import Error Code:(4)
Message: Build asset version error: assets/scripts/playermovement.cs in SourceAssetDB has modification time of '2025-05-17T11:11:26.2749379Z' while content on disk has modification time of '2025-05-17T11:18:01.3237271Z'
  ERROR: Build asset version error: assets/scripts/playermovement.cs in SourceAssetDB has modification time of '2025-05-17T11:11:26.2749379Z' while content on disk has modification time of '2025-05-17T11:18:01.3237271Z'
Number of updated asset objects reloaded before import = 0
Number of asset objects unloaded after import = 0
========================================================================
Received Import Request.
  Time since last request: 0.093507 seconds.
  path: Assets/Scripts/PlayerMovement.cs
  artifactKey: Guid(4a38a1d6f3436394481e429c7092361b) Importer(815301076,1909f56bfc062723c751e8b465ee728b)
Start importing Assets/Scripts/PlayerMovement.cs using Guid(4a38a1d6f3436394481e429c7092361b) Importer(815301076,1909f56bfc062723c751e8b465ee728b) [PhysX] Initialized MultithreadedTaskDispatcher with 8 workers.
 -> (artifact id: '00000000000000000000000000000000') in 0.000606 seconds
Import Error Code:(4)
Message: Build asset version error: assets/scripts/playermovement.cs in SourceAssetDB has modification time of '2025-05-17T11:11:26.2749379Z' while content on disk has modification time of '2025-05-17T11:18:01.3237271Z'
  ERROR: Build asset version error: assets/scripts/playermovement.cs in SourceAssetDB has modification time of '2025-05-17T11:11:26.2749379Z' while content on disk has modification time of '2025-05-17T11:18:01.3237271Z'
Number of updated asset objects reloaded before import = 0
Number of asset objects unloaded after import = 0
========================================================================
Received Import Request.
  Time since last request: 0.097980 seconds.
  path: Assets/Scripts/PlayerMovement.cs
  artifactKey: Guid(4a38a1d6f3436394481e429c7092361b) Importer(815301076,1909f56bfc062723c751e8b465ee728b)
Start importing Assets/Scripts/PlayerMovement.cs using Guid(4a38a1d6f3436394481e429c7092361b) Importer(815301076,1909f56bfc062723c751e8b465ee728b) [PhysX] Initialized MultithreadedTaskDispatcher with 8 workers.
 -> (artifact id: '00000000000000000000000000000000') in 0.002057 seconds
Import Error Code:(4)
Message: Build asset version error: assets/scripts/playermovement.cs in SourceAssetDB has modification time of '2025-05-17T11:11:26.2749379Z' while content on disk has modification time of '2025-05-17T11:18:01.3237271Z'
  ERROR: Build asset version error: assets/scripts/playermovement.cs in SourceAssetDB has modification time of '2025-05-17T11:11:26.2749379Z' while content on disk has modification time of '2025-05-17T11:18:01.3237271Z'
Number of updated asset objects reloaded before import = 0
Number of asset objects unloaded after import = 0
========================================================================
Received Import Request.
  Time since last request: 0.104895 seconds.
  path: Assets/Scripts/PlayerMovement.cs
  artifactKey: Guid(4a38a1d6f3436394481e429c7092361b) Importer(815301076,1909f56bfc062723c751e8b465ee728b)
Start importing Assets/Scripts/PlayerMovement.cs using Guid(4a38a1d6f3436394481e429c7092361b) Importer(815301076,1909f56bfc062723c751e8b465ee728b) [PhysX] Initialized MultithreadedTaskDispatcher with 8 workers.
 -> (artifact id: '00000000000000000000000000000000') in 0.000813 seconds
Import Error Code:(4)
Message: Build asset version error: assets/scripts/playermovement.cs in SourceAssetDB has modification time of '2025-05-17T11:11:26.2749379Z' while content on disk has modification time of '2025-05-17T11:18:01.3237271Z'
  ERROR: Build asset version error: assets/scripts/playermovement.cs in SourceAssetDB has modification time of '2025-05-17T11:11:26.2749379Z' while content on disk has modification time of '2025-05-17T11:18:01.3237271Z'
Number of updated asset objects reloaded before import = 0
Number of asset objects unloaded after import = 0
========================================================================
Received Import Request.
  Time since last request: 0.090399 seconds.
  path: Assets/Scripts/PlayerMovement.cs
  artifactKey: Guid(4a38a1d6f3436394481e429c7092361b) Importer(815301076,1909f56bfc062723c751e8b465ee728b)
Start importing Assets/Scripts/PlayerMovement.cs using Guid(4a38a1d6f3436394481e429c7092361b) Importer(815301076,1909f56bfc062723c751e8b465ee728b) [PhysX] Initialized MultithreadedTaskDispatcher with 8 workers.
 -> (artifact id: '00000000000000000000000000000000') in 0.000728 seconds
Import Error Code:(4)
Message: Build asset version error: assets/scripts/playermovement.cs in SourceAssetDB has modification time of '2025-05-17T11:11:26.2749379Z' while content on disk has modification time of '2025-05-17T11:18:01.3237271Z'
  ERROR: Build asset version error: assets/scripts/playermovement.cs in SourceAssetDB has modification time of '2025-05-17T11:11:26.2749379Z' while content on disk has modification time of '2025-05-17T11:18:01.3237271Z'
Number of updated asset objects reloaded before import = 0
Number of asset objects unloaded after import = 0
========================================================================
Received Import Request.
  Time since last request: 0.097623 seconds.
  path: Assets/Scripts/PlayerMovement.cs
  artifactKey: Guid(4a38a1d6f3436394481e429c7092361b) Importer(815301076,1909f56bfc062723c751e8b465ee728b)
Start importing Assets/Scripts/PlayerMovement.cs using Guid(4a38a1d6f3436394481e429c7092361b) Importer(815301076,1909f56bfc062723c751e8b465ee728b) [PhysX] Initialized MultithreadedTaskDispatcher with 8 workers.
 -> (artifact id: '00000000000000000000000000000000') in 0.000728 seconds
Import Error Code:(4)
Message: Build asset version error: assets/scripts/playermovement.cs in SourceAssetDB has modification time of '2025-05-17T11:11:26.2749379Z' while content on disk has modification time of '2025-05-17T11:18:01.3237271Z'
  ERROR: Build asset version error: assets/scripts/playermovement.cs in SourceAssetDB has modification time of '2025-05-17T11:11:26.2749379Z' while content on disk has modification time of '2025-05-17T11:18:01.3237271Z'
Number of updated asset objects reloaded before import = 0
Number of asset objects unloaded after import = 0
========================================================================
Received Import Request.
  Time since last request: 0.107770 seconds.
  path: Assets/Scripts/PlayerMovement.cs
  artifactKey: Guid(4a38a1d6f3436394481e429c7092361b) Importer(815301076,1909f56bfc062723c751e8b465ee728b)
Start importing Assets/Scripts/PlayerMovement.cs using Guid(4a38a1d6f3436394481e429c7092361b) Importer(815301076,1909f56bfc062723c751e8b465ee728b) [PhysX] Initialized MultithreadedTaskDispatcher with 8 workers.
 -> (artifact id: '00000000000000000000000000000000') in 0.000822 seconds
Import Error Code:(4)
Message: Build asset version error: assets/scripts/playermovement.cs in SourceAssetDB has modification time of '2025-05-17T11:11:26.2749379Z' while content on disk has modification time of '2025-05-17T11:18:01.3237271Z'
  ERROR: Build asset version error: assets/scripts/playermovement.cs in SourceAssetDB has modification time of '2025-05-17T11:11:26.2749379Z' while content on disk has modification time of '2025-05-17T11:18:01.3237271Z'
Number of updated asset objects reloaded before import = 0
Number of asset objects unloaded after import = 0
========================================================================
Received Import Request.
  Time since last request: 0.093941 seconds.
  path: Assets/Scripts/PlayerMovement.cs
  artifactKey: Guid(4a38a1d6f3436394481e429c7092361b) Importer(815301076,1909f56bfc062723c751e8b465ee728b)
Start importing Assets/Scripts/PlayerMovement.cs using Guid(4a38a1d6f3436394481e429c7092361b) Importer(815301076,1909f56bfc062723c751e8b465ee728b) [PhysX] Initialized MultithreadedTaskDispatcher with 8 workers.
 -> (artifact id: '00000000000000000000000000000000') in 0.000701 seconds
Import Error Code:(4)
Message: Build asset version error: assets/scripts/playermovement.cs in SourceAssetDB has modification time of '2025-05-17T11:11:26.2749379Z' while content on disk has modification time of '2025-05-17T11:18:01.3237271Z'
  ERROR: Build asset version error: assets/scripts/playermovement.cs in SourceAssetDB has modification time of '2025-05-17T11:11:26.2749379Z' while content on disk has modification time of '2025-05-17T11:18:01.3237271Z'
Number of updated asset objects reloaded before import = 0
Number of asset objects unloaded after import = 0
========================================================================
Received Import Request.
  Time since last request: 0.105187 seconds.
  path: Assets/Scripts/PlayerMovement.cs
  artifactKey: Guid(4a38a1d6f3436394481e429c7092361b) Importer(815301076,1909f56bfc062723c751e8b465ee728b)
Start importing Assets/Scripts/PlayerMovement.cs using Guid(4a38a1d6f3436394481e429c7092361b) Importer(815301076,1909f56bfc062723c751e8b465ee728b) [PhysX] Initialized MultithreadedTaskDispatcher with 8 workers.
 -> (artifact id: '00000000000000000000000000000000') in 0.000994 seconds
Import Error Code:(4)
Message: Build asset version error: assets/scripts/playermovement.cs in SourceAssetDB has modification time of '2025-05-17T11:11:26.2749379Z' while content on disk has modification time of '2025-05-17T11:18:01.3237271Z'
  ERROR: Build asset version error: assets/scripts/playermovement.cs in SourceAssetDB has modification time of '2025-05-17T11:11:26.2749379Z' while content on disk has modification time of '2025-05-17T11:18:01.3237271Z'
Number of updated asset objects reloaded before import = 0
Number of asset objects unloaded after import = 0
========================================================================
Received Import Request.
  Time since last request: 0.094481 seconds.
  path: Assets/Scripts/PlayerMovement.cs
  artifactKey: Guid(4a38a1d6f3436394481e429c7092361b) Importer(815301076,1909f56bfc062723c751e8b465ee728b)
Start importing Assets/Scripts/PlayerMovement.cs using Guid(4a38a1d6f3436394481e429c7092361b) Importer(815301076,1909f56bfc062723c751e8b465ee728b) [PhysX] Initialized MultithreadedTaskDispatcher with 8 workers.
 -> (artifact id: '00000000000000000000000000000000') in 0.000672 seconds
Import Error Code:(4)
Message: Build asset version error: assets/scripts/playermovement.cs in SourceAssetDB has modification time of '2025-05-17T11:11:26.2749379Z' while content on disk has modification time of '2025-05-17T11:18:01.3237271Z'
  ERROR: Build asset version error: assets/scripts/playermovement.cs in SourceAssetDB has modification time of '2025-05-17T11:11:26.2749379Z' while content on disk has modification time of '2025-05-17T11:18:01.3237271Z'
Number of updated asset objects reloaded before import = 0
Number of asset objects unloaded after import = 0
========================================================================
Received Import Request.
  Time since last request: 0.092818 seconds.
  path: Assets/Scripts/PlayerMovement.cs
  artifactKey: Guid(4a38a1d6f3436394481e429c7092361b) Importer(815301076,1909f56bfc062723c751e8b465ee728b)
Start importing Assets/Scripts/PlayerMovement.cs using Guid(4a38a1d6f3436394481e429c7092361b) Importer(815301076,1909f56bfc062723c751e8b465ee728b) [PhysX] Initialized MultithreadedTaskDispatcher with 8 workers.
 -> (artifact id: '00000000000000000000000000000000') in 0.000932 seconds
Import Error Code:(4)
Message: Build asset version error: assets/scripts/playermovement.cs in SourceAssetDB has modification time of '2025-05-17T11:11:26.2749379Z' while content on disk has modification time of '2025-05-17T11:18:01.3237271Z'
  ERROR: Build asset version error: assets/scripts/playermovement.cs in SourceAssetDB has modification time of '2025-05-17T11:11:26.2749379Z' while content on disk has modification time of '2025-05-17T11:18:01.3237271Z'
Number of updated asset objects reloaded before import = 0
Number of asset objects unloaded after import = 0
========================================================================
Received Import Request.
  Time since last request: 0.108815 seconds.
  path: Assets/Scripts/PlayerMovement.cs
  artifactKey: Guid(4a38a1d6f3436394481e429c7092361b) Importer(815301076,1909f56bfc062723c751e8b465ee728b)
Start importing Assets/Scripts/PlayerMovement.cs using Guid(4a38a1d6f3436394481e429c7092361b) Importer(815301076,1909f56bfc062723c751e8b465ee728b) [PhysX] Initialized MultithreadedTaskDispatcher with 8 workers.
 -> (artifact id: '00000000000000000000000000000000') in 0.000890 seconds
Import Error Code:(4)
Message: Build asset version error: assets/scripts/playermovement.cs in SourceAssetDB has modification time of '2025-05-17T11:11:26.2749379Z' while content on disk has modification time of '2025-05-17T11:18:01.3237271Z'
  ERROR: Build asset version error: assets/scripts/playermovement.cs in SourceAssetDB has modification time of '2025-05-17T11:11:26.2749379Z' while content on disk has modification time of '2025-05-17T11:18:01.3237271Z'
Number of updated asset objects reloaded before import = 0
Number of asset objects unloaded after import = 0
========================================================================
Received Import Request.
  Time since last request: 0.094450 seconds.
  path: Assets/Scripts/PlayerMovement.cs
  artifactKey: Guid(4a38a1d6f3436394481e429c7092361b) Importer(815301076,1909f56bfc062723c751e8b465ee728b)
Start importing Assets/Scripts/PlayerMovement.cs using Guid(4a38a1d6f3436394481e429c7092361b) Importer(815301076,1909f56bfc062723c751e8b465ee728b) [PhysX] Initialized MultithreadedTaskDispatcher with 8 workers.
 -> (artifact id: '00000000000000000000000000000000') in 0.001162 seconds
Import Error Code:(4)
Message: Build asset version error: assets/scripts/playermovement.cs in SourceAssetDB has modification time of '2025-05-17T11:11:26.2749379Z' while content on disk has modification time of '2025-05-17T11:18:01.3237271Z'
  ERROR: Build asset version error: assets/scripts/playermovement.cs in SourceAssetDB has modification time of '2025-05-17T11:11:26.2749379Z' while content on disk has modification time of '2025-05-17T11:18:01.3237271Z'
Number of updated asset objects reloaded before import = 0
Number of asset objects unloaded after import = 0
========================================================================
Received Import Request.
  Time since last request: 0.103418 seconds.
  path: Assets/Scripts/PlayerMovement.cs
  artifactKey: Guid(4a38a1d6f3436394481e429c7092361b) Importer(815301076,1909f56bfc062723c751e8b465ee728b)
Start importing Assets/Scripts/PlayerMovement.cs using Guid(4a38a1d6f3436394481e429c7092361b) Importer(815301076,1909f56bfc062723c751e8b465ee728b) [PhysX] Initialized MultithreadedTaskDispatcher with 8 workers.
 -> (artifact id: '00000000000000000000000000000000') in 0.000630 seconds
Import Error Code:(4)
Message: Build asset version error: assets/scripts/playermovement.cs in SourceAssetDB has modification time of '2025-05-17T11:11:26.2749379Z' while content on disk has modification time of '2025-05-17T11:18:01.3237271Z'
  ERROR: Build asset version error: assets/scripts/playermovement.cs in SourceAssetDB has modification time of '2025-05-17T11:11:26.2749379Z' while content on disk has modification time of '2025-05-17T11:18:01.3237271Z'
Number of updated asset objects reloaded before import = 0
Number of asset objects unloaded after import = 0
========================================================================
Received Import Request.
  Time since last request: 0.095527 seconds.
  path: Assets/Scripts/PlayerMovement.cs
  artifactKey: Guid(4a38a1d6f3436394481e429c7092361b) Importer(815301076,1909f56bfc062723c751e8b465ee728b)
Start importing Assets/Scripts/PlayerMovement.cs using Guid(4a38a1d6f3436394481e429c7092361b) Importer(815301076,1909f56bfc062723c751e8b465ee728b) [PhysX] Initialized MultithreadedTaskDispatcher with 8 workers.
 -> (artifact id: '00000000000000000000000000000000') in 0.000654 seconds
Import Error Code:(4)
Message: Build asset version error: assets/scripts/playermovement.cs in SourceAssetDB has modification time of '2025-05-17T11:11:26.2749379Z' while content on disk has modification time of '2025-05-17T11:18:01.3237271Z'
  ERROR: Build asset version error: assets/scripts/playermovement.cs in SourceAssetDB has modification time of '2025-05-17T11:11:26.2749379Z' while content on disk has modification time of '2025-05-17T11:18:01.3237271Z'
Number of updated asset objects reloaded before import = 0
Number of asset objects unloaded after import = 0
========================================================================
Received Import Request.
  Time since last request: 0.093635 seconds.
  path: Assets/Scripts/PlayerMovement.cs
  artifactKey: Guid(4a38a1d6f3436394481e429c7092361b) Importer(815301076,1909f56bfc062723c751e8b465ee728b)
Start importing Assets/Scripts/PlayerMovement.cs using Guid(4a38a1d6f3436394481e429c7092361b) Importer(815301076,1909f56bfc062723c751e8b465ee728b) [PhysX] Initialized MultithreadedTaskDispatcher with 8 workers.
 -> (artifact id: '00000000000000000000000000000000') in 0.000617 seconds
Import Error Code:(4)
Message: Build asset version error: assets/scripts/playermovement.cs in SourceAssetDB has modification time of '2025-05-17T11:11:26.2749379Z' while content on disk has modification time of '2025-05-17T11:18:01.3237271Z'
  ERROR: Build asset version error: assets/scripts/playermovement.cs in SourceAssetDB has modification time of '2025-05-17T11:11:26.2749379Z' while content on disk has modification time of '2025-05-17T11:18:01.3237271Z'
Number of updated asset objects reloaded before import = 0
Number of asset objects unloaded after import = 0
========================================================================
Received Import Request.
  Time since last request: 0.094734 seconds.
  path: Assets/Scripts/PlayerMovement.cs
  artifactKey: Guid(4a38a1d6f3436394481e429c7092361b) Importer(815301076,1909f56bfc062723c751e8b465ee728b)
Start importing Assets/Scripts/PlayerMovement.cs using Guid(4a38a1d6f3436394481e429c7092361b) Importer(815301076,1909f56bfc062723c751e8b465ee728b) [PhysX] Initialized MultithreadedTaskDispatcher with 8 workers.
 -> (artifact id: '00000000000000000000000000000000') in 0.000967 seconds
Import Error Code:(4)
Message: Build asset version error: assets/scripts/playermovement.cs in SourceAssetDB has modification time of '2025-05-17T11:11:26.2749379Z' while content on disk has modification time of '2025-05-17T11:18:01.3237271Z'
  ERROR: Build asset version error: assets/scripts/playermovement.cs in SourceAssetDB has modification time of '2025-05-17T11:11:26.2749379Z' while content on disk has modification time of '2025-05-17T11:18:01.3237271Z'
Number of updated asset objects reloaded before import = 0
Number of asset objects unloaded after import = 0
========================================================================
Received Import Request.
  Time since last request: 0.097678 seconds.
  path: Assets/Scripts/PlayerMovement.cs
  artifactKey: Guid(4a38a1d6f3436394481e429c7092361b) Importer(815301076,1909f56bfc062723c751e8b465ee728b)
Start importing Assets/Scripts/PlayerMovement.cs using Guid(4a38a1d6f3436394481e429c7092361b) Importer(815301076,1909f56bfc062723c751e8b465ee728b) [PhysX] Initialized MultithreadedTaskDispatcher with 8 workers.
 -> (artifact id: '00000000000000000000000000000000') in 0.000758 seconds
Import Error Code:(4)
Message: Build asset version error: assets/scripts/playermovement.cs in SourceAssetDB has modification time of '2025-05-17T11:11:26.2749379Z' while content on disk has modification time of '2025-05-17T11:18:01.3237271Z'
  ERROR: Build asset version error: assets/scripts/playermovement.cs in SourceAssetDB has modification time of '2025-05-17T11:11:26.2749379Z' while content on disk has modification time of '2025-05-17T11:18:01.3237271Z'
Number of updated asset objects reloaded before import = 0
Number of asset objects unloaded after import = 0
========================================================================
Received Import Request.
  Time since last request: 0.098145 seconds.
  path: Assets/Scripts/PlayerMovement.cs
  artifactKey: Guid(4a38a1d6f3436394481e429c7092361b) Importer(815301076,1909f56bfc062723c751e8b465ee728b)
Start importing Assets/Scripts/PlayerMovement.cs using Guid(4a38a1d6f3436394481e429c7092361b) Importer(815301076,1909f56bfc062723c751e8b465ee728b) [PhysX] Initialized MultithreadedTaskDispatcher with 8 workers.
 -> (artifact id: '00000000000000000000000000000000') in 0.000643 seconds
Import Error Code:(4)
Message: Build asset version error: assets/scripts/playermovement.cs in SourceAssetDB has modification time of '2025-05-17T11:11:26.2749379Z' while content on disk has modification time of '2025-05-17T11:18:01.3237271Z'
  ERROR: Build asset version error: assets/scripts/playermovement.cs in SourceAssetDB has modification time of '2025-05-17T11:11:26.2749379Z' while content on disk has modification time of '2025-05-17T11:18:01.3237271Z'
Number of updated asset objects reloaded before import = 0
Number of asset objects unloaded after import = 0
========================================================================
Received Import Request.
  Time since last request: 0.109259 seconds.
  path: Assets/Scripts/PlayerMovement.cs
  artifactKey: Guid(4a38a1d6f3436394481e429c7092361b) Importer(815301076,1909f56bfc062723c751e8b465ee728b)
Start importing Assets/Scripts/PlayerMovement.cs using Guid(4a38a1d6f3436394481e429c7092361b) Importer(815301076,1909f56bfc062723c751e8b465ee728b) [PhysX] Initialized MultithreadedTaskDispatcher with 8 workers.
 -> (artifact id: '00000000000000000000000000000000') in 0.000654 seconds
Import Error Code:(4)
Message: Build asset version error: assets/scripts/playermovement.cs in SourceAssetDB has modification time of '2025-05-17T11:11:26.2749379Z' while content on disk has modification time of '2025-05-17T11:18:01.3237271Z'
  ERROR: Build asset version error: assets/scripts/playermovement.cs in SourceAssetDB has modification time of '2025-05-17T11:11:26.2749379Z' while content on disk has modification time of '2025-05-17T11:18:01.3237271Z'
Number of updated asset objects reloaded before import = 0
Number of asset objects unloaded after import = 0
========================================================================
Received Import Request.
  Time since last request: 0.096932 seconds.
  path: Assets/Scripts/PlayerMovement.cs
  artifactKey: Guid(4a38a1d6f3436394481e429c7092361b) Importer(815301076,1909f56bfc062723c751e8b465ee728b)
Start importing Assets/Scripts/PlayerMovement.cs using Guid(4a38a1d6f3436394481e429c7092361b) Importer(815301076,1909f56bfc062723c751e8b465ee728b) [PhysX] Initialized MultithreadedTaskDispatcher with 8 workers.
 -> (artifact id: '00000000000000000000000000000000') in 0.000689 seconds
Import Error Code:(4)
Message: Build asset version error: assets/scripts/playermovement.cs in SourceAssetDB has modification time of '2025-05-17T11:11:26.2749379Z' while content on disk has modification time of '2025-05-17T11:18:01.3237271Z'
  ERROR: Build asset version error: assets/scripts/playermovement.cs in SourceAssetDB has modification time of '2025-05-17T11:11:26.2749379Z' while content on disk has modification time of '2025-05-17T11:18:01.3237271Z'
Number of updated asset objects reloaded before import = 0
Number of asset objects unloaded after import = 0
========================================================================
Received Import Request.
  Time since last request: 0.093679 seconds.
  path: Assets/Scripts/PlayerMovement.cs
  artifactKey: Guid(4a38a1d6f3436394481e429c7092361b) Importer(815301076,1909f56bfc062723c751e8b465ee728b)
Start importing Assets/Scripts/PlayerMovement.cs using Guid(4a38a1d6f3436394481e429c7092361b) Importer(815301076,1909f56bfc062723c751e8b465ee728b) [PhysX] Initialized MultithreadedTaskDispatcher with 8 workers.
 -> (artifact id: '00000000000000000000000000000000') in 0.000579 seconds
Import Error Code:(4)
Message: Build asset version error: assets/scripts/playermovement.cs in SourceAssetDB has modification time of '2025-05-17T11:11:26.2749379Z' while content on disk has modification time of '2025-05-17T11:18:01.3237271Z'
  ERROR: Build asset version error: assets/scripts/playermovement.cs in SourceAssetDB has modification time of '2025-05-17T11:11:26.2749379Z' while content on disk has modification time of '2025-05-17T11:18:01.3237271Z'
Number of updated asset objects reloaded before import = 0
Number of asset objects unloaded after import = 0
========================================================================
Received Import Request.
  Time since last request: 0.108063 seconds.
  path: Assets/Scripts/PlayerMovement.cs
  artifactKey: Guid(4a38a1d6f3436394481e429c7092361b) Importer(815301076,1909f56bfc062723c751e8b465ee728b)
Start importing Assets/Scripts/PlayerMovement.cs using Guid(4a38a1d6f3436394481e429c7092361b) Importer(815301076,1909f56bfc062723c751e8b465ee728b) [PhysX] Initialized MultithreadedTaskDispatcher with 8 workers.
 -> (artifact id: '00000000000000000000000000000000') in 0.000643 seconds
Import Error Code:(4)
Message: Build asset version error: assets/scripts/playermovement.cs in SourceAssetDB has modification time of '2025-05-17T11:11:26.2749379Z' while content on disk has modification time of '2025-05-17T11:18:01.3237271Z'
  ERROR: Build asset version error: assets/scripts/playermovement.cs in SourceAssetDB has modification time of '2025-05-17T11:11:26.2749379Z' while content on disk has modification time of '2025-05-17T11:18:01.3237271Z'
Number of updated asset objects reloaded before import = 0
Number of asset objects unloaded after import = 0
========================================================================
Received Import Request.
  Time since last request: 0.093180 seconds.
  path: Assets/Scripts/PlayerMovement.cs
  artifactKey: Guid(4a38a1d6f3436394481e429c7092361b) Importer(815301076,1909f56bfc062723c751e8b465ee728b)
Start importing Assets/Scripts/PlayerMovement.cs using Guid(4a38a1d6f3436394481e429c7092361b) Importer(815301076,1909f56bfc062723c751e8b465ee728b) [PhysX] Initialized MultithreadedTaskDispatcher with 8 workers.
 -> (artifact id: '00000000000000000000000000000000') in 0.000543 seconds
Import Error Code:(4)
Message: Build asset version error: assets/scripts/playermovement.cs in SourceAssetDB has modification time of '2025-05-17T11:11:26.2749379Z' while content on disk has modification time of '2025-05-17T11:18:01.3237271Z'
  ERROR: Build asset version error: assets/scripts/playermovement.cs in SourceAssetDB has modification time of '2025-05-17T11:11:26.2749379Z' while content on disk has modification time of '2025-05-17T11:18:01.3237271Z'
Number of updated asset objects reloaded before import = 0
Number of asset objects unloaded after import = 0
========================================================================
Received Import Request.
  Time since last request: 0.094160 seconds.
  path: Assets/Scripts/PlayerMovement.cs
  artifactKey: Guid(4a38a1d6f3436394481e429c7092361b) Importer(815301076,1909f56bfc062723c751e8b465ee728b)
Start importing Assets/Scripts/PlayerMovement.cs using Guid(4a38a1d6f3436394481e429c7092361b) Importer(815301076,1909f56bfc062723c751e8b465ee728b) [PhysX] Initialized MultithreadedTaskDispatcher with 8 workers.
 -> (artifact id: '00000000000000000000000000000000') in 0.000650 seconds
Import Error Code:(4)
Message: Build asset version error: assets/scripts/playermovement.cs in SourceAssetDB has modification time of '2025-05-17T11:11:26.2749379Z' while content on disk has modification time of '2025-05-17T11:18:01.3237271Z'
  ERROR: Build asset version error: assets/scripts/playermovement.cs in SourceAssetDB has modification time of '2025-05-17T11:11:26.2749379Z' while content on disk has modification time of '2025-05-17T11:18:01.3237271Z'
Number of updated asset objects reloaded before import = 0
Number of asset objects unloaded after import = 0
========================================================================
Received Import Request.
  Time since last request: 0.109370 seconds.
  path: Assets/Scripts/PlayerMovement.cs
  artifactKey: Guid(4a38a1d6f3436394481e429c7092361b) Importer(815301076,1909f56bfc062723c751e8b465ee728b)
Start importing Assets/Scripts/PlayerMovement.cs using Guid(4a38a1d6f3436394481e429c7092361b) Importer(815301076,1909f56bfc062723c751e8b465ee728b) [PhysX] Initialized MultithreadedTaskDispatcher with 8 workers.
 -> (artifact id: '00000000000000000000000000000000') in 0.000748 seconds
Import Error Code:(4)
Message: Build asset version error: assets/scripts/playermovement.cs in SourceAssetDB has modification time of '2025-05-17T11:11:26.2749379Z' while content on disk has modification time of '2025-05-17T11:18:01.3237271Z'
  ERROR: Build asset version error: assets/scripts/playermovement.cs in SourceAssetDB has modification time of '2025-05-17T11:11:26.2749379Z' while content on disk has modification time of '2025-05-17T11:18:01.3237271Z'
Number of updated asset objects reloaded before import = 0
Number of asset objects unloaded after import = 0
========================================================================
Received Import Request.
  Time since last request: 0.093006 seconds.
  path: Assets/Scripts/PlayerMovement.cs
  artifactKey: Guid(4a38a1d6f3436394481e429c7092361b) Importer(815301076,1909f56bfc062723c751e8b465ee728b)
Start importing Assets/Scripts/PlayerMovement.cs using Guid(4a38a1d6f3436394481e429c7092361b) Importer(815301076,1909f56bfc062723c751e8b465ee728b) [PhysX] Initialized MultithreadedTaskDispatcher with 8 workers.
 -> (artifact id: '00000000000000000000000000000000') in 0.000630 seconds
Import Error Code:(4)
Message: Build asset version error: assets/scripts/playermovement.cs in SourceAssetDB has modification time of '2025-05-17T11:11:26.2749379Z' while content on disk has modification time of '2025-05-17T11:18:01.3237271Z'
  ERROR: Build asset version error: assets/scripts/playermovement.cs in SourceAssetDB has modification time of '2025-05-17T11:11:26.2749379Z' while content on disk has modification time of '2025-05-17T11:18:01.3237271Z'
Number of updated asset objects reloaded before import = 0
Number of asset objects unloaded after import = 0
========================================================================
Received Import Request.
  Time since last request: 0.105382 seconds.
  path: Assets/Scripts/PlayerMovement.cs
  artifactKey: Guid(4a38a1d6f3436394481e429c7092361b) Importer(815301076,1909f56bfc062723c751e8b465ee728b)
Start importing Assets/Scripts/PlayerMovement.cs using Guid(4a38a1d6f3436394481e429c7092361b) Importer(815301076,1909f56bfc062723c751e8b465ee728b) [PhysX] Initialized MultithreadedTaskDispatcher with 8 workers.
 -> (artifact id: '00000000000000000000000000000000') in 0.000630 seconds
Import Error Code:(4)
Message: Build asset version error: assets/scripts/playermovement.cs in SourceAssetDB has modification time of '2025-05-17T11:11:26.2749379Z' while content on disk has modification time of '2025-05-17T11:18:01.3237271Z'
  ERROR: Build asset version error: assets/scripts/playermovement.cs in SourceAssetDB has modification time of '2025-05-17T11:11:26.2749379Z' while content on disk has modification time of '2025-05-17T11:18:01.3237271Z'
Number of updated asset objects reloaded before import = 0
Number of asset objects unloaded after import = 0
========================================================================
Received Import Request.
  Time since last request: 0.095985 seconds.
  path: Assets/Scripts/PlayerMovement.cs
  artifactKey: Guid(4a38a1d6f3436394481e429c7092361b) Importer(815301076,1909f56bfc062723c751e8b465ee728b)
Start importing Assets/Scripts/PlayerMovement.cs using Guid(4a38a1d6f3436394481e429c7092361b) Importer(815301076,1909f56bfc062723c751e8b465ee728b) [PhysX] Initialized MultithreadedTaskDispatcher with 8 workers.
 -> (artifact id: '00000000000000000000000000000000') in 0.000987 seconds
Import Error Code:(4)
Message: Build asset version error: assets/scripts/playermovement.cs in SourceAssetDB has modification time of '2025-05-17T11:11:26.2749379Z' while content on disk has modification time of '2025-05-17T11:18:01.3237271Z'
  ERROR: Build asset version error: assets/scripts/playermovement.cs in SourceAssetDB has modification time of '2025-05-17T11:11:26.2749379Z' while content on disk has modification time of '2025-05-17T11:18:01.3237271Z'
Number of updated asset objects reloaded before import = 0
Number of asset objects unloaded after import = 0
========================================================================
Received Import Request.
  Time since last request: 0.095542 seconds.
  path: Assets/Scripts/PlayerMovement.cs
  artifactKey: Guid(4a38a1d6f3436394481e429c7092361b) Importer(815301076,1909f56bfc062723c751e8b465ee728b)
Start importing Assets/Scripts/PlayerMovement.cs using Guid(4a38a1d6f3436394481e429c7092361b) Importer(815301076,1909f56bfc062723c751e8b465ee728b) [PhysX] Initialized MultithreadedTaskDispatcher with 8 workers.
 -> (artifact id: '00000000000000000000000000000000') in 0.000579 seconds
Import Error Code:(4)
Message: Build asset version error: assets/scripts/playermovement.cs in SourceAssetDB has modification time of '2025-05-17T11:11:26.2749379Z' while content on disk has modification time of '2025-05-17T11:18:01.3237271Z'
  ERROR: Build asset version error: assets/scripts/playermovement.cs in SourceAssetDB has modification time of '2025-05-17T11:11:26.2749379Z' while content on disk has modification time of '2025-05-17T11:18:01.3237271Z'
Number of updated asset objects reloaded before import = 0
Number of asset objects unloaded after import = 0
========================================================================
Received Import Request.
  Time since last request: 0.093542 seconds.
  path: Assets/Scripts/PlayerMovement.cs
  artifactKey: Guid(4a38a1d6f3436394481e429c7092361b) Importer(815301076,1909f56bfc062723c751e8b465ee728b)
Start importing Assets/Scripts/PlayerMovement.cs using Guid(4a38a1d6f3436394481e429c7092361b) Importer(815301076,1909f56bfc062723c751e8b465ee728b) [PhysX] Initialized MultithreadedTaskDispatcher with 8 workers.
 -> (artifact id: '00000000000000000000000000000000') in 0.000963 seconds
Import Error Code:(4)
Message: Build asset version error: assets/scripts/playermovement.cs in SourceAssetDB has modification time of '2025-05-17T11:11:26.2749379Z' while content on disk has modification time of '2025-05-17T11:18:01.3237271Z'
  ERROR: Build asset version error: assets/scripts/playermovement.cs in SourceAssetDB has modification time of '2025-05-17T11:11:26.2749379Z' while content on disk has modification time of '2025-05-17T11:18:01.3237271Z'
Number of updated asset objects reloaded before import = 0
Number of asset objects unloaded after import = 0
========================================================================
Received Import Request.
  Time since last request: 0.097305 seconds.
  path: Assets/Scripts/PlayerMovement.cs
  artifactKey: Guid(4a38a1d6f3436394481e429c7092361b) Importer(815301076,1909f56bfc062723c751e8b465ee728b)
Start importing Assets/Scripts/PlayerMovement.cs using Guid(4a38a1d6f3436394481e429c7092361b) Importer(815301076,1909f56bfc062723c751e8b465ee728b) [PhysX] Initialized MultithreadedTaskDispatcher with 8 workers.
 -> (artifact id: '00000000000000000000000000000000') in 0.000821 seconds
Import Error Code:(4)
Message: Build asset version error: assets/scripts/playermovement.cs in SourceAssetDB has modification time of '2025-05-17T11:11:26.2749379Z' while content on disk has modification time of '2025-05-17T11:18:01.3237271Z'
  ERROR: Build asset version error: assets/scripts/playermovement.cs in SourceAssetDB has modification time of '2025-05-17T11:11:26.2749379Z' while content on disk has modification time of '2025-05-17T11:18:01.3237271Z'
Number of updated asset objects reloaded before import = 0
Number of asset objects unloaded after import = 0
========================================================================
Received Import Request.
  Time since last request: 0.103140 seconds.
  path: Assets/Scripts/PlayerMovement.cs
  artifactKey: Guid(4a38a1d6f3436394481e429c7092361b) Importer(815301076,1909f56bfc062723c751e8b465ee728b)
Start importing Assets/Scripts/PlayerMovement.cs using Guid(4a38a1d6f3436394481e429c7092361b) Importer(815301076,1909f56bfc062723c751e8b465ee728b) [PhysX] Initialized MultithreadedTaskDispatcher with 8 workers.
 -> (artifact id: '00000000000000000000000000000000') in 0.000893 seconds
Import Error Code:(4)
Message: Build asset version error: assets/scripts/playermovement.cs in SourceAssetDB has modification time of '2025-05-17T11:11:26.2749379Z' while content on disk has modification time of '2025-05-17T11:18:01.3237271Z'
  ERROR: Build asset version error: assets/scripts/playermovement.cs in SourceAssetDB has modification time of '2025-05-17T11:11:26.2749379Z' while content on disk has modification time of '2025-05-17T11:18:01.3237271Z'
Number of updated asset objects reloaded before import = 0
Number of asset objects unloaded after import = 0
========================================================================
Received Import Request.
  Time since last request: 0.093280 seconds.
  path: Assets/Scripts/PlayerMovement.cs
  artifactKey: Guid(4a38a1d6f3436394481e429c7092361b) Importer(815301076,1909f56bfc062723c751e8b465ee728b)
Start importing Assets/Scripts/PlayerMovement.cs using Guid(4a38a1d6f3436394481e429c7092361b) Importer(815301076,1909f56bfc062723c751e8b465ee728b) [PhysX] Initialized MultithreadedTaskDispatcher with 8 workers.
 -> (artifact id: '00000000000000000000000000000000') in 0.001108 seconds
Import Error Code:(4)
Message: Build asset version error: assets/scripts/playermovement.cs in SourceAssetDB has modification time of '2025-05-17T11:11:26.2749379Z' while content on disk has modification time of '2025-05-17T11:18:01.3237271Z'
  ERROR: Build asset version error: assets/scripts/playermovement.cs in SourceAssetDB has modification time of '2025-05-17T11:11:26.2749379Z' while content on disk has modification time of '2025-05-17T11:18:01.3237271Z'
Number of updated asset objects reloaded before import = 0
Number of asset objects unloaded after import = 0
========================================================================
Received Import Request.
  Time since last request: 0.109014 seconds.
  path: Assets/Scripts/PlayerMovement.cs
  artifactKey: Guid(4a38a1d6f3436394481e429c7092361b) Importer(815301076,1909f56bfc062723c751e8b465ee728b)
Start importing Assets/Scripts/PlayerMovement.cs using Guid(4a38a1d6f3436394481e429c7092361b) Importer(815301076,1909f56bfc062723c751e8b465ee728b) [PhysX] Initialized MultithreadedTaskDispatcher with 8 workers.
 -> (artifact id: '00000000000000000000000000000000') in 0.000978 seconds
Import Error Code:(4)
Message: Build asset version error: assets/scripts/playermovement.cs in SourceAssetDB has modification time of '2025-05-17T11:11:26.2749379Z' while content on disk has modification time of '2025-05-17T11:18:01.3237271Z'
  ERROR: Build asset version error: assets/scripts/playermovement.cs in SourceAssetDB has modification time of '2025-05-17T11:11:26.2749379Z' while content on disk has modification time of '2025-05-17T11:18:01.3237271Z'
Number of updated asset objects reloaded before import = 0
Number of asset objects unloaded after import = 0
========================================================================
Received Import Request.
  Time since last request: 0.094736 seconds.
  path: Assets/Scripts/PlayerMovement.cs
  artifactKey: Guid(4a38a1d6f3436394481e429c7092361b) Importer(815301076,1909f56bfc062723c751e8b465ee728b)
Start importing Assets/Scripts/PlayerMovement.cs using Guid(4a38a1d6f3436394481e429c7092361b) Importer(815301076,1909f56bfc062723c751e8b465ee728b) [PhysX] Initialized MultithreadedTaskDispatcher with 8 workers.
 -> (artifact id: '00000000000000000000000000000000') in 0.003721 seconds
Import Error Code:(4)
Message: Build asset version error: assets/scripts/playermovement.cs in SourceAssetDB has modification time of '2025-05-17T11:11:26.2749379Z' while content on disk has modification time of '2025-05-17T11:18:01.3237271Z'
  ERROR: Build asset version error: assets/scripts/playermovement.cs in SourceAssetDB has modification time of '2025-05-17T11:11:26.2749379Z' while content on disk has modification time of '2025-05-17T11:18:01.3237271Z'
Number of updated asset objects reloaded before import = 0
Number of asset objects unloaded after import = 0
========================================================================
Received Import Request.
  Time since last request: 0.093938 seconds.
  path: Assets/Scripts/PlayerMovement.cs
  artifactKey: Guid(4a38a1d6f3436394481e429c7092361b) Importer(815301076,1909f56bfc062723c751e8b465ee728b)
Start importing Assets/Scripts/PlayerMovement.cs using Guid(4a38a1d6f3436394481e429c7092361b) Importer(815301076,1909f56bfc062723c751e8b465ee728b) [PhysX] Initialized MultithreadedTaskDispatcher with 8 workers.
 -> (artifact id: '00000000000000000000000000000000') in 0.000987 seconds
Import Error Code:(4)
Message: Build asset version error: assets/scripts/playermovement.cs in SourceAssetDB has modification time of '2025-05-17T11:11:26.2749379Z' while content on disk has modification time of '2025-05-17T11:18:01.3237271Z'
  ERROR: Build asset version error: assets/scripts/playermovement.cs in SourceAssetDB has modification time of '2025-05-17T11:11:26.2749379Z' while content on disk has modification time of '2025-05-17T11:18:01.3237271Z'
Number of updated asset objects reloaded before import = 0
Number of asset objects unloaded after import = 0
========================================================================
Received Import Request.
  Time since last request: 0.086287 seconds.
  path: Assets/Scripts/PlayerMovement.cs
  artifactKey: Guid(4a38a1d6f3436394481e429c7092361b) Importer(815301076,1909f56bfc062723c751e8b465ee728b)
Start importing Assets/Scripts/PlayerMovement.cs using Guid(4a38a1d6f3436394481e429c7092361b) Importer(815301076,1909f56bfc062723c751e8b465ee728b) [PhysX] Initialized MultithreadedTaskDispatcher with 8 workers.
 -> (artifact id: '00000000000000000000000000000000') in 0.001692 seconds
Import Error Code:(4)
Message: Build asset version error: assets/scripts/playermovement.cs in SourceAssetDB has modification time of '2025-05-17T11:11:26.2749379Z' while content on disk has modification time of '2025-05-17T11:18:01.3237271Z'
  ERROR: Build asset version error: assets/scripts/playermovement.cs in SourceAssetDB has modification time of '2025-05-17T11:11:26.2749379Z' while content on disk has modification time of '2025-05-17T11:18:01.3237271Z'
Number of updated asset objects reloaded before import = 0
Number of asset objects unloaded after import = 0
========================================================================
Received Import Request.
  Time since last request: 0.110953 seconds.
  path: Assets/Scripts/PlayerMovement.cs
  artifactKey: Guid(4a38a1d6f3436394481e429c7092361b) Importer(815301076,1909f56bfc062723c751e8b465ee728b)
Start importing Assets/Scripts/PlayerMovement.cs using Guid(4a38a1d6f3436394481e429c7092361b) Importer(815301076,1909f56bfc062723c751e8b465ee728b) [PhysX] Initialized MultithreadedTaskDispatcher with 8 workers.
 -> (artifact id: '00000000000000000000000000000000') in 0.000959 seconds
Import Error Code:(4)
Message: Build asset version error: assets/scripts/playermovement.cs in SourceAssetDB has modification time of '2025-05-17T11:11:26.2749379Z' while content on disk has modification time of '2025-05-17T11:18:01.3237271Z'
  ERROR: Build asset version error: assets/scripts/playermovement.cs in SourceAssetDB has modification time of '2025-05-17T11:11:26.2749379Z' while content on disk has modification time of '2025-05-17T11:18:01.3237271Z'
Number of updated asset objects reloaded before import = 0
Number of asset objects unloaded after import = 0
========================================================================
Received Import Request.
  Time since last request: 0.010770 seconds.
  path: Assets/Scripts/PlayerMovement.cs
  artifactKey: Guid(4a38a1d6f3436394481e429c7092361b) Importer(815301076,1909f56bfc062723c751e8b465ee728b)
Start importing Assets/Scripts/PlayerMovement.cs using Guid(4a38a1d6f3436394481e429c7092361b) Importer(815301076,1909f56bfc062723c751e8b465ee728b) [PhysX] Initialized MultithreadedTaskDispatcher with 8 workers.
 -> (artifact id: '00000000000000000000000000000000') in 0.000679 seconds
Import Error Code:(4)
Message: Build asset version error: assets/scripts/playermovement.cs in SourceAssetDB has modification time of '2025-05-17T11:11:26.2749379Z' while content on disk has modification time of '2025-05-17T11:18:01.3237271Z'
  ERROR: Build asset version error: assets/scripts/playermovement.cs in SourceAssetDB has modification time of '2025-05-17T11:11:26.2749379Z' while content on disk has modification time of '2025-05-17T11:18:01.3237271Z'
Number of updated asset objects reloaded before import = 0
Number of asset objects unloaded after import = 0
========================================================================
Received Import Request.
  Time since last request: 0.080149 seconds.
  path: Assets/Scripts/PlayerMovement.cs
  artifactKey: Guid(4a38a1d6f3436394481e429c7092361b) Importer(815301076,1909f56bfc062723c751e8b465ee728b)
Start importing Assets/Scripts/PlayerMovement.cs using Guid(4a38a1d6f3436394481e429c7092361b) Importer(815301076,1909f56bfc062723c751e8b465ee728b) [PhysX] Initialized MultithreadedTaskDispatcher with 8 workers.
 -> (artifact id: '00000000000000000000000000000000') in 0.000679 seconds
Import Error Code:(4)
Message: Build asset version error: assets/scripts/playermovement.cs in SourceAssetDB has modification time of '2025-05-17T11:11:26.2749379Z' while content on disk has modification time of '2025-05-17T11:18:01.3237271Z'
  ERROR: Build asset version error: assets/scripts/playermovement.cs in SourceAssetDB has modification time of '2025-05-17T11:11:26.2749379Z' while content on disk has modification time of '2025-05-17T11:18:01.3237271Z'
Number of updated asset objects reloaded before import = 0
Number of asset objects unloaded after import = 0
========================================================================
Received Import Request.
  Time since last request: 0.109695 seconds.
  path: Assets/Scripts/PlayerMovement.cs
  artifactKey: Guid(4a38a1d6f3436394481e429c7092361b) Importer(815301076,1909f56bfc062723c751e8b465ee728b)
Start importing Assets/Scripts/PlayerMovement.cs using Guid(4a38a1d6f3436394481e429c7092361b) Importer(815301076,1909f56bfc062723c751e8b465ee728b) [PhysX] Initialized MultithreadedTaskDispatcher with 8 workers.
 -> (artifact id: '00000000000000000000000000000000') in 0.000802 seconds
Import Error Code:(4)
Message: Build asset version error: assets/scripts/playermovement.cs in SourceAssetDB has modification time of '2025-05-17T11:11:26.2749379Z' while content on disk has modification time of '2025-05-17T11:18:01.3237271Z'
  ERROR: Build asset version error: assets/scripts/playermovement.cs in SourceAssetDB has modification time of '2025-05-17T11:11:26.2749379Z' while content on disk has modification time of '2025-05-17T11:18:01.3237271Z'
Number of updated asset objects reloaded before import = 0
Number of asset objects unloaded after import = 0
========================================================================
Received Import Request.
  Time since last request: 0.101832 seconds.
  path: Assets/Scripts/PlayerMovement.cs
  artifactKey: Guid(4a38a1d6f3436394481e429c7092361b) Importer(815301076,1909f56bfc062723c751e8b465ee728b)
Start importing Assets/Scripts/PlayerMovement.cs using Guid(4a38a1d6f3436394481e429c7092361b) Importer(815301076,1909f56bfc062723c751e8b465ee728b) [PhysX] Initialized MultithreadedTaskDispatcher with 8 workers.
 -> (artifact id: '00000000000000000000000000000000') in 0.001264 seconds
Import Error Code:(4)
Message: Build asset version error: assets/scripts/playermovement.cs in SourceAssetDB has modification time of '2025-05-17T11:11:26.2749379Z' while content on disk has modification time of '2025-05-17T11:18:01.3237271Z'
  ERROR: Build asset version error: assets/scripts/playermovement.cs in SourceAssetDB has modification time of '2025-05-17T11:11:26.2749379Z' while content on disk has modification time of '2025-05-17T11:18:01.3237271Z'
Number of updated asset objects reloaded before import = 0
Number of asset objects unloaded after import = 0
========================================================================
Received Import Request.
  Time since last request: 0.099933 seconds.
  path: Assets/Scripts/PlayerMovement.cs
  artifactKey: Guid(4a38a1d6f3436394481e429c7092361b) Importer(815301076,1909f56bfc062723c751e8b465ee728b)
Start importing Assets/Scripts/PlayerMovement.cs using Guid(4a38a1d6f3436394481e429c7092361b) Importer(815301076,1909f56bfc062723c751e8b465ee728b) [PhysX] Initialized MultithreadedTaskDispatcher with 8 workers.
 -> (artifact id: '00000000000000000000000000000000') in 0.000629 seconds
Import Error Code:(4)
Message: Build asset version error: assets/scripts/playermovement.cs in SourceAssetDB has modification time of '2025-05-17T11:11:26.2749379Z' while content on disk has modification time of '2025-05-17T11:18:01.3237271Z'
  ERROR: Build asset version error: assets/scripts/playermovement.cs in SourceAssetDB has modification time of '2025-05-17T11:11:26.2749379Z' while content on disk has modification time of '2025-05-17T11:18:01.3237271Z'
Number of updated asset objects reloaded before import = 0
Number of asset objects unloaded after import = 0
========================================================================
Received Import Request.
  Time since last request: 0.096459 seconds.
  path: Assets/Scripts/PlayerMovement.cs
  artifactKey: Guid(4a38a1d6f3436394481e429c7092361b) Importer(815301076,1909f56bfc062723c751e8b465ee728b)
Start importing Assets/Scripts/PlayerMovement.cs using Guid(4a38a1d6f3436394481e429c7092361b) Importer(815301076,1909f56bfc062723c751e8b465ee728b) [PhysX] Initialized MultithreadedTaskDispatcher with 8 workers.
 -> (artifact id: '00000000000000000000000000000000') in 0.001055 seconds
Import Error Code:(4)
Message: Build asset version error: assets/scripts/playermovement.cs in SourceAssetDB has modification time of '2025-05-17T11:11:26.2749379Z' while content on disk has modification time of '2025-05-17T11:18:01.3237271Z'
  ERROR: Build asset version error: assets/scripts/playermovement.cs in SourceAssetDB has modification time of '2025-05-17T11:11:26.2749379Z' while content on disk has modification time of '2025-05-17T11:18:01.3237271Z'
Number of updated asset objects reloaded before import = 0
Number of asset objects unloaded after import = 0
========================================================================
Received Import Request.
  Time since last request: 0.099818 seconds.
  path: Assets/Scripts/PlayerMovement.cs
  artifactKey: Guid(4a38a1d6f3436394481e429c7092361b) Importer(815301076,1909f56bfc062723c751e8b465ee728b)
Start importing Assets/Scripts/PlayerMovement.cs using Guid(4a38a1d6f3436394481e429c7092361b) Importer(815301076,1909f56bfc062723c751e8b465ee728b) [PhysX] Initialized MultithreadedTaskDispatcher with 8 workers.
 -> (artifact id: '00000000000000000000000000000000') in 0.002531 seconds
Import Error Code:(4)
Message: Build asset version error: assets/scripts/playermovement.cs in SourceAssetDB has modification time of '2025-05-17T11:11:26.2749379Z' while content on disk has modification time of '2025-05-17T11:18:01.3237271Z'
  ERROR: Build asset version error: assets/scripts/playermovement.cs in SourceAssetDB has modification time of '2025-05-17T11:11:26.2749379Z' while content on disk has modification time of '2025-05-17T11:18:01.3237271Z'
Number of updated asset objects reloaded before import = 0
Number of asset objects unloaded after import = 0
========================================================================
Received Import Request.
  Time since last request: 0.080183 seconds.
  path: Assets/Scripts/PlayerMovement.cs
  artifactKey: Guid(4a38a1d6f3436394481e429c7092361b) Importer(815301076,1909f56bfc062723c751e8b465ee728b)
Start importing Assets/Scripts/PlayerMovement.cs using Guid(4a38a1d6f3436394481e429c7092361b) Importer(815301076,1909f56bfc062723c751e8b465ee728b) [PhysX] Initialized MultithreadedTaskDispatcher with 8 workers.
 -> (artifact id: '00000000000000000000000000000000') in 0.000607 seconds
Import Error Code:(4)
Message: Build asset version error: assets/scripts/playermovement.cs in SourceAssetDB has modification time of '2025-05-17T11:11:26.2749379Z' while content on disk has modification time of '2025-05-17T11:18:01.3237271Z'
  ERROR: Build asset version error: assets/scripts/playermovement.cs in SourceAssetDB has modification time of '2025-05-17T11:11:26.2749379Z' while content on disk has modification time of '2025-05-17T11:18:01.3237271Z'
Number of updated asset objects reloaded before import = 0
Number of asset objects unloaded after import = 0
========================================================================
Received Import Request.
  Time since last request: 0.099079 seconds.
  path: Assets/Scripts/PlayerMovement.cs
  artifactKey: Guid(4a38a1d6f3436394481e429c7092361b) Importer(815301076,1909f56bfc062723c751e8b465ee728b)
Start importing Assets/Scripts/PlayerMovement.cs using Guid(4a38a1d6f3436394481e429c7092361b) Importer(815301076,1909f56bfc062723c751e8b465ee728b) [PhysX] Initialized MultithreadedTaskDispatcher with 8 workers.
 -> (artifact id: '00000000000000000000000000000000') in 0.000745 seconds
Import Error Code:(4)
Message: Build asset version error: assets/scripts/playermovement.cs in SourceAssetDB has modification time of '2025-05-17T11:11:26.2749379Z' while content on disk has modification time of '2025-05-17T11:18:01.3237271Z'
  ERROR: Build asset version error: assets/scripts/playermovement.cs in SourceAssetDB has modification time of '2025-05-17T11:11:26.2749379Z' while content on disk has modification time of '2025-05-17T11:18:01.3237271Z'
Number of updated asset objects reloaded before import = 0
Number of asset objects unloaded after import = 0
========================================================================
Received Import Request.
  Time since last request: 0.104972 seconds.
  path: Assets/Scripts/PlayerMovement.cs
  artifactKey: Guid(4a38a1d6f3436394481e429c7092361b) Importer(815301076,1909f56bfc062723c751e8b465ee728b)
Start importing Assets/Scripts/PlayerMovement.cs using Guid(4a38a1d6f3436394481e429c7092361b) Importer(815301076,1909f56bfc062723c751e8b465ee728b) [PhysX] Initialized MultithreadedTaskDispatcher with 8 workers.
 -> (artifact id: '00000000000000000000000000000000') in 0.000615 seconds
Import Error Code:(4)
Message: Build asset version error: assets/scripts/playermovement.cs in SourceAssetDB has modification time of '2025-05-17T11:11:26.2749379Z' while content on disk has modification time of '2025-05-17T11:18:01.3237271Z'
  ERROR: Build asset version error: assets/scripts/playermovement.cs in SourceAssetDB has modification time of '2025-05-17T11:11:26.2749379Z' while content on disk has modification time of '2025-05-17T11:18:01.3237271Z'
Number of updated asset objects reloaded before import = 0
Number of asset objects unloaded after import = 0
========================================================================
Received Import Request.
  Time since last request: 0.106648 seconds.
  path: Assets/Scripts/PlayerMovement.cs
  artifactKey: Guid(4a38a1d6f3436394481e429c7092361b) Importer(815301076,1909f56bfc062723c751e8b465ee728b)
Start importing Assets/Scripts/PlayerMovement.cs using Guid(4a38a1d6f3436394481e429c7092361b) Importer(815301076,1909f56bfc062723c751e8b465ee728b) [PhysX] Initialized MultithreadedTaskDispatcher with 8 workers.
 -> (artifact id: '00000000000000000000000000000000') in 0.000640 seconds
Import Error Code:(4)
Message: Build asset version error: assets/scripts/playermovement.cs in SourceAssetDB has modification time of '2025-05-17T11:11:26.2749379Z' while content on disk has modification time of '2025-05-17T11:18:01.3237271Z'
  ERROR: Build asset version error: assets/scripts/playermovement.cs in SourceAssetDB has modification time of '2025-05-17T11:11:26.2749379Z' while content on disk has modification time of '2025-05-17T11:18:01.3237271Z'
Number of updated asset objects reloaded before import = 0
Number of asset objects unloaded after import = 0
========================================================================
Received Import Request.
  Time since last request: 0.094331 seconds.
  path: Assets/Scripts/PlayerMovement.cs
  artifactKey: Guid(4a38a1d6f3436394481e429c7092361b) Importer(815301076,1909f56bfc062723c751e8b465ee728b)
Start importing Assets/Scripts/PlayerMovement.cs using Guid(4a38a1d6f3436394481e429c7092361b) Importer(815301076,1909f56bfc062723c751e8b465ee728b) [PhysX] Initialized MultithreadedTaskDispatcher with 8 workers.
 -> (artifact id: '00000000000000000000000000000000') in 0.000687 seconds
Import Error Code:(4)
Message: Build asset version error: assets/scripts/playermovement.cs in SourceAssetDB has modification time of '2025-05-17T11:11:26.2749379Z' while content on disk has modification time of '2025-05-17T11:18:01.3237271Z'
  ERROR: Build asset version error: assets/scripts/playermovement.cs in SourceAssetDB has modification time of '2025-05-17T11:11:26.2749379Z' while content on disk has modification time of '2025-05-17T11:18:01.3237271Z'
Number of updated asset objects reloaded before import = 0
Number of asset objects unloaded after import = 0
========================================================================
Received Import Request.
  Time since last request: 0.094433 seconds.
  path: Assets/Scripts/PlayerMovement.cs
  artifactKey: Guid(4a38a1d6f3436394481e429c7092361b) Importer(815301076,1909f56bfc062723c751e8b465ee728b)
Start importing Assets/Scripts/PlayerMovement.cs using Guid(4a38a1d6f3436394481e429c7092361b) Importer(815301076,1909f56bfc062723c751e8b465ee728b) [PhysX] Initialized MultithreadedTaskDispatcher with 8 workers.
 -> (artifact id: '00000000000000000000000000000000') in 0.000681 seconds
Import Error Code:(4)
Message: Build asset version error: assets/scripts/playermovement.cs in SourceAssetDB has modification time of '2025-05-17T11:11:26.2749379Z' while content on disk has modification time of '2025-05-17T11:18:01.3237271Z'
  ERROR: Build asset version error: assets/scripts/playermovement.cs in SourceAssetDB has modification time of '2025-05-17T11:11:26.2749379Z' while content on disk has modification time of '2025-05-17T11:18:01.3237271Z'
Number of updated asset objects reloaded before import = 0
Number of asset objects unloaded after import = 0
========================================================================
Received Import Request.
  Time since last request: 0.108825 seconds.
  path: Assets/Scripts/PlayerMovement.cs
  artifactKey: Guid(4a38a1d6f3436394481e429c7092361b) Importer(815301076,1909f56bfc062723c751e8b465ee728b)
Start importing Assets/Scripts/PlayerMovement.cs using Guid(4a38a1d6f3436394481e429c7092361b) Importer(815301076,1909f56bfc062723c751e8b465ee728b) [PhysX] Initialized MultithreadedTaskDispatcher with 8 workers.
 -> (artifact id: '00000000000000000000000000000000') in 0.000641 seconds
Import Error Code:(4)
Message: Build asset version error: assets/scripts/playermovement.cs in SourceAssetDB has modification time of '2025-05-17T11:11:26.2749379Z' while content on disk has modification time of '2025-05-17T11:18:01.3237271Z'
  ERROR: Build asset version error: assets/scripts/playermovement.cs in SourceAssetDB has modification time of '2025-05-17T11:11:26.2749379Z' while content on disk has modification time of '2025-05-17T11:18:01.3237271Z'
Number of updated asset objects reloaded before import = 0
Number of asset objects unloaded after import = 0
========================================================================
Received Import Request.
  Time since last request: 0.094618 seconds.
  path: Assets/Scripts/PlayerMovement.cs
  artifactKey: Guid(4a38a1d6f3436394481e429c7092361b) Importer(815301076,1909f56bfc062723c751e8b465ee728b)
Start importing Assets/Scripts/PlayerMovement.cs using Guid(4a38a1d6f3436394481e429c7092361b) Importer(815301076,1909f56bfc062723c751e8b465ee728b) [PhysX] Initialized MultithreadedTaskDispatcher with 8 workers.
 -> (artifact id: '00000000000000000000000000000000') in 0.001291 seconds
Import Error Code:(4)
Message: Build asset version error: assets/scripts/playermovement.cs in SourceAssetDB has modification time of '2025-05-17T11:11:26.2749379Z' while content on disk has modification time of '2025-05-17T11:18:01.3237271Z'
  ERROR: Build asset version error: assets/scripts/playermovement.cs in SourceAssetDB has modification time of '2025-05-17T11:11:26.2749379Z' while content on disk has modification time of '2025-05-17T11:18:01.3237271Z'
Number of updated asset objects reloaded before import = 0
Number of asset objects unloaded after import = 0
========================================================================
Received Import Request.
  Time since last request: 0.092689 seconds.
  path: Assets/Scripts/PlayerMovement.cs
  artifactKey: Guid(4a38a1d6f3436394481e429c7092361b) Importer(815301076,1909f56bfc062723c751e8b465ee728b)
Start importing Assets/Scripts/PlayerMovement.cs using Guid(4a38a1d6f3436394481e429c7092361b) Importer(815301076,1909f56bfc062723c751e8b465ee728b) [PhysX] Initialized MultithreadedTaskDispatcher with 8 workers.
 -> (artifact id: '00000000000000000000000000000000') in 0.000637 seconds
Import Error Code:(4)
Message: Build asset version error: assets/scripts/playermovement.cs in SourceAssetDB has modification time of '2025-05-17T11:11:26.2749379Z' while content on disk has modification time of '2025-05-17T11:18:01.3237271Z'
  ERROR: Build asset version error: assets/scripts/playermovement.cs in SourceAssetDB has modification time of '2025-05-17T11:11:26.2749379Z' while content on disk has modification time of '2025-05-17T11:18:01.3237271Z'
Number of updated asset objects reloaded before import = 0
Number of asset objects unloaded after import = 0
========================================================================
Received Import Request.
  Time since last request: 0.095009 seconds.
  path: Assets/Scripts/PlayerMovement.cs
  artifactKey: Guid(4a38a1d6f3436394481e429c7092361b) Importer(815301076,1909f56bfc062723c751e8b465ee728b)
Start importing Assets/Scripts/PlayerMovement.cs using Guid(4a38a1d6f3436394481e429c7092361b) Importer(815301076,1909f56bfc062723c751e8b465ee728b) [PhysX] Initialized MultithreadedTaskDispatcher with 8 workers.
 -> (artifact id: '00000000000000000000000000000000') in 0.000669 seconds
Import Error Code:(4)
Message: Build asset version error: assets/scripts/playermovement.cs in SourceAssetDB has modification time of '2025-05-17T11:11:26.2749379Z' while content on disk has modification time of '2025-05-17T11:18:01.3237271Z'
  ERROR: Build asset version error: assets/scripts/playermovement.cs in SourceAssetDB has modification time of '2025-05-17T11:11:26.2749379Z' while content on disk has modification time of '2025-05-17T11:18:01.3237271Z'
Number of updated asset objects reloaded before import = 0
Number of asset objects unloaded after import = 0
========================================================================
Received Import Request.
  Time since last request: 0.102758 seconds.
  path: Assets/Scripts/PlayerMovement.cs
  artifactKey: Guid(4a38a1d6f3436394481e429c7092361b) Importer(815301076,1909f56bfc062723c751e8b465ee728b)
Start importing Assets/Scripts/PlayerMovement.cs using Guid(4a38a1d6f3436394481e429c7092361b) Importer(815301076,1909f56bfc062723c751e8b465ee728b) [PhysX] Initialized MultithreadedTaskDispatcher with 8 workers.
 -> (artifact id: '00000000000000000000000000000000') in 0.000680 seconds
Import Error Code:(4)
Message: Build asset version error: assets/scripts/playermovement.cs in SourceAssetDB has modification time of '2025-05-17T11:11:26.2749379Z' while content on disk has modification time of '2025-05-17T11:18:01.3237271Z'
  ERROR: Build asset version error: assets/scripts/playermovement.cs in SourceAssetDB has modification time of '2025-05-17T11:11:26.2749379Z' while content on disk has modification time of '2025-05-17T11:18:01.3237271Z'
Number of updated asset objects reloaded before import = 0
Number of asset objects unloaded after import = 0
========================================================================
Received Import Request.
  Time since last request: 0.097289 seconds.
  path: Assets/Scripts/PlayerMovement.cs
  artifactKey: Guid(4a38a1d6f3436394481e429c7092361b) Importer(815301076,1909f56bfc062723c751e8b465ee728b)
Start importing Assets/Scripts/PlayerMovement.cs using Guid(4a38a1d6f3436394481e429c7092361b) Importer(815301076,1909f56bfc062723c751e8b465ee728b) [PhysX] Initialized MultithreadedTaskDispatcher with 8 workers.
 -> (artifact id: '00000000000000000000000000000000') in 0.000784 seconds
Import Error Code:(4)
Message: Build asset version error: assets/scripts/playermovement.cs in SourceAssetDB has modification time of '2025-05-17T11:11:26.2749379Z' while content on disk has modification time of '2025-05-17T11:18:01.3237271Z'
  ERROR: Build asset version error: assets/scripts/playermovement.cs in SourceAssetDB has modification time of '2025-05-17T11:11:26.2749379Z' while content on disk has modification time of '2025-05-17T11:18:01.3237271Z'
Number of updated asset objects reloaded before import = 0
Number of asset objects unloaded after import = 0
========================================================================
Received Import Request.
  Time since last request: 0.108037 seconds.
  path: Assets/Scripts/PlayerMovement.cs
  artifactKey: Guid(4a38a1d6f3436394481e429c7092361b) Importer(815301076,1909f56bfc062723c751e8b465ee728b)
Start importing Assets/Scripts/PlayerMovement.cs using Guid(4a38a1d6f3436394481e429c7092361b) Importer(815301076,1909f56bfc062723c751e8b465ee728b) [PhysX] Initialized MultithreadedTaskDispatcher with 8 workers.
 -> (artifact id: '00000000000000000000000000000000') in 0.000660 seconds
Import Error Code:(4)
Message: Build asset version error: assets/scripts/playermovement.cs in SourceAssetDB has modification time of '2025-05-17T11:11:26.2749379Z' while content on disk has modification time of '2025-05-17T11:18:01.3237271Z'
  ERROR: Build asset version error: assets/scripts/playermovement.cs in SourceAssetDB has modification time of '2025-05-17T11:11:26.2749379Z' while content on disk has modification time of '2025-05-17T11:18:01.3237271Z'
Number of updated asset objects reloaded before import = 0
Number of asset objects unloaded after import = 0
========================================================================
Received Import Request.
  Time since last request: 0.091001 seconds.
  path: Assets/Scripts/PlayerMovement.cs
  artifactKey: Guid(4a38a1d6f3436394481e429c7092361b) Importer(815301076,1909f56bfc062723c751e8b465ee728b)
Start importing Assets/Scripts/PlayerMovement.cs using Guid(4a38a1d6f3436394481e429c7092361b) Importer(815301076,1909f56bfc062723c751e8b465ee728b) [PhysX] Initialized MultithreadedTaskDispatcher with 8 workers.
 -> (artifact id: '00000000000000000000000000000000') in 0.000726 seconds
Import Error Code:(4)
Message: Build asset version error: assets/scripts/playermovement.cs in SourceAssetDB has modification time of '2025-05-17T11:11:26.2749379Z' while content on disk has modification time of '2025-05-17T11:18:01.3237271Z'
  ERROR: Build asset version error: assets/scripts/playermovement.cs in SourceAssetDB has modification time of '2025-05-17T11:11:26.2749379Z' while content on disk has modification time of '2025-05-17T11:18:01.3237271Z'
Number of updated asset objects reloaded before import = 0
Number of asset objects unloaded after import = 0
========================================================================
Received Import Request.
  Time since last request: 0.098216 seconds.
  path: Assets/Scripts/PlayerMovement.cs
  artifactKey: Guid(4a38a1d6f3436394481e429c7092361b) Importer(815301076,1909f56bfc062723c751e8b465ee728b)
Start importing Assets/Scripts/PlayerMovement.cs using Guid(4a38a1d6f3436394481e429c7092361b) Importer(815301076,1909f56bfc062723c751e8b465ee728b) [PhysX] Initialized MultithreadedTaskDispatcher with 8 workers.
 -> (artifact id: '00000000000000000000000000000000') in 0.000833 seconds
Import Error Code:(4)
Message: Build asset version error: assets/scripts/playermovement.cs in SourceAssetDB has modification time of '2025-05-17T11:11:26.2749379Z' while content on disk has modification time of '2025-05-17T11:18:01.3237271Z'
  ERROR: Build asset version error: assets/scripts/playermovement.cs in SourceAssetDB has modification time of '2025-05-17T11:11:26.2749379Z' while content on disk has modification time of '2025-05-17T11:18:01.3237271Z'
Number of updated asset objects reloaded before import = 0
Number of asset objects unloaded after import = 0
========================================================================
Received Import Request.
  Time since last request: 0.105412 seconds.
  path: Assets/Scripts/PlayerMovement.cs
  artifactKey: Guid(4a38a1d6f3436394481e429c7092361b) Importer(815301076,1909f56bfc062723c751e8b465ee728b)
Start importing Assets/Scripts/PlayerMovement.cs using Guid(4a38a1d6f3436394481e429c7092361b) Importer(815301076,1909f56bfc062723c751e8b465ee728b) [PhysX] Initialized MultithreadedTaskDispatcher with 8 workers.
 -> (artifact id: '00000000000000000000000000000000') in 0.000596 seconds
Import Error Code:(4)
Message: Build asset version error: assets/scripts/playermovement.cs in SourceAssetDB has modification time of '2025-05-17T11:11:26.2749379Z' while content on disk has modification time of '2025-05-17T11:18:01.3237271Z'
  ERROR: Build asset version error: assets/scripts/playermovement.cs in SourceAssetDB has modification time of '2025-05-17T11:11:26.2749379Z' while content on disk has modification time of '2025-05-17T11:18:01.3237271Z'
Number of updated asset objects reloaded before import = 0
Number of asset objects unloaded after import = 0
========================================================================
Received Import Request.
  Time since last request: 0.094414 seconds.
  path: Assets/Scripts/PlayerMovement.cs
  artifactKey: Guid(4a38a1d6f3436394481e429c7092361b) Importer(815301076,1909f56bfc062723c751e8b465ee728b)
Start importing Assets/Scripts/PlayerMovement.cs using Guid(4a38a1d6f3436394481e429c7092361b) Importer(815301076,1909f56bfc062723c751e8b465ee728b) [PhysX] Initialized MultithreadedTaskDispatcher with 8 workers.
 -> (artifact id: '00000000000000000000000000000000') in 0.000783 seconds
Import Error Code:(4)
Message: Build asset version error: assets/scripts/playermovement.cs in SourceAssetDB has modification time of '2025-05-17T11:11:26.2749379Z' while content on disk has modification time of '2025-05-17T11:18:01.3237271Z'
  ERROR: Build asset version error: assets/scripts/playermovement.cs in SourceAssetDB has modification time of '2025-05-17T11:11:26.2749379Z' while content on disk has modification time of '2025-05-17T11:18:01.3237271Z'
Number of updated asset objects reloaded before import = 0
Number of asset objects unloaded after import = 0
========================================================================
Received Import Request.
  Time since last request: 0.095914 seconds.
  path: Assets/Scripts/PlayerMovement.cs
  artifactKey: Guid(4a38a1d6f3436394481e429c7092361b) Importer(815301076,1909f56bfc062723c751e8b465ee728b)
Start importing Assets/Scripts/PlayerMovement.cs using Guid(4a38a1d6f3436394481e429c7092361b) Importer(815301076,1909f56bfc062723c751e8b465ee728b) [PhysX] Initialized MultithreadedTaskDispatcher with 8 workers.
 -> (artifact id: '00000000000000000000000000000000') in 0.000826 seconds
Import Error Code:(4)
Message: Build asset version error: assets/scripts/playermovement.cs in SourceAssetDB has modification time of '2025-05-17T11:11:26.2749379Z' while content on disk has modification time of '2025-05-17T11:18:01.3237271Z'
  ERROR: Build asset version error: assets/scripts/playermovement.cs in SourceAssetDB has modification time of '2025-05-17T11:11:26.2749379Z' while content on disk has modification time of '2025-05-17T11:18:01.3237271Z'
Number of updated asset objects reloaded before import = 0
Number of asset objects unloaded after import = 0
========================================================================
Received Import Request.
  Time since last request: 0.107860 seconds.
  path: Assets/Scripts/PlayerMovement.cs
  artifactKey: Guid(4a38a1d6f3436394481e429c7092361b) Importer(815301076,1909f56bfc062723c751e8b465ee728b)
Start importing Assets/Scripts/PlayerMovement.cs using Guid(4a38a1d6f3436394481e429c7092361b) Importer(815301076,1909f56bfc062723c751e8b465ee728b) [PhysX] Initialized MultithreadedTaskDispatcher with 8 workers.
 -> (artifact id: '00000000000000000000000000000000') in 0.000752 seconds
Import Error Code:(4)
Message: Build asset version error: assets/scripts/playermovement.cs in SourceAssetDB has modification time of '2025-05-17T11:11:26.2749379Z' while content on disk has modification time of '2025-05-17T11:18:01.3237271Z'
  ERROR: Build asset version error: assets/scripts/playermovement.cs in SourceAssetDB has modification time of '2025-05-17T11:11:26.2749379Z' while content on disk has modification time of '2025-05-17T11:18:01.3237271Z'
Number of updated asset objects reloaded before import = 0
Number of asset objects unloaded after import = 0
========================================================================
Received Import Request.
  Time since last request: 0.091476 seconds.
  path: Assets/Scripts/PlayerMovement.cs
  artifactKey: Guid(4a38a1d6f3436394481e429c7092361b) Importer(815301076,1909f56bfc062723c751e8b465ee728b)
Start importing Assets/Scripts/PlayerMovement.cs using Guid(4a38a1d6f3436394481e429c7092361b) Importer(815301076,1909f56bfc062723c751e8b465ee728b) [PhysX] Initialized MultithreadedTaskDispatcher with 8 workers.
 -> (artifact id: '00000000000000000000000000000000') in 0.001151 seconds
Import Error Code:(4)
Message: Build asset version error: assets/scripts/playermovement.cs in SourceAssetDB has modification time of '2025-05-17T11:11:26.2749379Z' while content on disk has modification time of '2025-05-17T11:18:01.3237271Z'
  ERROR: Build asset version error: assets/scripts/playermovement.cs in SourceAssetDB has modification time of '2025-05-17T11:11:26.2749379Z' while content on disk has modification time of '2025-05-17T11:18:01.3237271Z'
Number of updated asset objects reloaded before import = 0
Number of asset objects unloaded after import = 0
========================================================================
Received Import Request.
  Time since last request: 0.105313 seconds.
  path: Assets/Scripts/PlayerMovement.cs
  artifactKey: Guid(4a38a1d6f3436394481e429c7092361b) Importer(815301076,1909f56bfc062723c751e8b465ee728b)
Start importing Assets/Scripts/PlayerMovement.cs using Guid(4a38a1d6f3436394481e429c7092361b) Importer(815301076,1909f56bfc062723c751e8b465ee728b) [PhysX] Initialized MultithreadedTaskDispatcher with 8 workers.
 -> (artifact id: '00000000000000000000000000000000') in 0.000621 seconds
Import Error Code:(4)
Message: Build asset version error: assets/scripts/playermovement.cs in SourceAssetDB has modification time of '2025-05-17T11:11:26.2749379Z' while content on disk has modification time of '2025-05-17T11:18:01.3237271Z'
  ERROR: Build asset version error: assets/scripts/playermovement.cs in SourceAssetDB has modification time of '2025-05-17T11:11:26.2749379Z' while content on disk has modification time of '2025-05-17T11:18:01.3237271Z'
Number of updated asset objects reloaded before import = 0
Number of asset objects unloaded after import = 0
========================================================================
Received Import Request.
  Time since last request: 0.092408 seconds.
  path: Assets/Scripts/PlayerMovement.cs
  artifactKey: Guid(4a38a1d6f3436394481e429c7092361b) Importer(815301076,1909f56bfc062723c751e8b465ee728b)
Start importing Assets/Scripts/PlayerMovement.cs using Guid(4a38a1d6f3436394481e429c7092361b) Importer(815301076,1909f56bfc062723c751e8b465ee728b) [PhysX] Initialized MultithreadedTaskDispatcher with 8 workers.
 -> (artifact id: '00000000000000000000000000000000') in 0.001537 seconds
Import Error Code:(4)
Message: Build asset version error: assets/scripts/playermovement.cs in SourceAssetDB has modification time of '2025-05-17T11:11:26.2749379Z' while content on disk has modification time of '2025-05-17T11:18:01.3237271Z'
  ERROR: Build asset version error: assets/scripts/playermovement.cs in SourceAssetDB has modification time of '2025-05-17T11:11:26.2749379Z' while content on disk has modification time of '2025-05-17T11:18:01.3237271Z'
Number of updated asset objects reloaded before import = 0
Number of asset objects unloaded after import = 0
========================================================================
Received Import Request.
  Time since last request: 0.096003 seconds.
  path: Assets/Scripts/PlayerMovement.cs
  artifactKey: Guid(4a38a1d6f3436394481e429c7092361b) Importer(815301076,1909f56bfc062723c751e8b465ee728b)
Start importing Assets/Scripts/PlayerMovement.cs using Guid(4a38a1d6f3436394481e429c7092361b) Importer(815301076,1909f56bfc062723c751e8b465ee728b) [PhysX] Initialized MultithreadedTaskDispatcher with 8 workers.
 -> (artifact id: '00000000000000000000000000000000') in 0.001339 seconds
Import Error Code:(4)
Message: Build asset version error: assets/scripts/playermovement.cs in SourceAssetDB has modification time of '2025-05-17T11:11:26.2749379Z' while content on disk has modification time of '2025-05-17T11:18:01.3237271Z'
  ERROR: Build asset version error: assets/scripts/playermovement.cs in SourceAssetDB has modification time of '2025-05-17T11:11:26.2749379Z' while content on disk has modification time of '2025-05-17T11:18:01.3237271Z'
Number of updated asset objects reloaded before import = 0
Number of asset objects unloaded after import = 0
========================================================================
Received Import Request.
  Time since last request: 0.092294 seconds.
  path: Assets/Scripts/PlayerMovement.cs
  artifactKey: Guid(4a38a1d6f3436394481e429c7092361b) Importer(815301076,1909f56bfc062723c751e8b465ee728b)
Start importing Assets/Scripts/PlayerMovement.cs using Guid(4a38a1d6f3436394481e429c7092361b) Importer(815301076,1909f56bfc062723c751e8b465ee728b) [PhysX] Initialized MultithreadedTaskDispatcher with 8 workers.
 -> (artifact id: '00000000000000000000000000000000') in 0.000749 seconds
Import Error Code:(4)
Message: Build asset version error: assets/scripts/playermovement.cs in SourceAssetDB has modification time of '2025-05-17T11:11:26.2749379Z' while content on disk has modification time of '2025-05-17T11:18:01.3237271Z'
  ERROR: Build asset version error: assets/scripts/playermovement.cs in SourceAssetDB has modification time of '2025-05-17T11:11:26.2749379Z' while content on disk has modification time of '2025-05-17T11:18:01.3237271Z'
Number of updated asset objects reloaded before import = 0
Number of asset objects unloaded after import = 0
========================================================================
Received Import Request.
  Time since last request: 0.110227 seconds.
  path: Assets/Scripts/PlayerMovement.cs
  artifactKey: Guid(4a38a1d6f3436394481e429c7092361b) Importer(815301076,1909f56bfc062723c751e8b465ee728b)
Start importing Assets/Scripts/PlayerMovement.cs using Guid(4a38a1d6f3436394481e429c7092361b) Importer(815301076,1909f56bfc062723c751e8b465ee728b) [PhysX] Initialized MultithreadedTaskDispatcher with 8 workers.
 -> (artifact id: '00000000000000000000000000000000') in 0.000644 seconds
Import Error Code:(4)
Message: Build asset version error: assets/scripts/playermovement.cs in SourceAssetDB has modification time of '2025-05-17T11:11:26.2749379Z' while content on disk has modification time of '2025-05-17T11:18:01.3237271Z'
  ERROR: Build asset version error: assets/scripts/playermovement.cs in SourceAssetDB has modification time of '2025-05-17T11:11:26.2749379Z' while content on disk has modification time of '2025-05-17T11:18:01.3237271Z'
Number of updated asset objects reloaded before import = 0
Number of asset objects unloaded after import = 0
========================================================================
Received Import Request.
  Time since last request: 0.090341 seconds.
  path: Assets/Scripts/PlayerMovement.cs
  artifactKey: Guid(4a38a1d6f3436394481e429c7092361b) Importer(815301076,1909f56bfc062723c751e8b465ee728b)
Start importing Assets/Scripts/PlayerMovement.cs using Guid(4a38a1d6f3436394481e429c7092361b) Importer(815301076,1909f56bfc062723c751e8b465ee728b) [PhysX] Initialized MultithreadedTaskDispatcher with 8 workers.
 -> (artifact id: '00000000000000000000000000000000') in 0.000928 seconds
Import Error Code:(4)
Message: Build asset version error: assets/scripts/playermovement.cs in SourceAssetDB has modification time of '2025-05-17T11:11:26.2749379Z' while content on disk has modification time of '2025-05-17T11:18:01.3237271Z'
  ERROR: Build asset version error: assets/scripts/playermovement.cs in SourceAssetDB has modification time of '2025-05-17T11:11:26.2749379Z' while content on disk has modification time of '2025-05-17T11:18:01.3237271Z'
Number of updated asset objects reloaded before import = 0
Number of asset objects unloaded after import = 0
========================================================================
Received Import Request.
  Time since last request: 0.097032 seconds.
  path: Assets/Scripts/PlayerMovement.cs
  artifactKey: Guid(4a38a1d6f3436394481e429c7092361b) Importer(815301076,1909f56bfc062723c751e8b465ee728b)
Start importing Assets/Scripts/PlayerMovement.cs using Guid(4a38a1d6f3436394481e429c7092361b) Importer(815301076,1909f56bfc062723c751e8b465ee728b) [PhysX] Initialized MultithreadedTaskDispatcher with 8 workers.
 -> (artifact id: '00000000000000000000000000000000') in 0.000680 seconds
Import Error Code:(4)
Message: Build asset version error: assets/scripts/playermovement.cs in SourceAssetDB has modification time of '2025-05-17T11:11:26.2749379Z' while content on disk has modification time of '2025-05-17T11:18:01.3237271Z'
  ERROR: Build asset version error: assets/scripts/playermovement.cs in SourceAssetDB has modification time of '2025-05-17T11:11:26.2749379Z' while content on disk has modification time of '2025-05-17T11:18:01.3237271Z'
Number of updated asset objects reloaded before import = 0
Number of asset objects unloaded after import = 0
========================================================================
Received Import Request.
  Time since last request: 0.106380 seconds.
  path: Assets/Scripts/PlayerMovement.cs
  artifactKey: Guid(4a38a1d6f3436394481e429c7092361b) Importer(815301076,1909f56bfc062723c751e8b465ee728b)
Start importing Assets/Scripts/PlayerMovement.cs using Guid(4a38a1d6f3436394481e429c7092361b) Importer(815301076,1909f56bfc062723c751e8b465ee728b) [PhysX] Initialized MultithreadedTaskDispatcher with 8 workers.
 -> (artifact id: '00000000000000000000000000000000') in 0.001049 seconds
Import Error Code:(4)
Message: Build asset version error: assets/scripts/playermovement.cs in SourceAssetDB has modification time of '2025-05-17T11:11:26.2749379Z' while content on disk has modification time of '2025-05-17T11:18:01.3237271Z'
  ERROR: Build asset version error: assets/scripts/playermovement.cs in SourceAssetDB has modification time of '2025-05-17T11:11:26.2749379Z' while content on disk has modification time of '2025-05-17T11:18:01.3237271Z'
Number of updated asset objects reloaded before import = 0
Number of asset objects unloaded after import = 0
========================================================================
Received Import Request.
  Time since last request: 0.092804 seconds.
  path: Assets/Scripts/PlayerMovement.cs
  artifactKey: Guid(4a38a1d6f3436394481e429c7092361b) Importer(815301076,1909f56bfc062723c751e8b465ee728b)
Start importing Assets/Scripts/PlayerMovement.cs using Guid(4a38a1d6f3436394481e429c7092361b) Importer(815301076,1909f56bfc062723c751e8b465ee728b) [PhysX] Initialized MultithreadedTaskDispatcher with 8 workers.
 -> (artifact id: '00000000000000000000000000000000') in 0.000783 seconds
Import Error Code:(4)
Message: Build asset version error: assets/scripts/playermovement.cs in SourceAssetDB has modification time of '2025-05-17T11:11:26.2749379Z' while content on disk has modification time of '2025-05-17T11:18:01.3237271Z'
  ERROR: Build asset version error: assets/scripts/playermovement.cs in SourceAssetDB has modification time of '2025-05-17T11:11:26.2749379Z' while content on disk has modification time of '2025-05-17T11:18:01.3237271Z'
Number of updated asset objects reloaded before import = 0
Number of asset objects unloaded after import = 0
========================================================================
Received Import Request.
  Time since last request: 0.109032 seconds.
  path: Assets/Scripts/PlayerMovement.cs
  artifactKey: Guid(4a38a1d6f3436394481e429c7092361b) Importer(815301076,1909f56bfc062723c751e8b465ee728b)
Start importing Assets/Scripts/PlayerMovement.cs using Guid(4a38a1d6f3436394481e429c7092361b) Importer(815301076,1909f56bfc062723c751e8b465ee728b) [PhysX] Initialized MultithreadedTaskDispatcher with 8 workers.
 -> (artifact id: '00000000000000000000000000000000') in 0.000617 seconds
Import Error Code:(4)
Message: Build asset version error: assets/scripts/playermovement.cs in SourceAssetDB has modification time of '2025-05-17T11:11:26.2749379Z' while content on disk has modification time of '2025-05-17T11:18:01.3237271Z'
  ERROR: Build asset version error: assets/scripts/playermovement.cs in SourceAssetDB has modification time of '2025-05-17T11:11:26.2749379Z' while content on disk has modification time of '2025-05-17T11:18:01.3237271Z'
Number of updated asset objects reloaded before import = 0
Number of asset objects unloaded after import = 0
========================================================================
Received Import Request.
  Time since last request: 0.093903 seconds.
  path: Assets/Scripts/PlayerMovement.cs
  artifactKey: Guid(4a38a1d6f3436394481e429c7092361b) Importer(815301076,1909f56bfc062723c751e8b465ee728b)
Start importing Assets/Scripts/PlayerMovement.cs using Guid(4a38a1d6f3436394481e429c7092361b) Importer(815301076,1909f56bfc062723c751e8b465ee728b) [PhysX] Initialized MultithreadedTaskDispatcher with 8 workers.
 -> (artifact id: '00000000000000000000000000000000') in 0.000642 seconds
Import Error Code:(4)
Message: Build asset version error: assets/scripts/playermovement.cs in SourceAssetDB has modification time of '2025-05-17T11:11:26.2749379Z' while content on disk has modification time of '2025-05-17T11:18:21.7587366Z'
  ERROR: Build asset version error: assets/scripts/playermovement.cs in SourceAssetDB has modification time of '2025-05-17T11:11:26.2749379Z' while content on disk has modification time of '2025-05-17T11:18:21.7587366Z'
Number of updated asset objects reloaded before import = 0
Number of asset objects unloaded after import = 0
========================================================================
Received Import Request.
  Time since last request: 0.090860 seconds.
  path: Assets/Scripts/PlayerMovement.cs
  artifactKey: Guid(4a38a1d6f3436394481e429c7092361b) Importer(815301076,1909f56bfc062723c751e8b465ee728b)
Start importing Assets/Scripts/PlayerMovement.cs using Guid(4a38a1d6f3436394481e429c7092361b) Importer(815301076,1909f56bfc062723c751e8b465ee728b) [PhysX] Initialized MultithreadedTaskDispatcher with 8 workers.
 -> (artifact id: '00000000000000000000000000000000') in 0.000674 seconds
Import Error Code:(4)
Message: Build asset version error: assets/scripts/playermovement.cs in SourceAssetDB has modification time of '2025-05-17T11:11:26.2749379Z' while content on disk has modification time of '2025-05-17T11:18:21.7587366Z'
  ERROR: Build asset version error: assets/scripts/playermovement.cs in SourceAssetDB has modification time of '2025-05-17T11:11:26.2749379Z' while content on disk has modification time of '2025-05-17T11:18:21.7587366Z'
Number of updated asset objects reloaded before import = 0
Number of asset objects unloaded after import = 0
========================================================================
Received Import Request.
  Time since last request: 0.099177 seconds.
  path: Assets/Scripts/PlayerMovement.cs
  artifactKey: Guid(4a38a1d6f3436394481e429c7092361b) Importer(815301076,1909f56bfc062723c751e8b465ee728b)
Start importing Assets/Scripts/PlayerMovement.cs using Guid(4a38a1d6f3436394481e429c7092361b) Importer(815301076,1909f56bfc062723c751e8b465ee728b) [PhysX] Initialized MultithreadedTaskDispatcher with 8 workers.
 -> (artifact id: '00000000000000000000000000000000') in 0.001277 seconds
Import Error Code:(4)
Message: Build asset version error: assets/scripts/playermovement.cs in SourceAssetDB has modification time of '2025-05-17T11:11:26.2749379Z' while content on disk has modification time of '2025-05-17T11:18:21.7587366Z'
  ERROR: Build asset version error: assets/scripts/playermovement.cs in SourceAssetDB has modification time of '2025-05-17T11:11:26.2749379Z' while content on disk has modification time of '2025-05-17T11:18:21.7587366Z'
Number of updated asset objects reloaded before import = 0
Number of asset objects unloaded after import = 0
========================================================================
Received Import Request.
  Time since last request: 0.102163 seconds.
  path: Assets/Scripts/PlayerMovement.cs
  artifactKey: Guid(4a38a1d6f3436394481e429c7092361b) Importer(815301076,1909f56bfc062723c751e8b465ee728b)
Start importing Assets/Scripts/PlayerMovement.cs using Guid(4a38a1d6f3436394481e429c7092361b) Importer(815301076,1909f56bfc062723c751e8b465ee728b) [PhysX] Initialized MultithreadedTaskDispatcher with 8 workers.
 -> (artifact id: '00000000000000000000000000000000') in 0.000834 seconds
Import Error Code:(4)
Message: Build asset version error: assets/scripts/playermovement.cs in SourceAssetDB has modification time of '2025-05-17T11:11:26.2749379Z' while content on disk has modification time of '2025-05-17T11:18:21.7587366Z'
  ERROR: Build asset version error: assets/scripts/playermovement.cs in SourceAssetDB has modification time of '2025-05-17T11:11:26.2749379Z' while content on disk has modification time of '2025-05-17T11:18:21.7587366Z'
Number of updated asset objects reloaded before import = 0
Number of asset objects unloaded after import = 0
========================================================================
Received Import Request.
  Time since last request: 0.105405 seconds.
  path: Assets/Scripts/PlayerMovement.cs
  artifactKey: Guid(4a38a1d6f3436394481e429c7092361b) Importer(815301076,1909f56bfc062723c751e8b465ee728b)
Start importing Assets/Scripts/PlayerMovement.cs using Guid(4a38a1d6f3436394481e429c7092361b) Importer(815301076,1909f56bfc062723c751e8b465ee728b) [PhysX] Initialized MultithreadedTaskDispatcher with 8 workers.
 -> (artifact id: '00000000000000000000000000000000') in 0.001068 seconds
Import Error Code:(4)
Message: Build asset version error: assets/scripts/playermovement.cs in SourceAssetDB has modification time of '2025-05-17T11:11:26.2749379Z' while content on disk has modification time of '2025-05-17T11:18:21.7587366Z'
  ERROR: Build asset version error: assets/scripts/playermovement.cs in SourceAssetDB has modification time of '2025-05-17T11:11:26.2749379Z' while content on disk has modification time of '2025-05-17T11:18:21.7587366Z'
Number of updated asset objects reloaded before import = 0
Number of asset objects unloaded after import = 0
========================================================================
Received Import Request.
  Time since last request: 0.091295 seconds.
  path: Assets/Scripts/PlayerMovement.cs
  artifactKey: Guid(4a38a1d6f3436394481e429c7092361b) Importer(815301076,1909f56bfc062723c751e8b465ee728b)
Start importing Assets/Scripts/PlayerMovement.cs using Guid(4a38a1d6f3436394481e429c7092361b) Importer(815301076,1909f56bfc062723c751e8b465ee728b) [PhysX] Initialized MultithreadedTaskDispatcher with 8 workers.
 -> (artifact id: '00000000000000000000000000000000') in 0.001068 seconds
Import Error Code:(4)
Message: Build asset version error: assets/scripts/playermovement.cs in SourceAssetDB has modification time of '2025-05-17T11:11:26.2749379Z' while content on disk has modification time of '2025-05-17T11:18:21.7587366Z'
  ERROR: Build asset version error: assets/scripts/playermovement.cs in SourceAssetDB has modification time of '2025-05-17T11:11:26.2749379Z' while content on disk has modification time of '2025-05-17T11:18:21.7587366Z'
Number of updated asset objects reloaded before import = 0
Number of asset objects unloaded after import = 0
========================================================================
Received Import Request.
  Time since last request: 0.096619 seconds.
  path: Assets/Scripts/PlayerMovement.cs
  artifactKey: Guid(4a38a1d6f3436394481e429c7092361b) Importer(815301076,1909f56bfc062723c751e8b465ee728b)
Start importing Assets/Scripts/PlayerMovement.cs using Guid(4a38a1d6f3436394481e429c7092361b) Importer(815301076,1909f56bfc062723c751e8b465ee728b) [PhysX] Initialized MultithreadedTaskDispatcher with 8 workers.
 -> (artifact id: '00000000000000000000000000000000') in 0.000871 seconds
Import Error Code:(4)
Message: Build asset version error: assets/scripts/playermovement.cs in SourceAssetDB has modification time of '2025-05-17T11:11:26.2749379Z' while content on disk has modification time of '2025-05-17T11:18:21.7587366Z'
  ERROR: Build asset version error: assets/scripts/playermovement.cs in SourceAssetDB has modification time of '2025-05-17T11:11:26.2749379Z' while content on disk has modification time of '2025-05-17T11:18:21.7587366Z'
Number of updated asset objects reloaded before import = 0
Number of asset objects unloaded after import = 0
========================================================================
Received Import Request.
  Time since last request: 0.106365 seconds.
  path: Assets/Scripts/PlayerMovement.cs
  artifactKey: Guid(4a38a1d6f3436394481e429c7092361b) Importer(815301076,1909f56bfc062723c751e8b465ee728b)
Start importing Assets/Scripts/PlayerMovement.cs using Guid(4a38a1d6f3436394481e429c7092361b) Importer(815301076,1909f56bfc062723c751e8b465ee728b) [PhysX] Initialized MultithreadedTaskDispatcher with 8 workers.
 -> (artifact id: '00000000000000000000000000000000') in 0.000651 seconds
Import Error Code:(4)
Message: Build asset version error: assets/scripts/playermovement.cs in SourceAssetDB has modification time of '2025-05-17T11:11:26.2749379Z' while content on disk has modification time of '2025-05-17T11:18:21.7587366Z'
  ERROR: Build asset version error: assets/scripts/playermovement.cs in SourceAssetDB has modification time of '2025-05-17T11:11:26.2749379Z' while content on disk has modification time of '2025-05-17T11:18:21.7587366Z'
Number of updated asset objects reloaded before import = 0
Number of asset objects unloaded after import = 0
========================================================================
Received Import Request.
  Time since last request: 0.093431 seconds.
  path: Assets/Scripts/PlayerMovement.cs
  artifactKey: Guid(4a38a1d6f3436394481e429c7092361b) Importer(815301076,1909f56bfc062723c751e8b465ee728b)
Start importing Assets/Scripts/PlayerMovement.cs using Guid(4a38a1d6f3436394481e429c7092361b) Importer(815301076,1909f56bfc062723c751e8b465ee728b) [PhysX] Initialized MultithreadedTaskDispatcher with 8 workers.
 -> (artifact id: '00000000000000000000000000000000') in 0.001320 seconds
Import Error Code:(4)
Message: Build asset version error: assets/scripts/playermovement.cs in SourceAssetDB has modification time of '2025-05-17T11:11:26.2749379Z' while content on disk has modification time of '2025-05-17T11:18:21.7587366Z'
  ERROR: Build asset version error: assets/scripts/playermovement.cs in SourceAssetDB has modification time of '2025-05-17T11:11:26.2749379Z' while content on disk has modification time of '2025-05-17T11:18:21.7587366Z'
Number of updated asset objects reloaded before import = 0
Number of asset objects unloaded after import = 0
========================================================================
Received Import Request.
  Time since last request: 0.113173 seconds.
  path: Assets/Scripts/PlayerMovement.cs
  artifactKey: Guid(4a38a1d6f3436394481e429c7092361b) Importer(815301076,1909f56bfc062723c751e8b465ee728b)
Start importing Assets/Scripts/PlayerMovement.cs using Guid(4a38a1d6f3436394481e429c7092361b) Importer(815301076,1909f56bfc062723c751e8b465ee728b) [PhysX] Initialized MultithreadedTaskDispatcher with 8 workers.
 -> (artifact id: '00000000000000000000000000000000') in 0.001468 seconds
Import Error Code:(4)
Message: Build asset version error: assets/scripts/playermovement.cs in SourceAssetDB has modification time of '2025-05-17T11:11:26.2749379Z' while content on disk has modification time of '2025-05-17T11:18:21.7587366Z'
  ERROR: Build asset version error: assets/scripts/playermovement.cs in SourceAssetDB has modification time of '2025-05-17T11:11:26.2749379Z' while content on disk has modification time of '2025-05-17T11:18:21.7587366Z'
Number of updated asset objects reloaded before import = 0
Number of asset objects unloaded after import = 0
========================================================================
Received Import Request.
  Time since last request: 0.027342 seconds.
  path: Assets/Scripts/PlayerMovement.cs
  artifactKey: Guid(4a38a1d6f3436394481e429c7092361b) Importer(815301076,1909f56bfc062723c751e8b465ee728b)
Start importing Assets/Scripts/PlayerMovement.cs using Guid(4a38a1d6f3436394481e429c7092361b) Importer(815301076,1909f56bfc062723c751e8b465ee728b) [PhysX] Initialized MultithreadedTaskDispatcher with 8 workers.
 -> (artifact id: '00000000000000000000000000000000') in 0.001177 seconds
Import Error Code:(4)
Message: Build asset version error: assets/scripts/playermovement.cs in SourceAssetDB has modification time of '2025-05-17T11:11:26.2749379Z' while content on disk has modification time of '2025-05-17T11:18:21.7587366Z'
  ERROR: Build asset version error: assets/scripts/playermovement.cs in SourceAssetDB has modification time of '2025-05-17T11:11:26.2749379Z' while content on disk has modification time of '2025-05-17T11:18:21.7587366Z'
Number of updated asset objects reloaded before import = 0
Number of asset objects unloaded after import = 0
========================================================================
Received Import Request.
  Time since last request: 0.068331 seconds.
  path: Assets/Scripts/PlayerMovement.cs
  artifactKey: Guid(4a38a1d6f3436394481e429c7092361b) Importer(815301076,1909f56bfc062723c751e8b465ee728b)
Start importing Assets/Scripts/PlayerMovement.cs using Guid(4a38a1d6f3436394481e429c7092361b) Importer(815301076,1909f56bfc062723c751e8b465ee728b) [PhysX] Initialized MultithreadedTaskDispatcher with 8 workers.
 -> (artifact id: '00000000000000000000000000000000') in 0.001128 seconds
Import Error Code:(4)
Message: Build asset version error: assets/scripts/playermovement.cs in SourceAssetDB has modification time of '2025-05-17T11:11:26.2749379Z' while content on disk has modification time of '2025-05-17T11:18:21.7587366Z'
  ERROR: Build asset version error: assets/scripts/playermovement.cs in SourceAssetDB has modification time of '2025-05-17T11:11:26.2749379Z' while content on disk has modification time of '2025-05-17T11:18:21.7587366Z'
Number of updated asset objects reloaded before import = 0
Number of asset objects unloaded after import = 0
========================================================================
Received Import Request.
  Time since last request: 0.096315 seconds.
  path: Assets/Scripts/PlayerMovement.cs
  artifactKey: Guid(4a38a1d6f3436394481e429c7092361b) Importer(815301076,1909f56bfc062723c751e8b465ee728b)
Start importing Assets/Scripts/PlayerMovement.cs using Guid(4a38a1d6f3436394481e429c7092361b) Importer(815301076,1909f56bfc062723c751e8b465ee728b) [PhysX] Initialized MultithreadedTaskDispatcher with 8 workers.
 -> (artifact id: '00000000000000000000000000000000') in 0.000668 seconds
Import Error Code:(4)
Message: Build asset version error: assets/scripts/playermovement.cs in SourceAssetDB has modification time of '2025-05-17T11:11:26.2749379Z' while content on disk has modification time of '2025-05-17T11:18:21.7587366Z'
  ERROR: Build asset version error: assets/scripts/playermovement.cs in SourceAssetDB has modification time of '2025-05-17T11:11:26.2749379Z' while content on disk has modification time of '2025-05-17T11:18:21.7587366Z'
Number of updated asset objects reloaded before import = 0
Number of asset objects unloaded after import = 0
========================================================================
Received Import Request.
  Time since last request: 0.106763 seconds.
  path: Assets/Scripts/PlayerMovement.cs
  artifactKey: Guid(4a38a1d6f3436394481e429c7092361b) Importer(815301076,1909f56bfc062723c751e8b465ee728b)
Start importing Assets/Scripts/PlayerMovement.cs using Guid(4a38a1d6f3436394481e429c7092361b) Importer(815301076,1909f56bfc062723c751e8b465ee728b) [PhysX] Initialized MultithreadedTaskDispatcher with 8 workers.
 -> (artifact id: '00000000000000000000000000000000') in 0.000688 seconds
Import Error Code:(4)
Message: Build asset version error: assets/scripts/playermovement.cs in SourceAssetDB has modification time of '2025-05-17T11:11:26.2749379Z' while content on disk has modification time of '2025-05-17T11:18:21.7587366Z'
  ERROR: Build asset version error: assets/scripts/playermovement.cs in SourceAssetDB has modification time of '2025-05-17T11:11:26.2749379Z' while content on disk has modification time of '2025-05-17T11:18:21.7587366Z'
Number of updated asset objects reloaded before import = 0
Number of asset objects unloaded after import = 0
========================================================================
Received Import Request.
  Time since last request: 0.095715 seconds.
  path: Assets/Scripts/PlayerMovement.cs
  artifactKey: Guid(4a38a1d6f3436394481e429c7092361b) Importer(815301076,1909f56bfc062723c751e8b465ee728b)
Start importing Assets/Scripts/PlayerMovement.cs using Guid(4a38a1d6f3436394481e429c7092361b) Importer(815301076,1909f56bfc062723c751e8b465ee728b) [PhysX] Initialized MultithreadedTaskDispatcher with 8 workers.
 -> (artifact id: '00000000000000000000000000000000') in 0.000860 seconds
Import Error Code:(4)
Message: Build asset version error: assets/scripts/playermovement.cs in SourceAssetDB has modification time of '2025-05-17T11:11:26.2749379Z' while content on disk has modification time of '2025-05-17T11:18:21.7587366Z'
  ERROR: Build asset version error: assets/scripts/playermovement.cs in SourceAssetDB has modification time of '2025-05-17T11:11:26.2749379Z' while content on disk has modification time of '2025-05-17T11:18:21.7587366Z'
Number of updated asset objects reloaded before import = 0
Number of asset objects unloaded after import = 0
========================================================================
Received Import Request.
  Time since last request: 0.091903 seconds.
  path: Assets/Scripts/PlayerMovement.cs
  artifactKey: Guid(4a38a1d6f3436394481e429c7092361b) Importer(815301076,1909f56bfc062723c751e8b465ee728b)
Start importing Assets/Scripts/PlayerMovement.cs using Guid(4a38a1d6f3436394481e429c7092361b) Importer(815301076,1909f56bfc062723c751e8b465ee728b) [PhysX] Initialized MultithreadedTaskDispatcher with 8 workers.
 -> (artifact id: '00000000000000000000000000000000') in 0.000846 seconds
Import Error Code:(4)
Message: Build asset version error: assets/scripts/playermovement.cs in SourceAssetDB has modification time of '2025-05-17T11:11:26.2749379Z' while content on disk has modification time of '2025-05-17T11:18:21.7587366Z'
  ERROR: Build asset version error: assets/scripts/playermovement.cs in SourceAssetDB has modification time of '2025-05-17T11:11:26.2749379Z' while content on disk has modification time of '2025-05-17T11:18:21.7587366Z'
Number of updated asset objects reloaded before import = 0
Number of asset objects unloaded after import = 0
========================================================================
Received Import Request.
  Time since last request: 0.103183 seconds.
  path: Assets/Scripts/PlayerMovement.cs
  artifactKey: Guid(4a38a1d6f3436394481e429c7092361b) Importer(815301076,1909f56bfc062723c751e8b465ee728b)
Start importing Assets/Scripts/PlayerMovement.cs using Guid(4a38a1d6f3436394481e429c7092361b) Importer(815301076,1909f56bfc062723c751e8b465ee728b) [PhysX] Initialized MultithreadedTaskDispatcher with 8 workers.
 -> (artifact id: '00000000000000000000000000000000') in 0.000759 seconds
Import Error Code:(4)
Message: Build asset version error: assets/scripts/playermovement.cs in SourceAssetDB has modification time of '2025-05-17T11:11:26.2749379Z' while content on disk has modification time of '2025-05-17T11:18:21.7587366Z'
  ERROR: Build asset version error: assets/scripts/playermovement.cs in SourceAssetDB has modification time of '2025-05-17T11:11:26.2749379Z' while content on disk has modification time of '2025-05-17T11:18:21.7587366Z'
Number of updated asset objects reloaded before import = 0
Number of asset objects unloaded after import = 0
========================================================================
Received Import Request.
  Time since last request: 0.093712 seconds.
  path: Assets/Scripts/PlayerMovement.cs
  artifactKey: Guid(4a38a1d6f3436394481e429c7092361b) Importer(815301076,1909f56bfc062723c751e8b465ee728b)
Start importing Assets/Scripts/PlayerMovement.cs using Guid(4a38a1d6f3436394481e429c7092361b) Importer(815301076,1909f56bfc062723c751e8b465ee728b) [PhysX] Initialized MultithreadedTaskDispatcher with 8 workers.
 -> (artifact id: '00000000000000000000000000000000') in 0.000823 seconds
Import Error Code:(4)
Message: Build asset version error: assets/scripts/playermovement.cs in SourceAssetDB has modification time of '2025-05-17T11:11:26.2749379Z' while content on disk has modification time of '2025-05-17T11:18:21.7587366Z'
  ERROR: Build asset version error: assets/scripts/playermovement.cs in SourceAssetDB has modification time of '2025-05-17T11:11:26.2749379Z' while content on disk has modification time of '2025-05-17T11:18:21.7587366Z'
Number of updated asset objects reloaded before import = 0
Number of asset objects unloaded after import = 0
========================================================================
Received Import Request.
  Time since last request: 0.108830 seconds.
  path: Assets/Scripts/PlayerMovement.cs
  artifactKey: Guid(4a38a1d6f3436394481e429c7092361b) Importer(815301076,1909f56bfc062723c751e8b465ee728b)
Start importing Assets/Scripts/PlayerMovement.cs using Guid(4a38a1d6f3436394481e429c7092361b) Importer(815301076,1909f56bfc062723c751e8b465ee728b) [PhysX] Initialized MultithreadedTaskDispatcher with 8 workers.
 -> (artifact id: '00000000000000000000000000000000') in 0.001051 seconds
Import Error Code:(4)
Message: Build asset version error: assets/scripts/playermovement.cs in SourceAssetDB has modification time of '2025-05-17T11:11:26.2749379Z' while content on disk has modification time of '2025-05-17T11:18:21.7587366Z'
  ERROR: Build asset version error: assets/scripts/playermovement.cs in SourceAssetDB has modification time of '2025-05-17T11:11:26.2749379Z' while content on disk has modification time of '2025-05-17T11:18:21.7587366Z'
Number of updated asset objects reloaded before import = 0
Number of asset objects unloaded after import = 0
========================================================================
Received Import Request.
  Time since last request: 0.086049 seconds.
  path: Assets/Scripts/PlayerMovement.cs
  artifactKey: Guid(4a38a1d6f3436394481e429c7092361b) Importer(815301076,1909f56bfc062723c751e8b465ee728b)
Start importing Assets/Scripts/PlayerMovement.cs using Guid(4a38a1d6f3436394481e429c7092361b) Importer(815301076,1909f56bfc062723c751e8b465ee728b) [PhysX] Initialized MultithreadedTaskDispatcher with 8 workers.
 -> (artifact id: '00000000000000000000000000000000') in 0.000703 seconds
Import Error Code:(4)
Message: Build asset version error: assets/scripts/playermovement.cs in SourceAssetDB has modification time of '2025-05-17T11:11:26.2749379Z' while content on disk has modification time of '2025-05-17T11:18:21.7587366Z'
  ERROR: Build asset version error: assets/scripts/playermovement.cs in SourceAssetDB has modification time of '2025-05-17T11:11:26.2749379Z' while content on disk has modification time of '2025-05-17T11:18:21.7587366Z'
Number of updated asset objects reloaded before import = 0
Number of asset objects unloaded after import = 0
========================================================================
Received Import Request.
  Time since last request: 0.101161 seconds.
  path: Assets/Scripts/PlayerMovement.cs
  artifactKey: Guid(4a38a1d6f3436394481e429c7092361b) Importer(815301076,1909f56bfc062723c751e8b465ee728b)
Start importing Assets/Scripts/PlayerMovement.cs using Guid(4a38a1d6f3436394481e429c7092361b) Importer(815301076,1909f56bfc062723c751e8b465ee728b) [PhysX] Initialized MultithreadedTaskDispatcher with 8 workers.
 -> (artifact id: '00000000000000000000000000000000') in 0.000788 seconds
Import Error Code:(4)
Message: Build asset version error: assets/scripts/playermovement.cs in SourceAssetDB has modification time of '2025-05-17T11:11:26.2749379Z' while content on disk has modification time of '2025-05-17T11:18:21.7587366Z'
  ERROR: Build asset version error: assets/scripts/playermovement.cs in SourceAssetDB has modification time of '2025-05-17T11:11:26.2749379Z' while content on disk has modification time of '2025-05-17T11:18:21.7587366Z'
Number of updated asset objects reloaded before import = 0
Number of asset objects unloaded after import = 0
========================================================================
Received Import Request.
  Time since last request: 0.098037 seconds.
  path: Assets/Scripts/PlayerMovement.cs
  artifactKey: Guid(4a38a1d6f3436394481e429c7092361b) Importer(815301076,1909f56bfc062723c751e8b465ee728b)
Start importing Assets/Scripts/PlayerMovement.cs using Guid(4a38a1d6f3436394481e429c7092361b) Importer(815301076,1909f56bfc062723c751e8b465ee728b) [PhysX] Initialized MultithreadedTaskDispatcher with 8 workers.
 -> (artifact id: '00000000000000000000000000000000') in 0.000824 seconds
Import Error Code:(4)
Message: Build asset version error: assets/scripts/playermovement.cs in SourceAssetDB has modification time of '2025-05-17T11:11:26.2749379Z' while content on disk has modification time of '2025-05-17T11:18:21.7587366Z'
  ERROR: Build asset version error: assets/scripts/playermovement.cs in SourceAssetDB has modification time of '2025-05-17T11:11:26.2749379Z' while content on disk has modification time of '2025-05-17T11:18:21.7587366Z'
Number of updated asset objects reloaded before import = 0
Number of asset objects unloaded after import = 0
========================================================================
Received Import Request.
  Time since last request: 0.103563 seconds.
  path: Assets/Scripts/PlayerMovement.cs
  artifactKey: Guid(4a38a1d6f3436394481e429c7092361b) Importer(815301076,1909f56bfc062723c751e8b465ee728b)
Start importing Assets/Scripts/PlayerMovement.cs using Guid(4a38a1d6f3436394481e429c7092361b) Importer(815301076,1909f56bfc062723c751e8b465ee728b) [PhysX] Initialized MultithreadedTaskDispatcher with 8 workers.
 -> (artifact id: '00000000000000000000000000000000') in 0.000737 seconds
Import Error Code:(4)
Message: Build asset version error: assets/scripts/playermovement.cs in SourceAssetDB has modification time of '2025-05-17T11:11:26.2749379Z' while content on disk has modification time of '2025-05-17T11:18:21.7587366Z'
  ERROR: Build asset version error: assets/scripts/playermovement.cs in SourceAssetDB has modification time of '2025-05-17T11:11:26.2749379Z' while content on disk has modification time of '2025-05-17T11:18:21.7587366Z'
Number of updated asset objects reloaded before import = 0
Number of asset objects unloaded after import = 0
========================================================================
Received Import Request.
  Time since last request: 0.095389 seconds.
  path: Assets/Scripts/PlayerMovement.cs
  artifactKey: Guid(4a38a1d6f3436394481e429c7092361b) Importer(815301076,1909f56bfc062723c751e8b465ee728b)
Start importing Assets/Scripts/PlayerMovement.cs using Guid(4a38a1d6f3436394481e429c7092361b) Importer(815301076,1909f56bfc062723c751e8b465ee728b) [PhysX] Initialized MultithreadedTaskDispatcher with 8 workers.
 -> (artifact id: '00000000000000000000000000000000') in 0.000651 seconds
Import Error Code:(4)
Message: Build asset version error: assets/scripts/playermovement.cs in SourceAssetDB has modification time of '2025-05-17T11:11:26.2749379Z' while content on disk has modification time of '2025-05-17T11:18:21.7587366Z'
  ERROR: Build asset version error: assets/scripts/playermovement.cs in SourceAssetDB has modification time of '2025-05-17T11:11:26.2749379Z' while content on disk has modification time of '2025-05-17T11:18:21.7587366Z'
Number of updated asset objects reloaded before import = 0
Number of asset objects unloaded after import = 0
========================================================================
Received Import Request.
  Time since last request: 0.104434 seconds.
  path: Assets/Scripts/PlayerMovement.cs
  artifactKey: Guid(4a38a1d6f3436394481e429c7092361b) Importer(815301076,1909f56bfc062723c751e8b465ee728b)
Start importing Assets/Scripts/PlayerMovement.cs using Guid(4a38a1d6f3436394481e429c7092361b) Importer(815301076,1909f56bfc062723c751e8b465ee728b) [PhysX] Initialized MultithreadedTaskDispatcher with 8 workers.
 -> (artifact id: '00000000000000000000000000000000') in 0.000817 seconds
Import Error Code:(4)
Message: Build asset version error: assets/scripts/playermovement.cs in SourceAssetDB has modification time of '2025-05-17T11:11:26.2749379Z' while content on disk has modification time of '2025-05-17T11:18:21.7587366Z'
  ERROR: Build asset version error: assets/scripts/playermovement.cs in SourceAssetDB has modification time of '2025-05-17T11:11:26.2749379Z' while content on disk has modification time of '2025-05-17T11:18:21.7587366Z'
Number of updated asset objects reloaded before import = 0
Number of asset objects unloaded after import = 0
========================================================================
Received Import Request.
  Time since last request: 0.091445 seconds.
  path: Assets/Scripts/PlayerMovement.cs
  artifactKey: Guid(4a38a1d6f3436394481e429c7092361b) Importer(815301076,1909f56bfc062723c751e8b465ee728b)
Start importing Assets/Scripts/PlayerMovement.cs using Guid(4a38a1d6f3436394481e429c7092361b) Importer(815301076,1909f56bfc062723c751e8b465ee728b) [PhysX] Initialized MultithreadedTaskDispatcher with 8 workers.
 -> (artifact id: '00000000000000000000000000000000') in 0.000670 seconds
Import Error Code:(4)
Message: Build asset version error: assets/scripts/playermovement.cs in SourceAssetDB has modification time of '2025-05-17T11:11:26.2749379Z' while content on disk has modification time of '2025-05-17T11:18:21.7587366Z'
  ERROR: Build asset version error: assets/scripts/playermovement.cs in SourceAssetDB has modification time of '2025-05-17T11:11:26.2749379Z' while content on disk has modification time of '2025-05-17T11:18:21.7587366Z'
Number of updated asset objects reloaded before import = 0
Number of asset objects unloaded after import = 0
========================================================================
Received Import Request.
  Time since last request: 0.097813 seconds.
  path: Assets/Scripts/PlayerMovement.cs
  artifactKey: Guid(4a38a1d6f3436394481e429c7092361b) Importer(815301076,1909f56bfc062723c751e8b465ee728b)
Start importing Assets/Scripts/PlayerMovement.cs using Guid(4a38a1d6f3436394481e429c7092361b) Importer(815301076,1909f56bfc062723c751e8b465ee728b) [PhysX] Initialized MultithreadedTaskDispatcher with 8 workers.
 -> (artifact id: '00000000000000000000000000000000') in 0.001024 seconds
Import Error Code:(4)
Message: Build asset version error: assets/scripts/playermovement.cs in SourceAssetDB has modification time of '2025-05-17T11:11:26.2749379Z' while content on disk has modification time of '2025-05-17T11:18:21.7587366Z'
  ERROR: Build asset version error: assets/scripts/playermovement.cs in SourceAssetDB has modification time of '2025-05-17T11:11:26.2749379Z' while content on disk has modification time of '2025-05-17T11:18:21.7587366Z'
Number of updated asset objects reloaded before import = 0
Number of asset objects unloaded after import = 0
========================================================================
Received Import Request.
  Time since last request: 0.102918 seconds.
  path: Assets/Scripts/PlayerMovement.cs
  artifactKey: Guid(4a38a1d6f3436394481e429c7092361b) Importer(815301076,1909f56bfc062723c751e8b465ee728b)
Start importing Assets/Scripts/PlayerMovement.cs using Guid(4a38a1d6f3436394481e429c7092361b) Importer(815301076,1909f56bfc062723c751e8b465ee728b) [PhysX] Initialized MultithreadedTaskDispatcher with 8 workers.
 -> (artifact id: '00000000000000000000000000000000') in 0.000700 seconds
Import Error Code:(4)
Message: Build asset version error: assets/scripts/playermovement.cs in SourceAssetDB has modification time of '2025-05-17T11:11:26.2749379Z' while content on disk has modification time of '2025-05-17T11:18:21.7587366Z'
  ERROR: Build asset version error: assets/scripts/playermovement.cs in SourceAssetDB has modification time of '2025-05-17T11:11:26.2749379Z' while content on disk has modification time of '2025-05-17T11:18:21.7587366Z'
Number of updated asset objects reloaded before import = 0
Number of asset objects unloaded after import = 0
========================================================================
Received Import Request.
  Time since last request: 0.093969 seconds.
  path: Assets/Scripts/PlayerMovement.cs
  artifactKey: Guid(4a38a1d6f3436394481e429c7092361b) Importer(815301076,1909f56bfc062723c751e8b465ee728b)
Start importing Assets/Scripts/PlayerMovement.cs using Guid(4a38a1d6f3436394481e429c7092361b) Importer(815301076,1909f56bfc062723c751e8b465ee728b) [PhysX] Initialized MultithreadedTaskDispatcher with 8 workers.
 -> (artifact id: '00000000000000000000000000000000') in 0.000750 seconds
Import Error Code:(4)
Message: Build asset version error: assets/scripts/playermovement.cs in SourceAssetDB has modification time of '2025-05-17T11:11:26.2749379Z' while content on disk has modification time of '2025-05-17T11:18:21.7587366Z'
  ERROR: Build asset version error: assets/scripts/playermovement.cs in SourceAssetDB has modification time of '2025-05-17T11:11:26.2749379Z' while content on disk has modification time of '2025-05-17T11:18:21.7587366Z'
Number of updated asset objects reloaded before import = 0
Number of asset objects unloaded after import = 0
========================================================================
Received Import Request.
  Time since last request: 0.097045 seconds.
  path: Assets/Scripts/PlayerMovement.cs
  artifactKey: Guid(4a38a1d6f3436394481e429c7092361b) Importer(815301076,1909f56bfc062723c751e8b465ee728b)
Start importing Assets/Scripts/PlayerMovement.cs using Guid(4a38a1d6f3436394481e429c7092361b) Importer(815301076,1909f56bfc062723c751e8b465ee728b) [PhysX] Initialized MultithreadedTaskDispatcher with 8 workers.
 -> (artifact id: '00000000000000000000000000000000') in 0.001021 seconds
Import Error Code:(4)
Message: Build asset version error: assets/scripts/playermovement.cs in SourceAssetDB has modification time of '2025-05-17T11:11:26.2749379Z' while content on disk has modification time of '2025-05-17T11:18:21.7587366Z'
  ERROR: Build asset version error: assets/scripts/playermovement.cs in SourceAssetDB has modification time of '2025-05-17T11:11:26.2749379Z' while content on disk has modification time of '2025-05-17T11:18:21.7587366Z'
Number of updated asset objects reloaded before import = 0
Number of asset objects unloaded after import = 0
========================================================================
Received Import Request.
  Time since last request: 0.100077 seconds.
  path: Assets/Scripts/PlayerMovement.cs
  artifactKey: Guid(4a38a1d6f3436394481e429c7092361b) Importer(815301076,1909f56bfc062723c751e8b465ee728b)
Start importing Assets/Scripts/PlayerMovement.cs using Guid(4a38a1d6f3436394481e429c7092361b) Importer(815301076,1909f56bfc062723c751e8b465ee728b) [PhysX] Initialized MultithreadedTaskDispatcher with 8 workers.
 -> (artifact id: '00000000000000000000000000000000') in 0.000850 seconds
Import Error Code:(4)
Message: Build asset version error: assets/scripts/playermovement.cs in SourceAssetDB has modification time of '2025-05-17T11:11:26.2749379Z' while content on disk has modification time of '2025-05-17T11:18:21.7587366Z'
  ERROR: Build asset version error: assets/scripts/playermovement.cs in SourceAssetDB has modification time of '2025-05-17T11:11:26.2749379Z' while content on disk has modification time of '2025-05-17T11:18:21.7587366Z'
Number of updated asset objects reloaded before import = 0
Number of asset objects unloaded after import = 0
========================================================================
Received Import Request.
  Time since last request: 0.101029 seconds.
  path: Assets/Scripts/PlayerMovement.cs
  artifactKey: Guid(4a38a1d6f3436394481e429c7092361b) Importer(815301076,1909f56bfc062723c751e8b465ee728b)
Start importing Assets/Scripts/PlayerMovement.cs using Guid(4a38a1d6f3436394481e429c7092361b) Importer(815301076,1909f56bfc062723c751e8b465ee728b) [PhysX] Initialized MultithreadedTaskDispatcher with 8 workers.
 -> (artifact id: '00000000000000000000000000000000') in 0.000825 seconds
Import Error Code:(4)
Message: Build asset version error: assets/scripts/playermovement.cs in SourceAssetDB has modification time of '2025-05-17T11:11:26.2749379Z' while content on disk has modification time of '2025-05-17T11:18:21.7587366Z'
  ERROR: Build asset version error: assets/scripts/playermovement.cs in SourceAssetDB has modification time of '2025-05-17T11:11:26.2749379Z' while content on disk has modification time of '2025-05-17T11:18:21.7587366Z'
Number of updated asset objects reloaded before import = 0
Number of asset objects unloaded after import = 0
========================================================================
Received Import Request.
  Time since last request: 0.103772 seconds.
  path: Assets/Scripts/PlayerMovement.cs
  artifactKey: Guid(4a38a1d6f3436394481e429c7092361b) Importer(815301076,1909f56bfc062723c751e8b465ee728b)
Start importing Assets/Scripts/PlayerMovement.cs using Guid(4a38a1d6f3436394481e429c7092361b) Importer(815301076,1909f56bfc062723c751e8b465ee728b) [PhysX] Initialized MultithreadedTaskDispatcher with 8 workers.
 -> (artifact id: '00000000000000000000000000000000') in 0.000593 seconds
Import Error Code:(4)
Message: Build asset version error: assets/scripts/playermovement.cs in SourceAssetDB has modification time of '2025-05-17T11:11:26.2749379Z' while content on disk has modification time of '2025-05-17T11:18:21.7587366Z'
  ERROR: Build asset version error: assets/scripts/playermovement.cs in SourceAssetDB has modification time of '2025-05-17T11:11:26.2749379Z' while content on disk has modification time of '2025-05-17T11:18:21.7587366Z'
Number of updated asset objects reloaded before import = 0
Number of asset objects unloaded after import = 0
========================================================================
Received Import Request.
  Time since last request: 0.093578 seconds.
  path: Assets/Scripts/PlayerMovement.cs
  artifactKey: Guid(4a38a1d6f3436394481e429c7092361b) Importer(815301076,1909f56bfc062723c751e8b465ee728b)
Start importing Assets/Scripts/PlayerMovement.cs using Guid(4a38a1d6f3436394481e429c7092361b) Importer(815301076,1909f56bfc062723c751e8b465ee728b) [PhysX] Initialized MultithreadedTaskDispatcher with 8 workers.
 -> (artifact id: '00000000000000000000000000000000') in 0.000766 seconds
Import Error Code:(4)
Message: Build asset version error: assets/scripts/playermovement.cs in SourceAssetDB has modification time of '2025-05-17T11:11:26.2749379Z' while content on disk has modification time of '2025-05-17T11:18:21.7587366Z'
  ERROR: Build asset version error: assets/scripts/playermovement.cs in SourceAssetDB has modification time of '2025-05-17T11:11:26.2749379Z' while content on disk has modification time of '2025-05-17T11:18:21.7587366Z'
Number of updated asset objects reloaded before import = 0
Number of asset objects unloaded after import = 0
========================================================================
Received Import Request.
  Time since last request: 0.097647 seconds.
  path: Assets/Scripts/PlayerMovement.cs
  artifactKey: Guid(4a38a1d6f3436394481e429c7092361b) Importer(815301076,1909f56bfc062723c751e8b465ee728b)
Start importing Assets/Scripts/PlayerMovement.cs using Guid(4a38a1d6f3436394481e429c7092361b) Importer(815301076,1909f56bfc062723c751e8b465ee728b) [PhysX] Initialized MultithreadedTaskDispatcher with 8 workers.
 -> (artifact id: '00000000000000000000000000000000') in 0.000772 seconds
Import Error Code:(4)
Message: Build asset version error: assets/scripts/playermovement.cs in SourceAssetDB has modification time of '2025-05-17T11:11:26.2749379Z' while content on disk has modification time of '2025-05-17T11:18:21.7587366Z'
  ERROR: Build asset version error: assets/scripts/playermovement.cs in SourceAssetDB has modification time of '2025-05-17T11:11:26.2749379Z' while content on disk has modification time of '2025-05-17T11:18:21.7587366Z'
Number of updated asset objects reloaded before import = 0
Number of asset objects unloaded after import = 0
========================================================================
Received Import Request.
  Time since last request: 0.102568 seconds.
  path: Assets/Scripts/PlayerMovement.cs
  artifactKey: Guid(4a38a1d6f3436394481e429c7092361b) Importer(815301076,1909f56bfc062723c751e8b465ee728b)
Start importing Assets/Scripts/PlayerMovement.cs using Guid(4a38a1d6f3436394481e429c7092361b) Importer(815301076,1909f56bfc062723c751e8b465ee728b) [PhysX] Initialized MultithreadedTaskDispatcher with 8 workers.
 -> (artifact id: '00000000000000000000000000000000') in 0.000685 seconds
Import Error Code:(4)
Message: Build asset version error: assets/scripts/playermovement.cs in SourceAssetDB has modification time of '2025-05-17T11:11:26.2749379Z' while content on disk has modification time of '2025-05-17T11:18:21.7587366Z'
  ERROR: Build asset version error: assets/scripts/playermovement.cs in SourceAssetDB has modification time of '2025-05-17T11:11:26.2749379Z' while content on disk has modification time of '2025-05-17T11:18:21.7587366Z'
Number of updated asset objects reloaded before import = 0
Number of asset objects unloaded after import = 0
========================================================================
Received Import Request.
  Time since last request: 0.094106 seconds.
  path: Assets/Scripts/PlayerMovement.cs
  artifactKey: Guid(4a38a1d6f3436394481e429c7092361b) Importer(815301076,1909f56bfc062723c751e8b465ee728b)
Start importing Assets/Scripts/PlayerMovement.cs using Guid(4a38a1d6f3436394481e429c7092361b) Importer(815301076,1909f56bfc062723c751e8b465ee728b) [PhysX] Initialized MultithreadedTaskDispatcher with 8 workers.
 -> (artifact id: '00000000000000000000000000000000') in 0.000865 seconds
Import Error Code:(4)
Message: Build asset version error: assets/scripts/playermovement.cs in SourceAssetDB has modification time of '2025-05-17T11:11:26.2749379Z' while content on disk has modification time of '2025-05-17T11:18:21.7587366Z'
  ERROR: Build asset version error: assets/scripts/playermovement.cs in SourceAssetDB has modification time of '2025-05-17T11:11:26.2749379Z' while content on disk has modification time of '2025-05-17T11:18:21.7587366Z'
Number of updated asset objects reloaded before import = 0
Number of asset objects unloaded after import = 0
========================================================================
Received Import Request.
  Time since last request: 0.098084 seconds.
  path: Assets/Scripts/PlayerMovement.cs
  artifactKey: Guid(4a38a1d6f3436394481e429c7092361b) Importer(815301076,1909f56bfc062723c751e8b465ee728b)
Start importing Assets/Scripts/PlayerMovement.cs using Guid(4a38a1d6f3436394481e429c7092361b) Importer(815301076,1909f56bfc062723c751e8b465ee728b) [PhysX] Initialized MultithreadedTaskDispatcher with 8 workers.
 -> (artifact id: '00000000000000000000000000000000') in 0.000631 seconds
Import Error Code:(4)
Message: Build asset version error: assets/scripts/playermovement.cs in SourceAssetDB has modification time of '2025-05-17T11:11:26.2749379Z' while content on disk has modification time of '2025-05-17T11:18:21.7587366Z'
  ERROR: Build asset version error: assets/scripts/playermovement.cs in SourceAssetDB has modification time of '2025-05-17T11:11:26.2749379Z' while content on disk has modification time of '2025-05-17T11:18:21.7587366Z'
Number of updated asset objects reloaded before import = 0
Number of asset objects unloaded after import = 0
========================================================================
Received Import Request.
  Time since last request: 0.104660 seconds.
  path: Assets/Scripts/PlayerMovement.cs
  artifactKey: Guid(4a38a1d6f3436394481e429c7092361b) Importer(815301076,1909f56bfc062723c751e8b465ee728b)
Start importing Assets/Scripts/PlayerMovement.cs using Guid(4a38a1d6f3436394481e429c7092361b) Importer(815301076,1909f56bfc062723c751e8b465ee728b) [PhysX] Initialized MultithreadedTaskDispatcher with 8 workers.
 -> (artifact id: '00000000000000000000000000000000') in 0.000826 seconds
Import Error Code:(4)
Message: Build asset version error: assets/scripts/playermovement.cs in SourceAssetDB has modification time of '2025-05-17T11:11:26.2749379Z' while content on disk has modification time of '2025-05-17T11:18:21.7587366Z'
  ERROR: Build asset version error: assets/scripts/playermovement.cs in SourceAssetDB has modification time of '2025-05-17T11:11:26.2749379Z' while content on disk has modification time of '2025-05-17T11:18:21.7587366Z'
Number of updated asset objects reloaded before import = 0
Number of asset objects unloaded after import = 0
========================================================================
Received Import Request.
  Time since last request: 0.106262 seconds.
  path: Assets/Scripts/PlayerMovement.cs
  artifactKey: Guid(4a38a1d6f3436394481e429c7092361b) Importer(815301076,1909f56bfc062723c751e8b465ee728b)
Start importing Assets/Scripts/PlayerMovement.cs using Guid(4a38a1d6f3436394481e429c7092361b) Importer(815301076,1909f56bfc062723c751e8b465ee728b) [PhysX] Initialized MultithreadedTaskDispatcher with 8 workers.
 -> (artifact id: '00000000000000000000000000000000') in 0.000692 seconds
Import Error Code:(4)
Message: Build asset version error: assets/scripts/playermovement.cs in SourceAssetDB has modification time of '2025-05-17T11:11:26.2749379Z' while content on disk has modification time of '2025-05-17T11:18:21.7587366Z'
  ERROR: Build asset version error: assets/scripts/playermovement.cs in SourceAssetDB has modification time of '2025-05-17T11:11:26.2749379Z' while content on disk has modification time of '2025-05-17T11:18:21.7587366Z'
Number of updated asset objects reloaded before import = 0
Number of asset objects unloaded after import = 0
========================================================================
Received Import Request.
  Time since last request: 0.092889 seconds.
  path: Assets/Scripts/PlayerMovement.cs
  artifactKey: Guid(4a38a1d6f3436394481e429c7092361b) Importer(815301076,1909f56bfc062723c751e8b465ee728b)
Start importing Assets/Scripts/PlayerMovement.cs using Guid(4a38a1d6f3436394481e429c7092361b) Importer(815301076,1909f56bfc062723c751e8b465ee728b) [PhysX] Initialized MultithreadedTaskDispatcher with 8 workers.
 -> (artifact id: '00000000000000000000000000000000') in 0.000639 seconds
Import Error Code:(4)
Message: Build asset version error: assets/scripts/playermovement.cs in SourceAssetDB has modification time of '2025-05-17T11:11:26.2749379Z' while content on disk has modification time of '2025-05-17T11:18:21.7587366Z'
  ERROR: Build asset version error: assets/scripts/playermovement.cs in SourceAssetDB has modification time of '2025-05-17T11:11:26.2749379Z' while content on disk has modification time of '2025-05-17T11:18:21.7587366Z'
Number of updated asset objects reloaded before import = 0
Number of asset objects unloaded after import = 0
========================================================================
Received Import Request.
  Time since last request: 0.093003 seconds.
  path: Assets/Scripts/PlayerMovement.cs
  artifactKey: Guid(4a38a1d6f3436394481e429c7092361b) Importer(815301076,1909f56bfc062723c751e8b465ee728b)
Start importing Assets/Scripts/PlayerMovement.cs using Guid(4a38a1d6f3436394481e429c7092361b) Importer(815301076,1909f56bfc062723c751e8b465ee728b) [PhysX] Initialized MultithreadedTaskDispatcher with 8 workers.
 -> (artifact id: '00000000000000000000000000000000') in 0.000661 seconds
Import Error Code:(4)
Message: Build asset version error: assets/scripts/playermovement.cs in SourceAssetDB has modification time of '2025-05-17T11:11:26.2749379Z' while content on disk has modification time of '2025-05-17T11:18:21.7587366Z'
  ERROR: Build asset version error: assets/scripts/playermovement.cs in SourceAssetDB has modification time of '2025-05-17T11:11:26.2749379Z' while content on disk has modification time of '2025-05-17T11:18:21.7587366Z'
Number of updated asset objects reloaded before import = 0
Number of asset objects unloaded after import = 0
========================================================================
Received Import Request.
  Time since last request: 0.107561 seconds.
  path: Assets/Scripts/PlayerMovement.cs
  artifactKey: Guid(4a38a1d6f3436394481e429c7092361b) Importer(815301076,1909f56bfc062723c751e8b465ee728b)
Start importing Assets/Scripts/PlayerMovement.cs using Guid(4a38a1d6f3436394481e429c7092361b) Importer(815301076,1909f56bfc062723c751e8b465ee728b) [PhysX] Initialized MultithreadedTaskDispatcher with 8 workers.
 -> (artifact id: '00000000000000000000000000000000') in 0.000565 seconds
Import Error Code:(4)
Message: Build asset version error: assets/scripts/playermovement.cs in SourceAssetDB has modification time of '2025-05-17T11:11:26.2749379Z' while content on disk has modification time of '2025-05-17T11:18:21.7587366Z'
  ERROR: Build asset version error: assets/scripts/playermovement.cs in SourceAssetDB has modification time of '2025-05-17T11:11:26.2749379Z' while content on disk has modification time of '2025-05-17T11:18:21.7587366Z'
Number of updated asset objects reloaded before import = 0
Number of asset objects unloaded after import = 0
========================================================================
Received Import Request.
  Time since last request: 0.096935 seconds.
  path: Assets/Scripts/PlayerMovement.cs
  artifactKey: Guid(4a38a1d6f3436394481e429c7092361b) Importer(815301076,1909f56bfc062723c751e8b465ee728b)
Start importing Assets/Scripts/PlayerMovement.cs using Guid(4a38a1d6f3436394481e429c7092361b) Importer(815301076,1909f56bfc062723c751e8b465ee728b) [PhysX] Initialized MultithreadedTaskDispatcher with 8 workers.
 -> (artifact id: '00000000000000000000000000000000') in 0.000796 seconds
Import Error Code:(4)
Message: Build asset version error: assets/scripts/playermovement.cs in SourceAssetDB has modification time of '2025-05-17T11:11:26.2749379Z' while content on disk has modification time of '2025-05-17T11:18:21.7587366Z'
  ERROR: Build asset version error: assets/scripts/playermovement.cs in SourceAssetDB has modification time of '2025-05-17T11:11:26.2749379Z' while content on disk has modification time of '2025-05-17T11:18:21.7587366Z'
Number of updated asset objects reloaded before import = 0
Number of asset objects unloaded after import = 0
========================================================================
Received Import Request.
  Time since last request: 0.091033 seconds.
  path: Assets/Scripts/PlayerMovement.cs
  artifactKey: Guid(4a38a1d6f3436394481e429c7092361b) Importer(815301076,1909f56bfc062723c751e8b465ee728b)
Start importing Assets/Scripts/PlayerMovement.cs using Guid(4a38a1d6f3436394481e429c7092361b) Importer(815301076,1909f56bfc062723c751e8b465ee728b) [PhysX] Initialized MultithreadedTaskDispatcher with 8 workers.
 -> (artifact id: '00000000000000000000000000000000') in 0.000630 seconds
Import Error Code:(4)
Message: Build asset version error: assets/scripts/playermovement.cs in SourceAssetDB has modification time of '2025-05-17T11:11:26.2749379Z' while content on disk has modification time of '2025-05-17T11:18:21.7587366Z'
  ERROR: Build asset version error: assets/scripts/playermovement.cs in SourceAssetDB has modification time of '2025-05-17T11:11:26.2749379Z' while content on disk has modification time of '2025-05-17T11:18:21.7587366Z'
Number of updated asset objects reloaded before import = 0
Number of asset objects unloaded after import = 0
========================================================================
Received Import Request.
  Time since last request: 0.110034 seconds.
  path: Assets/Scripts/PlayerMovement.cs
  artifactKey: Guid(4a38a1d6f3436394481e429c7092361b) Importer(815301076,1909f56bfc062723c751e8b465ee728b)
Start importing Assets/Scripts/PlayerMovement.cs using Guid(4a38a1d6f3436394481e429c7092361b) Importer(815301076,1909f56bfc062723c751e8b465ee728b) [PhysX] Initialized MultithreadedTaskDispatcher with 8 workers.
 -> (artifact id: '00000000000000000000000000000000') in 0.002437 seconds
Import Error Code:(4)
Message: Build asset version error: assets/scripts/playermovement.cs in SourceAssetDB has modification time of '2025-05-17T11:11:26.2749379Z' while content on disk has modification time of '2025-05-17T11:18:21.7587366Z'
  ERROR: Build asset version error: assets/scripts/playermovement.cs in SourceAssetDB has modification time of '2025-05-17T11:11:26.2749379Z' while content on disk has modification time of '2025-05-17T11:18:21.7587366Z'
Number of updated asset objects reloaded before import = 0
Number of asset objects unloaded after import = 0
========================================================================
Received Import Request.
  Time since last request: 0.026639 seconds.
  path: Assets/Scripts/PlayerMovement.cs
  artifactKey: Guid(4a38a1d6f3436394481e429c7092361b) Importer(815301076,1909f56bfc062723c751e8b465ee728b)
Start importing Assets/Scripts/PlayerMovement.cs using Guid(4a38a1d6f3436394481e429c7092361b) Importer(815301076,1909f56bfc062723c751e8b465ee728b) [PhysX] Initialized MultithreadedTaskDispatcher with 8 workers.
 -> (artifact id: '00000000000000000000000000000000') in 0.000924 seconds
Import Error Code:(4)
Message: Build asset version error: assets/scripts/playermovement.cs in SourceAssetDB has modification time of '2025-05-17T11:11:26.2749379Z' while content on disk has modification time of '2025-05-17T11:18:21.7587366Z'
  ERROR: Build asset version error: assets/scripts/playermovement.cs in SourceAssetDB has modification time of '2025-05-17T11:11:26.2749379Z' while content on disk has modification time of '2025-05-17T11:18:21.7587366Z'
Number of updated asset objects reloaded before import = 0
Number of asset objects unloaded after import = 0
========================================================================
Received Import Request.
  Time since last request: 0.077210 seconds.
  path: Assets/Scripts/PlayerMovement.cs
  artifactKey: Guid(4a38a1d6f3436394481e429c7092361b) Importer(815301076,1909f56bfc062723c751e8b465ee728b)
Start importing Assets/Scripts/PlayerMovement.cs using Guid(4a38a1d6f3436394481e429c7092361b) Importer(815301076,1909f56bfc062723c751e8b465ee728b) [PhysX] Initialized MultithreadedTaskDispatcher with 8 workers.
 -> (artifact id: '00000000000000000000000000000000') in 0.000998 seconds
Import Error Code:(4)
Message: Build asset version error: assets/scripts/playermovement.cs in SourceAssetDB has modification time of '2025-05-17T11:11:26.2749379Z' while content on disk has modification time of '2025-05-17T11:18:21.7587366Z'
  ERROR: Build asset version error: assets/scripts/playermovement.cs in SourceAssetDB has modification time of '2025-05-17T11:11:26.2749379Z' while content on disk has modification time of '2025-05-17T11:18:21.7587366Z'
Number of updated asset objects reloaded before import = 0
Number of asset objects unloaded after import = 0
========================================================================
Received Import Request.
  Time since last request: 0.096436 seconds.
  path: Assets/Scripts/PlayerMovement.cs
  artifactKey: Guid(4a38a1d6f3436394481e429c7092361b) Importer(815301076,1909f56bfc062723c751e8b465ee728b)
Start importing Assets/Scripts/PlayerMovement.cs using Guid(4a38a1d6f3436394481e429c7092361b) Importer(815301076,1909f56bfc062723c751e8b465ee728b) [PhysX] Initialized MultithreadedTaskDispatcher with 8 workers.
 -> (artifact id: '00000000000000000000000000000000') in 0.000919 seconds
Import Error Code:(4)
Message: Build asset version error: assets/scripts/playermovement.cs in SourceAssetDB has modification time of '2025-05-17T11:11:26.2749379Z' while content on disk has modification time of '2025-05-17T11:18:21.7587366Z'
  ERROR: Build asset version error: assets/scripts/playermovement.cs in SourceAssetDB has modification time of '2025-05-17T11:11:26.2749379Z' while content on disk has modification time of '2025-05-17T11:18:21.7587366Z'
Number of updated asset objects reloaded before import = 0
Number of asset objects unloaded after import = 0
========================================================================
Received Import Request.
  Time since last request: 0.094727 seconds.
  path: Assets/Scripts/PlayerMovement.cs
  artifactKey: Guid(4a38a1d6f3436394481e429c7092361b) Importer(815301076,1909f56bfc062723c751e8b465ee728b)
Start importing Assets/Scripts/PlayerMovement.cs using Guid(4a38a1d6f3436394481e429c7092361b) Importer(815301076,1909f56bfc062723c751e8b465ee728b) [PhysX] Initialized MultithreadedTaskDispatcher with 8 workers.
 -> (artifact id: '00000000000000000000000000000000') in 0.000904 seconds
Import Error Code:(4)
Message: Build asset version error: assets/scripts/playermovement.cs in SourceAssetDB has modification time of '2025-05-17T11:11:26.2749379Z' while content on disk has modification time of '2025-05-17T11:18:21.7587366Z'
  ERROR: Build asset version error: assets/scripts/playermovement.cs in SourceAssetDB has modification time of '2025-05-17T11:11:26.2749379Z' while content on disk has modification time of '2025-05-17T11:18:21.7587366Z'
Number of updated asset objects reloaded before import = 0
Number of asset objects unloaded after import = 0
========================================================================
Received Import Request.
  Time since last request: 0.097239 seconds.
  path: Assets/Scripts/PlayerMovement.cs
  artifactKey: Guid(4a38a1d6f3436394481e429c7092361b) Importer(815301076,1909f56bfc062723c751e8b465ee728b)
Start importing Assets/Scripts/PlayerMovement.cs using Guid(4a38a1d6f3436394481e429c7092361b) Importer(815301076,1909f56bfc062723c751e8b465ee728b) [PhysX] Initialized MultithreadedTaskDispatcher with 8 workers.
 -> (artifact id: '00000000000000000000000000000000') in 0.001021 seconds
Import Error Code:(4)
Message: Build asset version error: assets/scripts/playermovement.cs in SourceAssetDB has modification time of '2025-05-17T11:11:26.2749379Z' while content on disk has modification time of '2025-05-17T11:18:21.7587366Z'
  ERROR: Build asset version error: assets/scripts/playermovement.cs in SourceAssetDB has modification time of '2025-05-17T11:11:26.2749379Z' while content on disk has modification time of '2025-05-17T11:18:21.7587366Z'
Number of updated asset objects reloaded before import = 0
Number of asset objects unloaded after import = 0
========================================================================
Received Import Request.
  Time since last request: 0.097724 seconds.
  path: Assets/Scripts/PlayerMovement.cs
  artifactKey: Guid(4a38a1d6f3436394481e429c7092361b) Importer(815301076,1909f56bfc062723c751e8b465ee728b)
Start importing Assets/Scripts/PlayerMovement.cs using Guid(4a38a1d6f3436394481e429c7092361b) Importer(815301076,1909f56bfc062723c751e8b465ee728b) [PhysX] Initialized MultithreadedTaskDispatcher with 8 workers.
 -> (artifact id: '00000000000000000000000000000000') in 0.000939 seconds
Import Error Code:(4)
Message: Build asset version error: assets/scripts/playermovement.cs in SourceAssetDB has modification time of '2025-05-17T11:11:26.2749379Z' while content on disk has modification time of '2025-05-17T11:18:21.7587366Z'
  ERROR: Build asset version error: assets/scripts/playermovement.cs in SourceAssetDB has modification time of '2025-05-17T11:11:26.2749379Z' while content on disk has modification time of '2025-05-17T11:18:21.7587366Z'
Number of updated asset objects reloaded before import = 0
Number of asset objects unloaded after import = 0
========================================================================
Received Import Request.
  Time since last request: 0.098536 seconds.
  path: Assets/Scripts/PlayerMovement.cs
  artifactKey: Guid(4a38a1d6f3436394481e429c7092361b) Importer(815301076,1909f56bfc062723c751e8b465ee728b)
Start importing Assets/Scripts/PlayerMovement.cs using Guid(4a38a1d6f3436394481e429c7092361b) Importer(815301076,1909f56bfc062723c751e8b465ee728b) [PhysX] Initialized MultithreadedTaskDispatcher with 8 workers.
 -> (artifact id: '00000000000000000000000000000000') in 0.000909 seconds
Import Error Code:(4)
Message: Build asset version error: assets/scripts/playermovement.cs in SourceAssetDB has modification time of '2025-05-17T11:11:26.2749379Z' while content on disk has modification time of '2025-05-17T11:18:21.7587366Z'
  ERROR: Build asset version error: assets/scripts/playermovement.cs in SourceAssetDB has modification time of '2025-05-17T11:11:26.2749379Z' while content on disk has modification time of '2025-05-17T11:18:21.7587366Z'
Number of updated asset objects reloaded before import = 0
Number of asset objects unloaded after import = 0
========================================================================
Received Import Request.
  Time since last request: 0.105473 seconds.
  path: Assets/Scripts/PlayerMovement.cs
  artifactKey: Guid(4a38a1d6f3436394481e429c7092361b) Importer(815301076,1909f56bfc062723c751e8b465ee728b)
Start importing Assets/Scripts/PlayerMovement.cs using Guid(4a38a1d6f3436394481e429c7092361b) Importer(815301076,1909f56bfc062723c751e8b465ee728b) [PhysX] Initialized MultithreadedTaskDispatcher with 8 workers.
 -> (artifact id: '00000000000000000000000000000000') in 0.002300 seconds
Import Error Code:(4)
Message: Build asset version error: assets/scripts/playermovement.cs in SourceAssetDB has modification time of '2025-05-17T11:11:26.2749379Z' while content on disk has modification time of '2025-05-17T11:18:21.7587366Z'
  ERROR: Build asset version error: assets/scripts/playermovement.cs in SourceAssetDB has modification time of '2025-05-17T11:11:26.2749379Z' while content on disk has modification time of '2025-05-17T11:18:21.7587366Z'
Number of updated asset objects reloaded before import = 0
Number of asset objects unloaded after import = 0
========================================================================
Received Import Request.
  Time since last request: 0.090225 seconds.
  path: Assets/Scripts/PlayerMovement.cs
  artifactKey: Guid(4a38a1d6f3436394481e429c7092361b) Importer(815301076,1909f56bfc062723c751e8b465ee728b)
Start importing Assets/Scripts/PlayerMovement.cs using Guid(4a38a1d6f3436394481e429c7092361b) Importer(815301076,1909f56bfc062723c751e8b465ee728b) [PhysX] Initialized MultithreadedTaskDispatcher with 8 workers.
 -> (artifact id: '00000000000000000000000000000000') in 0.002270 seconds
Import Error Code:(4)
Message: Build asset version error: assets/scripts/playermovement.cs in SourceAssetDB has modification time of '2025-05-17T11:11:26.2749379Z' while content on disk has modification time of '2025-05-17T11:18:21.7587366Z'
  ERROR: Build asset version error: assets/scripts/playermovement.cs in SourceAssetDB has modification time of '2025-05-17T11:11:26.2749379Z' while content on disk has modification time of '2025-05-17T11:18:21.7587366Z'
Number of updated asset objects reloaded before import = 0
Number of asset objects unloaded after import = 0
========================================================================
Received Import Request.
  Time since last request: 0.095165 seconds.
  path: Assets/Scripts/PlayerMovement.cs
  artifactKey: Guid(4a38a1d6f3436394481e429c7092361b) Importer(815301076,1909f56bfc062723c751e8b465ee728b)
Start importing Assets/Scripts/PlayerMovement.cs using Guid(4a38a1d6f3436394481e429c7092361b) Importer(815301076,1909f56bfc062723c751e8b465ee728b) [PhysX] Initialized MultithreadedTaskDispatcher with 8 workers.
 -> (artifact id: '00000000000000000000000000000000') in 0.000980 seconds
Import Error Code:(4)
Message: Build asset version error: assets/scripts/playermovement.cs in SourceAssetDB has modification time of '2025-05-17T11:11:26.2749379Z' while content on disk has modification time of '2025-05-17T11:18:21.7587366Z'
  ERROR: Build asset version error: assets/scripts/playermovement.cs in SourceAssetDB has modification time of '2025-05-17T11:11:26.2749379Z' while content on disk has modification time of '2025-05-17T11:18:21.7587366Z'
Number of updated asset objects reloaded before import = 0
Number of asset objects unloaded after import = 0
========================================================================
Received Import Request.
  Time since last request: 0.101274 seconds.
  path: Assets/Scripts/PlayerMovement.cs
  artifactKey: Guid(4a38a1d6f3436394481e429c7092361b) Importer(815301076,1909f56bfc062723c751e8b465ee728b)
Start importing Assets/Scripts/PlayerMovement.cs using Guid(4a38a1d6f3436394481e429c7092361b) Importer(815301076,1909f56bfc062723c751e8b465ee728b) [PhysX] Initialized MultithreadedTaskDispatcher with 8 workers.
 -> (artifact id: '00000000000000000000000000000000') in 0.000757 seconds
Import Error Code:(4)
Message: Build asset version error: assets/scripts/playermovement.cs in SourceAssetDB has modification time of '2025-05-17T11:11:26.2749379Z' while content on disk has modification time of '2025-05-17T11:18:21.7587366Z'
  ERROR: Build asset version error: assets/scripts/playermovement.cs in SourceAssetDB has modification time of '2025-05-17T11:11:26.2749379Z' while content on disk has modification time of '2025-05-17T11:18:21.7587366Z'
Number of updated asset objects reloaded before import = 0
Number of asset objects unloaded after import = 0
========================================================================
Received Import Request.
  Time since last request: 0.095456 seconds.
  path: Assets/Scripts/PlayerMovement.cs
  artifactKey: Guid(4a38a1d6f3436394481e429c7092361b) Importer(815301076,1909f56bfc062723c751e8b465ee728b)
Start importing Assets/Scripts/PlayerMovement.cs using Guid(4a38a1d6f3436394481e429c7092361b) Importer(815301076,1909f56bfc062723c751e8b465ee728b) [PhysX] Initialized MultithreadedTaskDispatcher with 8 workers.
 -> (artifact id: '00000000000000000000000000000000') in 0.001617 seconds
Import Error Code:(4)
Message: Build asset version error: assets/scripts/playermovement.cs in SourceAssetDB has modification time of '2025-05-17T11:11:26.2749379Z' while content on disk has modification time of '2025-05-17T11:18:21.7587366Z'
  ERROR: Build asset version error: assets/scripts/playermovement.cs in SourceAssetDB has modification time of '2025-05-17T11:11:26.2749379Z' while content on disk has modification time of '2025-05-17T11:18:21.7587366Z'
Number of updated asset objects reloaded before import = 0
Number of asset objects unloaded after import = 0
========================================================================
Received Import Request.
  Time since last request: 0.108672 seconds.
  path: Assets/Scripts/PlayerMovement.cs
  artifactKey: Guid(4a38a1d6f3436394481e429c7092361b) Importer(815301076,1909f56bfc062723c751e8b465ee728b)
Start importing Assets/Scripts/PlayerMovement.cs using Guid(4a38a1d6f3436394481e429c7092361b) Importer(815301076,1909f56bfc062723c751e8b465ee728b) [PhysX] Initialized MultithreadedTaskDispatcher with 8 workers.
 -> (artifact id: '00000000000000000000000000000000') in 0.000729 seconds
Import Error Code:(4)
Message: Build asset version error: assets/scripts/playermovement.cs in SourceAssetDB has modification time of '2025-05-17T11:11:26.2749379Z' while content on disk has modification time of '2025-05-17T11:18:21.7587366Z'
  ERROR: Build asset version error: assets/scripts/playermovement.cs in SourceAssetDB has modification time of '2025-05-17T11:11:26.2749379Z' while content on disk has modification time of '2025-05-17T11:18:21.7587366Z'
Number of updated asset objects reloaded before import = 0
Number of asset objects unloaded after import = 0
========================================================================
Received Import Request.
  Time since last request: 0.091854 seconds.
  path: Assets/Scripts/PlayerMovement.cs
  artifactKey: Guid(4a38a1d6f3436394481e429c7092361b) Importer(815301076,1909f56bfc062723c751e8b465ee728b)
Start importing Assets/Scripts/PlayerMovement.cs using Guid(4a38a1d6f3436394481e429c7092361b) Importer(815301076,1909f56bfc062723c751e8b465ee728b) [PhysX] Initialized MultithreadedTaskDispatcher with 8 workers.
 -> (artifact id: '00000000000000000000000000000000') in 0.000676 seconds
Import Error Code:(4)
Message: Build asset version error: assets/scripts/playermovement.cs in SourceAssetDB has modification time of '2025-05-17T11:11:26.2749379Z' while content on disk has modification time of '2025-05-17T11:18:21.7587366Z'
  ERROR: Build asset version error: assets/scripts/playermovement.cs in SourceAssetDB has modification time of '2025-05-17T11:11:26.2749379Z' while content on disk has modification time of '2025-05-17T11:18:21.7587366Z'
Number of updated asset objects reloaded before import = 0
Number of asset objects unloaded after import = 0
========================================================================
Received Import Request.
  Time since last request: 0.094081 seconds.
  path: Assets/Scripts/PlayerMovement.cs
  artifactKey: Guid(4a38a1d6f3436394481e429c7092361b) Importer(815301076,1909f56bfc062723c751e8b465ee728b)
Start importing Assets/Scripts/PlayerMovement.cs using Guid(4a38a1d6f3436394481e429c7092361b) Importer(815301076,1909f56bfc062723c751e8b465ee728b) [PhysX] Initialized MultithreadedTaskDispatcher with 8 workers.
 -> (artifact id: '00000000000000000000000000000000') in 0.000716 seconds
Import Error Code:(4)
Message: Build asset version error: assets/scripts/playermovement.cs in SourceAssetDB has modification time of '2025-05-17T11:11:26.2749379Z' while content on disk has modification time of '2025-05-17T11:18:21.7587366Z'
  ERROR: Build asset version error: assets/scripts/playermovement.cs in SourceAssetDB has modification time of '2025-05-17T11:11:26.2749379Z' while content on disk has modification time of '2025-05-17T11:18:21.7587366Z'
Number of updated asset objects reloaded before import = 0
Number of asset objects unloaded after import = 0
========================================================================
Received Import Request.
  Time since last request: 0.102207 seconds.
  path: Assets/Scripts/PlayerMovement.cs
  artifactKey: Guid(4a38a1d6f3436394481e429c7092361b) Importer(815301076,1909f56bfc062723c751e8b465ee728b)
Start importing Assets/Scripts/PlayerMovement.cs using Guid(4a38a1d6f3436394481e429c7092361b) Importer(815301076,1909f56bfc062723c751e8b465ee728b) [PhysX] Initialized MultithreadedTaskDispatcher with 8 workers.
 -> (artifact id: '00000000000000000000000000000000') in 0.000785 seconds
Import Error Code:(4)
Message: Build asset version error: assets/scripts/playermovement.cs in SourceAssetDB has modification time of '2025-05-17T11:11:26.2749379Z' while content on disk has modification time of '2025-05-17T11:18:21.7587366Z'
  ERROR: Build asset version error: assets/scripts/playermovement.cs in SourceAssetDB has modification time of '2025-05-17T11:11:26.2749379Z' while content on disk has modification time of '2025-05-17T11:18:21.7587366Z'
Number of updated asset objects reloaded before import = 0
Number of asset objects unloaded after import = 0
========================================================================
Received Import Request.
  Time since last request: 0.098411 seconds.
  path: Assets/Scripts/PlayerMovement.cs
  artifactKey: Guid(4a38a1d6f3436394481e429c7092361b) Importer(815301076,1909f56bfc062723c751e8b465ee728b)
Start importing Assets/Scripts/PlayerMovement.cs using Guid(4a38a1d6f3436394481e429c7092361b) Importer(815301076,1909f56bfc062723c751e8b465ee728b) [PhysX] Initialized MultithreadedTaskDispatcher with 8 workers.
 -> (artifact id: '00000000000000000000000000000000') in 0.000647 seconds
Import Error Code:(4)
Message: Build asset version error: assets/scripts/playermovement.cs in SourceAssetDB has modification time of '2025-05-17T11:11:26.2749379Z' while content on disk has modification time of '2025-05-17T11:18:21.7587366Z'
  ERROR: Build asset version error: assets/scripts/playermovement.cs in SourceAssetDB has modification time of '2025-05-17T11:11:26.2749379Z' while content on disk has modification time of '2025-05-17T11:18:21.7587366Z'
Number of updated asset objects reloaded before import = 0
Number of asset objects unloaded after import = 0
========================================================================
Received Import Request.
  Time since last request: 0.101369 seconds.
  path: Assets/Scripts/PlayerMovement.cs
  artifactKey: Guid(4a38a1d6f3436394481e429c7092361b) Importer(815301076,1909f56bfc062723c751e8b465ee728b)
Start importing Assets/Scripts/PlayerMovement.cs using Guid(4a38a1d6f3436394481e429c7092361b) Importer(815301076,1909f56bfc062723c751e8b465ee728b) [PhysX] Initialized MultithreadedTaskDispatcher with 8 workers.
 -> (artifact id: '00000000000000000000000000000000') in 0.000738 seconds
Import Error Code:(4)
Message: Build asset version error: assets/scripts/playermovement.cs in SourceAssetDB has modification time of '2025-05-17T11:11:26.2749379Z' while content on disk has modification time of '2025-05-17T11:18:21.7587366Z'
  ERROR: Build asset version error: assets/scripts/playermovement.cs in SourceAssetDB has modification time of '2025-05-17T11:11:26.2749379Z' while content on disk has modification time of '2025-05-17T11:18:21.7587366Z'
Number of updated asset objects reloaded before import = 0
Number of asset objects unloaded after import = 0
========================================================================
Received Import Request.
  Time since last request: 0.104601 seconds.
  path: Assets/Scripts/PlayerMovement.cs
  artifactKey: Guid(4a38a1d6f3436394481e429c7092361b) Importer(815301076,1909f56bfc062723c751e8b465ee728b)
Start importing Assets/Scripts/PlayerMovement.cs using Guid(4a38a1d6f3436394481e429c7092361b) Importer(815301076,1909f56bfc062723c751e8b465ee728b) [PhysX] Initialized MultithreadedTaskDispatcher with 8 workers.
 -> (artifact id: '00000000000000000000000000000000') in 0.000883 seconds
Import Error Code:(4)
Message: Build asset version error: assets/scripts/playermovement.cs in SourceAssetDB has modification time of '2025-05-17T11:11:26.2749379Z' while content on disk has modification time of '2025-05-17T11:18:21.7587366Z'
  ERROR: Build asset version error: assets/scripts/playermovement.cs in SourceAssetDB has modification time of '2025-05-17T11:11:26.2749379Z' while content on disk has modification time of '2025-05-17T11:18:21.7587366Z'
Number of updated asset objects reloaded before import = 0
Number of asset objects unloaded after import = 0
========================================================================
Received Import Request.
  Time since last request: 0.092292 seconds.
  path: Assets/Scripts/PlayerMovement.cs
  artifactKey: Guid(4a38a1d6f3436394481e429c7092361b) Importer(815301076,1909f56bfc062723c751e8b465ee728b)
Start importing Assets/Scripts/PlayerMovement.cs using Guid(4a38a1d6f3436394481e429c7092361b) Importer(815301076,1909f56bfc062723c751e8b465ee728b) [PhysX] Initialized MultithreadedTaskDispatcher with 8 workers.
 -> (artifact id: '00000000000000000000000000000000') in 0.000976 seconds
Import Error Code:(4)
Message: Build asset version error: assets/scripts/playermovement.cs in SourceAssetDB has modification time of '2025-05-17T11:11:26.2749379Z' while content on disk has modification time of '2025-05-17T11:18:21.7587366Z'
  ERROR: Build asset version error: assets/scripts/playermovement.cs in SourceAssetDB has modification time of '2025-05-17T11:11:26.2749379Z' while content on disk has modification time of '2025-05-17T11:18:21.7587366Z'
Number of updated asset objects reloaded before import = 0
Number of asset objects unloaded after import = 0
========================================================================
Received Import Request.
  Time since last request: 0.106175 seconds.
  path: Assets/Scripts/PlayerMovement.cs
  artifactKey: Guid(4a38a1d6f3436394481e429c7092361b) Importer(815301076,1909f56bfc062723c751e8b465ee728b)
Start importing Assets/Scripts/PlayerMovement.cs using Guid(4a38a1d6f3436394481e429c7092361b) Importer(815301076,1909f56bfc062723c751e8b465ee728b) [PhysX] Initialized MultithreadedTaskDispatcher with 8 workers.
 -> (artifact id: '00000000000000000000000000000000') in 0.000662 seconds
Import Error Code:(4)
Message: Build asset version error: assets/scripts/playermovement.cs in SourceAssetDB has modification time of '2025-05-17T11:11:26.2749379Z' while content on disk has modification time of '2025-05-17T11:18:21.7587366Z'
  ERROR: Build asset version error: assets/scripts/playermovement.cs in SourceAssetDB has modification time of '2025-05-17T11:11:26.2749379Z' while content on disk has modification time of '2025-05-17T11:18:21.7587366Z'
Number of updated asset objects reloaded before import = 0
Number of asset objects unloaded after import = 0
========================================================================
Received Import Request.
  Time since last request: 0.094259 seconds.
  path: Assets/Scripts/PlayerMovement.cs
  artifactKey: Guid(4a38a1d6f3436394481e429c7092361b) Importer(815301076,1909f56bfc062723c751e8b465ee728b)
Start importing Assets/Scripts/PlayerMovement.cs using Guid(4a38a1d6f3436394481e429c7092361b) Importer(815301076,1909f56bfc062723c751e8b465ee728b) [PhysX] Initialized MultithreadedTaskDispatcher with 8 workers.
 -> (artifact id: '00000000000000000000000000000000') in 0.000740 seconds
Import Error Code:(4)
Message: Build asset version error: assets/scripts/playermovement.cs in SourceAssetDB has modification time of '2025-05-17T11:11:26.2749379Z' while content on disk has modification time of '2025-05-17T11:18:21.7587366Z'
  ERROR: Build asset version error: assets/scripts/playermovement.cs in SourceAssetDB has modification time of '2025-05-17T11:11:26.2749379Z' while content on disk has modification time of '2025-05-17T11:18:21.7587366Z'
Number of updated asset objects reloaded before import = 0
Number of asset objects unloaded after import = 0
========================================================================
Received Import Request.
  Time since last request: 0.109168 seconds.
  path: Assets/Scripts/PlayerMovement.cs
  artifactKey: Guid(4a38a1d6f3436394481e429c7092361b) Importer(815301076,1909f56bfc062723c751e8b465ee728b)
Start importing Assets/Scripts/PlayerMovement.cs using Guid(4a38a1d6f3436394481e429c7092361b) Importer(815301076,1909f56bfc062723c751e8b465ee728b) [PhysX] Initialized MultithreadedTaskDispatcher with 8 workers.
 -> (artifact id: '00000000000000000000000000000000') in 0.001202 seconds
Import Error Code:(4)
Message: Build asset version error: assets/scripts/playermovement.cs in SourceAssetDB has modification time of '2025-05-17T11:11:26.2749379Z' while content on disk has modification time of '2025-05-17T11:18:21.7587366Z'
  ERROR: Build asset version error: assets/scripts/playermovement.cs in SourceAssetDB has modification time of '2025-05-17T11:11:26.2749379Z' while content on disk has modification time of '2025-05-17T11:18:21.7587366Z'
Number of updated asset objects reloaded before import = 0
Number of asset objects unloaded after import = 0
========================================================================
Received Import Request.
  Time since last request: 0.084794 seconds.
  path: Assets/Scripts/PlayerMovement.cs
  artifactKey: Guid(4a38a1d6f3436394481e429c7092361b) Importer(815301076,1909f56bfc062723c751e8b465ee728b)
Start importing Assets/Scripts/PlayerMovement.cs using Guid(4a38a1d6f3436394481e429c7092361b) Importer(815301076,1909f56bfc062723c751e8b465ee728b) [PhysX] Initialized MultithreadedTaskDispatcher with 8 workers.
 -> (artifact id: '00000000000000000000000000000000') in 0.000656 seconds
Import Error Code:(4)
Message: Build asset version error: assets/scripts/playermovement.cs in SourceAssetDB has modification time of '2025-05-17T11:11:26.2749379Z' while content on disk has modification time of '2025-05-17T11:18:21.7587366Z'
  ERROR: Build asset version error: assets/scripts/playermovement.cs in SourceAssetDB has modification time of '2025-05-17T11:11:26.2749379Z' while content on disk has modification time of '2025-05-17T11:18:21.7587366Z'
Number of updated asset objects reloaded before import = 0
Number of asset objects unloaded after import = 0
========================================================================
Received Import Request.
  Time since last request: 0.098771 seconds.
  path: Assets/Scripts/PlayerMovement.cs
  artifactKey: Guid(4a38a1d6f3436394481e429c7092361b) Importer(815301076,1909f56bfc062723c751e8b465ee728b)
Start importing Assets/Scripts/PlayerMovement.cs using Guid(4a38a1d6f3436394481e429c7092361b) Importer(815301076,1909f56bfc062723c751e8b465ee728b) [PhysX] Initialized MultithreadedTaskDispatcher with 8 workers.
 -> (artifact id: '00000000000000000000000000000000') in 0.000900 seconds
Import Error Code:(4)
Message: Build asset version error: assets/scripts/playermovement.cs in SourceAssetDB has modification time of '2025-05-17T11:11:26.2749379Z' while content on disk has modification time of '2025-05-17T11:18:21.7587366Z'
  ERROR: Build asset version error: assets/scripts/playermovement.cs in SourceAssetDB has modification time of '2025-05-17T11:11:26.2749379Z' while content on disk has modification time of '2025-05-17T11:18:21.7587366Z'
Number of updated asset objects reloaded before import = 0
Number of asset objects unloaded after import = 0
========================================================================
Received Import Request.
  Time since last request: 0.107760 seconds.
  path: Assets/Scripts/PlayerMovement.cs
  artifactKey: Guid(4a38a1d6f3436394481e429c7092361b) Importer(815301076,1909f56bfc062723c751e8b465ee728b)
Start importing Assets/Scripts/PlayerMovement.cs using Guid(4a38a1d6f3436394481e429c7092361b) Importer(815301076,1909f56bfc062723c751e8b465ee728b) [PhysX] Initialized MultithreadedTaskDispatcher with 8 workers.
 -> (artifact id: '00000000000000000000000000000000') in 0.000641 seconds
Import Error Code:(4)
Message: Build asset version error: assets/scripts/playermovement.cs in SourceAssetDB has modification time of '2025-05-17T11:11:26.2749379Z' while content on disk has modification time of '2025-05-17T11:18:21.7587366Z'
  ERROR: Build asset version error: assets/scripts/playermovement.cs in SourceAssetDB has modification time of '2025-05-17T11:11:26.2749379Z' while content on disk has modification time of '2025-05-17T11:18:21.7587366Z'
Number of updated asset objects reloaded before import = 0
Number of asset objects unloaded after import = 0
========================================================================
Received Import Request.
  Time since last request: 0.091937 seconds.
  path: Assets/Scripts/PlayerMovement.cs
  artifactKey: Guid(4a38a1d6f3436394481e429c7092361b) Importer(815301076,1909f56bfc062723c751e8b465ee728b)
Start importing Assets/Scripts/PlayerMovement.cs using Guid(4a38a1d6f3436394481e429c7092361b) Importer(815301076,1909f56bfc062723c751e8b465ee728b) [PhysX] Initialized MultithreadedTaskDispatcher with 8 workers.
 -> (artifact id: '00000000000000000000000000000000') in 0.001807 seconds
Import Error Code:(4)
Message: Build asset version error: assets/scripts/playermovement.cs in SourceAssetDB has modification time of '2025-05-17T11:11:26.2749379Z' while content on disk has modification time of '2025-05-17T11:18:21.7587366Z'
  ERROR: Build asset version error: assets/scripts/playermovement.cs in SourceAssetDB has modification time of '2025-05-17T11:11:26.2749379Z' while content on disk has modification time of '2025-05-17T11:18:21.7587366Z'
Number of updated asset objects reloaded before import = 0
Number of asset objects unloaded after import = 0
========================================================================
Received Import Request.
  Time since last request: 0.022130 seconds.
  path: Assets/Scripts/PlayerMovement.cs
  artifactKey: Guid(4a38a1d6f3436394481e429c7092361b) Importer(815301076,1909f56bfc062723c751e8b465ee728b)
Start importing Assets/Scripts/PlayerMovement.cs using Guid(4a38a1d6f3436394481e429c7092361b) Importer(815301076,1909f56bfc062723c751e8b465ee728b) [PhysX] Initialized MultithreadedTaskDispatcher with 8 workers.
 -> (artifact id: '00000000000000000000000000000000') in 0.017418 seconds
Import Error Code:(4)
Message: Build asset version error: assets/scripts/playermovement.cs in SourceAssetDB has modification time of '2025-05-17T11:11:26.2749379Z' while content on disk has modification time of '2025-05-17T11:18:29.0867197Z'
  ERROR: Build asset version error: assets/scripts/playermovement.cs in SourceAssetDB has modification time of '2025-05-17T11:11:26.2749379Z' while content on disk has modification time of '2025-05-17T11:18:29.0867197Z'
Number of updated asset objects reloaded before import = 0
Number of asset objects unloaded after import = 0
========================================================================
Received Import Request.
  Time since last request: 0.077290 seconds.
  path: Assets/Scripts/PlayerMovement.cs
  artifactKey: Guid(4a38a1d6f3436394481e429c7092361b) Importer(815301076,1909f56bfc062723c751e8b465ee728b)
Start importing Assets/Scripts/PlayerMovement.cs using Guid(4a38a1d6f3436394481e429c7092361b) Importer(815301076,1909f56bfc062723c751e8b465ee728b) [PhysX] Initialized MultithreadedTaskDispatcher with 8 workers.
 -> (artifact id: '00000000000000000000000000000000') in 0.001474 seconds
Import Error Code:(4)
Message: Build asset version error: assets/scripts/playermovement.cs in SourceAssetDB has modification time of '2025-05-17T11:11:26.2749379Z' while content on disk has modification time of '2025-05-17T11:18:29.0867197Z'
  ERROR: Build asset version error: assets/scripts/playermovement.cs in SourceAssetDB has modification time of '2025-05-17T11:11:26.2749379Z' while content on disk has modification time of '2025-05-17T11:18:29.0867197Z'
Number of updated asset objects reloaded before import = 0
Number of asset objects unloaded after import = 0
========================================================================
Received Import Request.
  Time since last request: 0.090076 seconds.
  path: Assets/Scripts/PlayerMovement.cs
  artifactKey: Guid(4a38a1d6f3436394481e429c7092361b) Importer(815301076,1909f56bfc062723c751e8b465ee728b)
Start importing Assets/Scripts/PlayerMovement.cs using Guid(4a38a1d6f3436394481e429c7092361b) Importer(815301076,1909f56bfc062723c751e8b465ee728b) [PhysX] Initialized MultithreadedTaskDispatcher with 8 workers.
 -> (artifact id: '00000000000000000000000000000000') in 0.000751 seconds
Import Error Code:(4)
Message: Build asset version error: assets/scripts/playermovement.cs in SourceAssetDB has modification time of '2025-05-17T11:11:26.2749379Z' while content on disk has modification time of '2025-05-17T11:18:29.0867197Z'
  ERROR: Build asset version error: assets/scripts/playermovement.cs in SourceAssetDB has modification time of '2025-05-17T11:11:26.2749379Z' while content on disk has modification time of '2025-05-17T11:18:29.0867197Z'
Number of updated asset objects reloaded before import = 0
Number of asset objects unloaded after import = 0
========================================================================
Received Import Request.
  Time since last request: 0.098239 seconds.
  path: Assets/Scripts/PlayerMovement.cs
  artifactKey: Guid(4a38a1d6f3436394481e429c7092361b) Importer(815301076,1909f56bfc062723c751e8b465ee728b)
Start importing Assets/Scripts/PlayerMovement.cs using Guid(4a38a1d6f3436394481e429c7092361b) Importer(815301076,1909f56bfc062723c751e8b465ee728b) [PhysX] Initialized MultithreadedTaskDispatcher with 8 workers.
 -> (artifact id: '00000000000000000000000000000000') in 0.000773 seconds
Import Error Code:(4)
Message: Build asset version error: assets/scripts/playermovement.cs in SourceAssetDB has modification time of '2025-05-17T11:11:26.2749379Z' while content on disk has modification time of '2025-05-17T11:18:29.0867197Z'
  ERROR: Build asset version error: assets/scripts/playermovement.cs in SourceAssetDB has modification time of '2025-05-17T11:11:26.2749379Z' while content on disk has modification time of '2025-05-17T11:18:29.0867197Z'
Number of updated asset objects reloaded before import = 0
Number of asset objects unloaded after import = 0
========================================================================
Received Import Request.
  Time since last request: 0.105096 seconds.
  path: Assets/Scripts/PlayerMovement.cs
  artifactKey: Guid(4a38a1d6f3436394481e429c7092361b) Importer(815301076,1909f56bfc062723c751e8b465ee728b)
Start importing Assets/Scripts/PlayerMovement.cs using Guid(4a38a1d6f3436394481e429c7092361b) Importer(815301076,1909f56bfc062723c751e8b465ee728b) [PhysX] Initialized MultithreadedTaskDispatcher with 8 workers.
 -> (artifact id: '00000000000000000000000000000000') in 0.000831 seconds
Import Error Code:(4)
Message: Build asset version error: assets/scripts/playermovement.cs in SourceAssetDB has modification time of '2025-05-17T11:11:26.2749379Z' while content on disk has modification time of '2025-05-17T11:18:29.0867197Z'
  ERROR: Build asset version error: assets/scripts/playermovement.cs in SourceAssetDB has modification time of '2025-05-17T11:11:26.2749379Z' while content on disk has modification time of '2025-05-17T11:18:29.0867197Z'
Number of updated asset objects reloaded before import = 0
Number of asset objects unloaded after import = 0
========================================================================
Received Import Request.
  Time since last request: 0.088633 seconds.
  path: Assets/Scripts/PlayerMovement.cs
  artifactKey: Guid(4a38a1d6f3436394481e429c7092361b) Importer(815301076,1909f56bfc062723c751e8b465ee728b)
Start importing Assets/Scripts/PlayerMovement.cs using Guid(4a38a1d6f3436394481e429c7092361b) Importer(815301076,1909f56bfc062723c751e8b465ee728b) [PhysX] Initialized MultithreadedTaskDispatcher with 8 workers.
 -> (artifact id: '00000000000000000000000000000000') in 0.000717 seconds
Import Error Code:(4)
Message: Build asset version error: assets/scripts/playermovement.cs in SourceAssetDB has modification time of '2025-05-17T11:11:26.2749379Z' while content on disk has modification time of '2025-05-17T11:18:29.0867197Z'
  ERROR: Build asset version error: assets/scripts/playermovement.cs in SourceAssetDB has modification time of '2025-05-17T11:11:26.2749379Z' while content on disk has modification time of '2025-05-17T11:18:29.0867197Z'
Number of updated asset objects reloaded before import = 0
Number of asset objects unloaded after import = 0
========================================================================
Received Import Request.
  Time since last request: 0.109909 seconds.
  path: Assets/Scripts/PlayerMovement.cs
  artifactKey: Guid(4a38a1d6f3436394481e429c7092361b) Importer(815301076,1909f56bfc062723c751e8b465ee728b)
Start importing Assets/Scripts/PlayerMovement.cs using Guid(4a38a1d6f3436394481e429c7092361b) Importer(815301076,1909f56bfc062723c751e8b465ee728b) [PhysX] Initialized MultithreadedTaskDispatcher with 8 workers.
 -> (artifact id: '00000000000000000000000000000000') in 0.001010 seconds
Import Error Code:(4)
Message: Build asset version error: assets/scripts/playermovement.cs in SourceAssetDB has modification time of '2025-05-17T11:11:26.2749379Z' while content on disk has modification time of '2025-05-17T11:18:29.0867197Z'
  ERROR: Build asset version error: assets/scripts/playermovement.cs in SourceAssetDB has modification time of '2025-05-17T11:11:26.2749379Z' while content on disk has modification time of '2025-05-17T11:18:29.0867197Z'
Number of updated asset objects reloaded before import = 0
Number of asset objects unloaded after import = 0
========================================================================
Received Import Request.
  Time since last request: 0.088547 seconds.
  path: Assets/Scripts/PlayerMovement.cs
  artifactKey: Guid(4a38a1d6f3436394481e429c7092361b) Importer(815301076,1909f56bfc062723c751e8b465ee728b)
Start importing Assets/Scripts/PlayerMovement.cs using Guid(4a38a1d6f3436394481e429c7092361b) Importer(815301076,1909f56bfc062723c751e8b465ee728b) [PhysX] Initialized MultithreadedTaskDispatcher with 8 workers.
 -> (artifact id: '00000000000000000000000000000000') in 0.000775 seconds
Import Error Code:(4)
Message: Build asset version error: assets/scripts/playermovement.cs in SourceAssetDB has modification time of '2025-05-17T11:11:26.2749379Z' while content on disk has modification time of '2025-05-17T11:18:29.0867197Z'
  ERROR: Build asset version error: assets/scripts/playermovement.cs in SourceAssetDB has modification time of '2025-05-17T11:11:26.2749379Z' while content on disk has modification time of '2025-05-17T11:18:29.0867197Z'
Number of updated asset objects reloaded before import = 0
Number of asset objects unloaded after import = 0
========================================================================
Received Import Request.
  Time since last request: 0.099275 seconds.
  path: Assets/Scripts/PlayerMovement.cs
  artifactKey: Guid(4a38a1d6f3436394481e429c7092361b) Importer(815301076,1909f56bfc062723c751e8b465ee728b)
Start importing Assets/Scripts/PlayerMovement.cs using Guid(4a38a1d6f3436394481e429c7092361b) Importer(815301076,1909f56bfc062723c751e8b465ee728b) [PhysX] Initialized MultithreadedTaskDispatcher with 8 workers.
 -> (artifact id: '00000000000000000000000000000000') in 0.001113 seconds
Import Error Code:(4)
Message: Build asset version error: assets/scripts/playermovement.cs in SourceAssetDB has modification time of '2025-05-17T11:11:26.2749379Z' while content on disk has modification time of '2025-05-17T11:18:29.0867197Z'
  ERROR: Build asset version error: assets/scripts/playermovement.cs in SourceAssetDB has modification time of '2025-05-17T11:11:26.2749379Z' while content on disk has modification time of '2025-05-17T11:18:29.0867197Z'
Number of updated asset objects reloaded before import = 0
Number of asset objects unloaded after import = 0
========================================================================
Received Import Request.
  Time since last request: 0.097636 seconds.
  path: Assets/Scripts/PlayerMovement.cs
  artifactKey: Guid(4a38a1d6f3436394481e429c7092361b) Importer(815301076,1909f56bfc062723c751e8b465ee728b)
Start importing Assets/Scripts/PlayerMovement.cs using Guid(4a38a1d6f3436394481e429c7092361b) Importer(815301076,1909f56bfc062723c751e8b465ee728b) [PhysX] Initialized MultithreadedTaskDispatcher with 8 workers.
 -> (artifact id: '00000000000000000000000000000000') in 0.000984 seconds
Import Error Code:(4)
Message: Build asset version error: assets/scripts/playermovement.cs in SourceAssetDB has modification time of '2025-05-17T11:11:26.2749379Z' while content on disk has modification time of '2025-05-17T11:18:29.0867197Z'
  ERROR: Build asset version error: assets/scripts/playermovement.cs in SourceAssetDB has modification time of '2025-05-17T11:11:26.2749379Z' while content on disk has modification time of '2025-05-17T11:18:29.0867197Z'
Number of updated asset objects reloaded before import = 0
Number of asset objects unloaded after import = 0
========================================================================
Received Import Request.
  Time since last request: 0.101507 seconds.
  path: Assets/Scripts/PlayerMovement.cs
  artifactKey: Guid(4a38a1d6f3436394481e429c7092361b) Importer(815301076,1909f56bfc062723c751e8b465ee728b)
Start importing Assets/Scripts/PlayerMovement.cs using Guid(4a38a1d6f3436394481e429c7092361b) Importer(815301076,1909f56bfc062723c751e8b465ee728b) [PhysX] Initialized MultithreadedTaskDispatcher with 8 workers.
 -> (artifact id: '00000000000000000000000000000000') in 0.000916 seconds
Import Error Code:(4)
Message: Build asset version error: assets/scripts/playermovement.cs in SourceAssetDB has modification time of '2025-05-17T11:11:26.2749379Z' while content on disk has modification time of '2025-05-17T11:18:29.0867197Z'
  ERROR: Build asset version error: assets/scripts/playermovement.cs in SourceAssetDB has modification time of '2025-05-17T11:11:26.2749379Z' while content on disk has modification time of '2025-05-17T11:18:29.0867197Z'
Number of updated asset objects reloaded before import = 0
Number of asset objects unloaded after import = 0
========================================================================
Received Import Request.
  Time since last request: 0.095462 seconds.
  path: Assets/Scripts/PlayerMovement.cs
  artifactKey: Guid(4a38a1d6f3436394481e429c7092361b) Importer(815301076,1909f56bfc062723c751e8b465ee728b)
Start importing Assets/Scripts/PlayerMovement.cs using Guid(4a38a1d6f3436394481e429c7092361b) Importer(815301076,1909f56bfc062723c751e8b465ee728b) [PhysX] Initialized MultithreadedTaskDispatcher with 8 workers.
 -> (artifact id: '00000000000000000000000000000000') in 0.000593 seconds
Import Error Code:(4)
Message: Build asset version error: assets/scripts/playermovement.cs in SourceAssetDB has modification time of '2025-05-17T11:11:26.2749379Z' while content on disk has modification time of '2025-05-17T11:18:29.0867197Z'
  ERROR: Build asset version error: assets/scripts/playermovement.cs in SourceAssetDB has modification time of '2025-05-17T11:11:26.2749379Z' while content on disk has modification time of '2025-05-17T11:18:29.0867197Z'
Number of updated asset objects reloaded before import = 0
Number of asset objects unloaded after import = 0
========================================================================
Received Import Request.
  Time since last request: 0.100087 seconds.
  path: Assets/Scripts/PlayerMovement.cs
  artifactKey: Guid(4a38a1d6f3436394481e429c7092361b) Importer(815301076,1909f56bfc062723c751e8b465ee728b)
Start importing Assets/Scripts/PlayerMovement.cs using Guid(4a38a1d6f3436394481e429c7092361b) Importer(815301076,1909f56bfc062723c751e8b465ee728b) [PhysX] Initialized MultithreadedTaskDispatcher with 8 workers.
 -> (artifact id: '00000000000000000000000000000000') in 0.000645 seconds
Import Error Code:(4)
Message: Build asset version error: assets/scripts/playermovement.cs in SourceAssetDB has modification time of '2025-05-17T11:11:26.2749379Z' while content on disk has modification time of '2025-05-17T11:18:29.0867197Z'
  ERROR: Build asset version error: assets/scripts/playermovement.cs in SourceAssetDB has modification time of '2025-05-17T11:11:26.2749379Z' while content on disk has modification time of '2025-05-17T11:18:29.0867197Z'
Number of updated asset objects reloaded before import = 0
Number of asset objects unloaded after import = 0
========================================================================
Received Import Request.
  Time since last request: 0.098944 seconds.
  path: Assets/Scripts/PlayerMovement.cs
  artifactKey: Guid(4a38a1d6f3436394481e429c7092361b) Importer(815301076,1909f56bfc062723c751e8b465ee728b)
Start importing Assets/Scripts/PlayerMovement.cs using Guid(4a38a1d6f3436394481e429c7092361b) Importer(815301076,1909f56bfc062723c751e8b465ee728b) [PhysX] Initialized MultithreadedTaskDispatcher with 8 workers.
 -> (artifact id: '00000000000000000000000000000000') in 0.000606 seconds
Import Error Code:(4)
Message: Build asset version error: assets/scripts/playermovement.cs in SourceAssetDB has modification time of '2025-05-17T11:11:26.2749379Z' while content on disk has modification time of '2025-05-17T11:18:29.0867197Z'
  ERROR: Build asset version error: assets/scripts/playermovement.cs in SourceAssetDB has modification time of '2025-05-17T11:11:26.2749379Z' while content on disk has modification time of '2025-05-17T11:18:29.0867197Z'
Number of updated asset objects reloaded before import = 0
Number of asset objects unloaded after import = 0
========================================================================
Received Import Request.
  Time since last request: 0.098697 seconds.
  path: Assets/Scripts/PlayerMovement.cs
  artifactKey: Guid(4a38a1d6f3436394481e429c7092361b) Importer(815301076,1909f56bfc062723c751e8b465ee728b)
Start importing Assets/Scripts/PlayerMovement.cs using Guid(4a38a1d6f3436394481e429c7092361b) Importer(815301076,1909f56bfc062723c751e8b465ee728b) [PhysX] Initialized MultithreadedTaskDispatcher with 8 workers.
 -> (artifact id: '00000000000000000000000000000000') in 0.000735 seconds
Import Error Code:(4)
Message: Build asset version error: assets/scripts/playermovement.cs in SourceAssetDB has modification time of '2025-05-17T11:11:26.2749379Z' while content on disk has modification time of '2025-05-17T11:18:29.0867197Z'
  ERROR: Build asset version error: assets/scripts/playermovement.cs in SourceAssetDB has modification time of '2025-05-17T11:11:26.2749379Z' while content on disk has modification time of '2025-05-17T11:18:29.0867197Z'
Number of updated asset objects reloaded before import = 0
Number of asset objects unloaded after import = 0
========================================================================
Received Import Request.
  Time since last request: 0.105233 seconds.
  path: Assets/Scripts/PlayerMovement.cs
  artifactKey: Guid(4a38a1d6f3436394481e429c7092361b) Importer(815301076,1909f56bfc062723c751e8b465ee728b)
Start importing Assets/Scripts/PlayerMovement.cs using Guid(4a38a1d6f3436394481e429c7092361b) Importer(815301076,1909f56bfc062723c751e8b465ee728b) [PhysX] Initialized MultithreadedTaskDispatcher with 8 workers.
 -> (artifact id: '00000000000000000000000000000000') in 0.000605 seconds
Import Error Code:(4)
Message: Build asset version error: assets/scripts/playermovement.cs in SourceAssetDB has modification time of '2025-05-17T11:11:26.2749379Z' while content on disk has modification time of '2025-05-17T11:18:29.0867197Z'
  ERROR: Build asset version error: assets/scripts/playermovement.cs in SourceAssetDB has modification time of '2025-05-17T11:11:26.2749379Z' while content on disk has modification time of '2025-05-17T11:18:29.0867197Z'
Number of updated asset objects reloaded before import = 0
Number of asset objects unloaded after import = 0
========================================================================
Received Import Request.
  Time since last request: 0.110050 seconds.
  path: Assets/Scripts/PlayerMovement.cs
  artifactKey: Guid(4a38a1d6f3436394481e429c7092361b) Importer(815301076,1909f56bfc062723c751e8b465ee728b)
Start importing Assets/Scripts/PlayerMovement.cs using Guid(4a38a1d6f3436394481e429c7092361b) Importer(815301076,1909f56bfc062723c751e8b465ee728b) [PhysX] Initialized MultithreadedTaskDispatcher with 8 workers.
 -> (artifact id: '00000000000000000000000000000000') in 0.000828 seconds
Import Error Code:(4)
Message: Build asset version error: assets/scripts/playermovement.cs in SourceAssetDB has modification time of '2025-05-17T11:11:26.2749379Z' while content on disk has modification time of '2025-05-17T11:18:29.0867197Z'
  ERROR: Build asset version error: assets/scripts/playermovement.cs in SourceAssetDB has modification time of '2025-05-17T11:11:26.2749379Z' while content on disk has modification time of '2025-05-17T11:18:29.0867197Z'
Number of updated asset objects reloaded before import = 0
Number of asset objects unloaded after import = 0
========================================================================
Received Import Request.
  Time since last request: 0.096954 seconds.
  path: Assets/Scripts/PlayerMovement.cs
  artifactKey: Guid(4a38a1d6f3436394481e429c7092361b) Importer(815301076,1909f56bfc062723c751e8b465ee728b)
Start importing Assets/Scripts/PlayerMovement.cs using Guid(4a38a1d6f3436394481e429c7092361b) Importer(815301076,1909f56bfc062723c751e8b465ee728b) [PhysX] Initialized MultithreadedTaskDispatcher with 8 workers.
 -> (artifact id: '00000000000000000000000000000000') in 0.000962 seconds
Import Error Code:(4)
Message: Build asset version error: assets/scripts/playermovement.cs in SourceAssetDB has modification time of '2025-05-17T11:11:26.2749379Z' while content on disk has modification time of '2025-05-17T11:18:29.0867197Z'
  ERROR: Build asset version error: assets/scripts/playermovement.cs in SourceAssetDB has modification time of '2025-05-17T11:11:26.2749379Z' while content on disk has modification time of '2025-05-17T11:18:29.0867197Z'
Number of updated asset objects reloaded before import = 0
Number of asset objects unloaded after import = 0
========================================================================
Received Import Request.
  Time since last request: 0.094567 seconds.
  path: Assets/Scripts/PlayerMovement.cs
  artifactKey: Guid(4a38a1d6f3436394481e429c7092361b) Importer(815301076,1909f56bfc062723c751e8b465ee728b)
Start importing Assets/Scripts/PlayerMovement.cs using Guid(4a38a1d6f3436394481e429c7092361b) Importer(815301076,1909f56bfc062723c751e8b465ee728b) [PhysX] Initialized MultithreadedTaskDispatcher with 8 workers.
 -> (artifact id: '00000000000000000000000000000000') in 0.000519 seconds
Import Error Code:(4)
Message: Build asset version error: assets/scripts/playermovement.cs in SourceAssetDB has modification time of '2025-05-17T11:11:26.2749379Z' while content on disk has modification time of '2025-05-17T11:18:29.0867197Z'
  ERROR: Build asset version error: assets/scripts/playermovement.cs in SourceAssetDB has modification time of '2025-05-17T11:11:26.2749379Z' while content on disk has modification time of '2025-05-17T11:18:29.0867197Z'
Number of updated asset objects reloaded before import = 0
Number of asset objects unloaded after import = 0
========================================================================
Received Import Request.
  Time since last request: 0.109915 seconds.
  path: Assets/Scripts/PlayerMovement.cs
  artifactKey: Guid(4a38a1d6f3436394481e429c7092361b) Importer(815301076,1909f56bfc062723c751e8b465ee728b)
Start importing Assets/Scripts/PlayerMovement.cs using Guid(4a38a1d6f3436394481e429c7092361b) Importer(815301076,1909f56bfc062723c751e8b465ee728b) [PhysX] Initialized MultithreadedTaskDispatcher with 8 workers.
 -> (artifact id: '00000000000000000000000000000000') in 0.001292 seconds
Import Error Code:(4)
Message: Build asset version error: assets/scripts/playermovement.cs in SourceAssetDB has modification time of '2025-05-17T11:11:26.2749379Z' while content on disk has modification time of '2025-05-17T11:18:29.0867197Z'
  ERROR: Build asset version error: assets/scripts/playermovement.cs in SourceAssetDB has modification time of '2025-05-17T11:11:26.2749379Z' while content on disk has modification time of '2025-05-17T11:18:29.0867197Z'
Number of updated asset objects reloaded before import = 0
Number of asset objects unloaded after import = 0
========================================================================
Received Import Request.
  Time since last request: 0.086117 seconds.
  path: Assets/Scripts/PlayerMovement.cs
  artifactKey: Guid(4a38a1d6f3436394481e429c7092361b) Importer(815301076,1909f56bfc062723c751e8b465ee728b)
Start importing Assets/Scripts/PlayerMovement.cs using Guid(4a38a1d6f3436394481e429c7092361b) Importer(815301076,1909f56bfc062723c751e8b465ee728b) [PhysX] Initialized MultithreadedTaskDispatcher with 8 workers.
 -> (artifact id: '00000000000000000000000000000000') in 0.000699 seconds
Import Error Code:(4)
Message: Build asset version error: assets/scripts/playermovement.cs in SourceAssetDB has modification time of '2025-05-17T11:11:26.2749379Z' while content on disk has modification time of '2025-05-17T11:18:29.0867197Z'
  ERROR: Build asset version error: assets/scripts/playermovement.cs in SourceAssetDB has modification time of '2025-05-17T11:11:26.2749379Z' while content on disk has modification time of '2025-05-17T11:18:29.0867197Z'
Number of updated asset objects reloaded before import = 0
Number of asset objects unloaded after import = 0
========================================================================
Received Import Request.
  Time since last request: 0.101631 seconds.
  path: Assets/Scripts/PlayerMovement.cs
  artifactKey: Guid(4a38a1d6f3436394481e429c7092361b) Importer(815301076,1909f56bfc062723c751e8b465ee728b)
Start importing Assets/Scripts/PlayerMovement.cs using Guid(4a38a1d6f3436394481e429c7092361b) Importer(815301076,1909f56bfc062723c751e8b465ee728b) [PhysX] Initialized MultithreadedTaskDispatcher with 8 workers.
 -> (artifact id: '00000000000000000000000000000000') in 0.000811 seconds
Import Error Code:(4)
Message: Build asset version error: assets/scripts/playermovement.cs in SourceAssetDB has modification time of '2025-05-17T11:11:26.2749379Z' while content on disk has modification time of '2025-05-17T11:18:29.0867197Z'
  ERROR: Build asset version error: assets/scripts/playermovement.cs in SourceAssetDB has modification time of '2025-05-17T11:11:26.2749379Z' while content on disk has modification time of '2025-05-17T11:18:29.0867197Z'
Number of updated asset objects reloaded before import = 0
Number of asset objects unloaded after import = 0
========================================================================
Received Import Request.
  Time since last request: 0.104147 seconds.
  path: Assets/Scripts/PlayerMovement.cs
  artifactKey: Guid(4a38a1d6f3436394481e429c7092361b) Importer(815301076,1909f56bfc062723c751e8b465ee728b)
Start importing Assets/Scripts/PlayerMovement.cs using Guid(4a38a1d6f3436394481e429c7092361b) Importer(815301076,1909f56bfc062723c751e8b465ee728b) [PhysX] Initialized MultithreadedTaskDispatcher with 8 workers.
 -> (artifact id: '00000000000000000000000000000000') in 0.000899 seconds
Import Error Code:(4)
Message: Build asset version error: assets/scripts/playermovement.cs in SourceAssetDB has modification time of '2025-05-17T11:11:26.2749379Z' while content on disk has modification time of '2025-05-17T11:18:29.0867197Z'
  ERROR: Build asset version error: assets/scripts/playermovement.cs in SourceAssetDB has modification time of '2025-05-17T11:11:26.2749379Z' while content on disk has modification time of '2025-05-17T11:18:29.0867197Z'
Number of updated asset objects reloaded before import = 0
Number of asset objects unloaded after import = 0
========================================================================
Received Import Request.
  Time since last request: 0.090822 seconds.
  path: Assets/Scripts/PlayerMovement.cs
  artifactKey: Guid(4a38a1d6f3436394481e429c7092361b) Importer(815301076,1909f56bfc062723c751e8b465ee728b)
Start importing Assets/Scripts/PlayerMovement.cs using Guid(4a38a1d6f3436394481e429c7092361b) Importer(815301076,1909f56bfc062723c751e8b465ee728b) [PhysX] Initialized MultithreadedTaskDispatcher with 8 workers.
 -> (artifact id: '00000000000000000000000000000000') in 0.000554 seconds
Import Error Code:(4)
Message: Build asset version error: assets/scripts/playermovement.cs in SourceAssetDB has modification time of '2025-05-17T11:11:26.2749379Z' while content on disk has modification time of '2025-05-17T11:18:29.0867197Z'
  ERROR: Build asset version error: assets/scripts/playermovement.cs in SourceAssetDB has modification time of '2025-05-17T11:11:26.2749379Z' while content on disk has modification time of '2025-05-17T11:18:29.0867197Z'
Number of updated asset objects reloaded before import = 0
Number of asset objects unloaded after import = 0
========================================================================
Received Import Request.
  Time since last request: 0.097905 seconds.
  path: Assets/Scripts/PlayerMovement.cs
  artifactKey: Guid(4a38a1d6f3436394481e429c7092361b) Importer(815301076,1909f56bfc062723c751e8b465ee728b)
Start importing Assets/Scripts/PlayerMovement.cs using Guid(4a38a1d6f3436394481e429c7092361b) Importer(815301076,1909f56bfc062723c751e8b465ee728b) [PhysX] Initialized MultithreadedTaskDispatcher with 8 workers.
 -> (artifact id: '00000000000000000000000000000000') in 0.000615 seconds
Import Error Code:(4)
Message: Build asset version error: assets/scripts/playermovement.cs in SourceAssetDB has modification time of '2025-05-17T11:11:26.2749379Z' while content on disk has modification time of '2025-05-17T11:18:29.0867197Z'
  ERROR: Build asset version error: assets/scripts/playermovement.cs in SourceAssetDB has modification time of '2025-05-17T11:11:26.2749379Z' while content on disk has modification time of '2025-05-17T11:18:29.0867197Z'
Number of updated asset objects reloaded before import = 0
Number of asset objects unloaded after import = 0
========================================================================
Received Import Request.
  Time since last request: 0.113130 seconds.
  path: Assets/Scripts/PlayerMovement.cs
  artifactKey: Guid(4a38a1d6f3436394481e429c7092361b) Importer(815301076,1909f56bfc062723c751e8b465ee728b)
Start importing Assets/Scripts/PlayerMovement.cs using Guid(4a38a1d6f3436394481e429c7092361b) Importer(815301076,1909f56bfc062723c751e8b465ee728b) [PhysX] Initialized MultithreadedTaskDispatcher with 8 workers.
 -> (artifact id: '00000000000000000000000000000000') in 0.000597 seconds
Import Error Code:(4)
Message: Build asset version error: assets/scripts/playermovement.cs in SourceAssetDB has modification time of '2025-05-17T11:11:26.2749379Z' while content on disk has modification time of '2025-05-17T11:18:29.0867197Z'
  ERROR: Build asset version error: assets/scripts/playermovement.cs in SourceAssetDB has modification time of '2025-05-17T11:11:26.2749379Z' while content on disk has modification time of '2025-05-17T11:18:29.0867197Z'
Number of updated asset objects reloaded before import = 0
Number of asset objects unloaded after import = 0
========================================================================
Received Import Request.
  Time since last request: 0.088754 seconds.
  path: Assets/Scripts/PlayerMovement.cs
  artifactKey: Guid(4a38a1d6f3436394481e429c7092361b) Importer(815301076,1909f56bfc062723c751e8b465ee728b)
Start importing Assets/Scripts/PlayerMovement.cs using Guid(4a38a1d6f3436394481e429c7092361b) Importer(815301076,1909f56bfc062723c751e8b465ee728b) [PhysX] Initialized MultithreadedTaskDispatcher with 8 workers.
 -> (artifact id: '00000000000000000000000000000000') in 0.000776 seconds
Import Error Code:(4)
Message: Build asset version error: assets/scripts/playermovement.cs in SourceAssetDB has modification time of '2025-05-17T11:11:26.2749379Z' while content on disk has modification time of '2025-05-17T11:18:29.0867197Z'
  ERROR: Build asset version error: assets/scripts/playermovement.cs in SourceAssetDB has modification time of '2025-05-17T11:11:26.2749379Z' while content on disk has modification time of '2025-05-17T11:18:29.0867197Z'
Number of updated asset objects reloaded before import = 0
Number of asset objects unloaded after import = 0
========================================================================
Received Import Request.
  Time since last request: 0.104212 seconds.
  path: Assets/Scripts/PlayerMovement.cs
  artifactKey: Guid(4a38a1d6f3436394481e429c7092361b) Importer(815301076,1909f56bfc062723c751e8b465ee728b)
Start importing Assets/Scripts/PlayerMovement.cs using Guid(4a38a1d6f3436394481e429c7092361b) Importer(815301076,1909f56bfc062723c751e8b465ee728b) [PhysX] Initialized MultithreadedTaskDispatcher with 8 workers.
 -> (artifact id: '00000000000000000000000000000000') in 0.000546 seconds
Import Error Code:(4)
Message: Build asset version error: assets/scripts/playermovement.cs in SourceAssetDB has modification time of '2025-05-17T11:11:26.2749379Z' while content on disk has modification time of '2025-05-17T11:18:29.0867197Z'
  ERROR: Build asset version error: assets/scripts/playermovement.cs in SourceAssetDB has modification time of '2025-05-17T11:11:26.2749379Z' while content on disk has modification time of '2025-05-17T11:18:29.0867197Z'
Number of updated asset objects reloaded before import = 0
Number of asset objects unloaded after import = 0
========================================================================
Received Import Request.
  Time since last request: 0.099885 seconds.
  path: Assets/Scripts/PlayerMovement.cs
  artifactKey: Guid(4a38a1d6f3436394481e429c7092361b) Importer(815301076,1909f56bfc062723c751e8b465ee728b)
Start importing Assets/Scripts/PlayerMovement.cs using Guid(4a38a1d6f3436394481e429c7092361b) Importer(815301076,1909f56bfc062723c751e8b465ee728b) [PhysX] Initialized MultithreadedTaskDispatcher with 8 workers.
 -> (artifact id: '00000000000000000000000000000000') in 0.000839 seconds
Import Error Code:(4)
Message: Build asset version error: assets/scripts/playermovement.cs in SourceAssetDB has modification time of '2025-05-17T11:11:26.2749379Z' while content on disk has modification time of '2025-05-17T11:18:29.0867197Z'
  ERROR: Build asset version error: assets/scripts/playermovement.cs in SourceAssetDB has modification time of '2025-05-17T11:11:26.2749379Z' while content on disk has modification time of '2025-05-17T11:18:29.0867197Z'
Number of updated asset objects reloaded before import = 0
Number of asset objects unloaded after import = 0
========================================================================
Received Import Request.
  Time since last request: 0.100822 seconds.
  path: Assets/Scripts/PlayerMovement.cs
  artifactKey: Guid(4a38a1d6f3436394481e429c7092361b) Importer(815301076,1909f56bfc062723c751e8b465ee728b)
Start importing Assets/Scripts/PlayerMovement.cs using Guid(4a38a1d6f3436394481e429c7092361b) Importer(815301076,1909f56bfc062723c751e8b465ee728b) [PhysX] Initialized MultithreadedTaskDispatcher with 8 workers.
 -> (artifact id: '00000000000000000000000000000000') in 0.000574 seconds
Import Error Code:(4)
Message: Build asset version error: assets/scripts/playermovement.cs in SourceAssetDB has modification time of '2025-05-17T11:11:26.2749379Z' while content on disk has modification time of '2025-05-17T11:18:29.0867197Z'
  ERROR: Build asset version error: assets/scripts/playermovement.cs in SourceAssetDB has modification time of '2025-05-17T11:11:26.2749379Z' while content on disk has modification time of '2025-05-17T11:18:29.0867197Z'
Number of updated asset objects reloaded before import = 0
Number of asset objects unloaded after import = 0
========================================================================
Received Import Request.
  Time since last request: 0.006109 seconds.
  path: Assets/Scripts/PlayerMovement.cs
  artifactKey: Guid(4a38a1d6f3436394481e429c7092361b) Importer(815301076,1909f56bfc062723c751e8b465ee728b)
Start importing Assets/Scripts/PlayerMovement.cs using Guid(4a38a1d6f3436394481e429c7092361b) Importer(815301076,1909f56bfc062723c751e8b465ee728b) [PhysX] Initialized MultithreadedTaskDispatcher with 8 workers.
 -> (artifact id: '00000000000000000000000000000000') in 0.000760 seconds
Import Error Code:(4)
Message: Build asset version error: assets/scripts/playermovement.cs in SourceAssetDB has modification time of '2025-05-17T11:11:26.2749379Z' while content on disk has modification time of '2025-05-17T11:18:29.0867197Z'
  ERROR: Build asset version error: assets/scripts/playermovement.cs in SourceAssetDB has modification time of '2025-05-17T11:11:26.2749379Z' while content on disk has modification time of '2025-05-17T11:18:29.0867197Z'
Number of updated asset objects reloaded before import = 0
Number of asset objects unloaded after import = 0
========================================================================
Received Import Request.
  Time since last request: 0.073884 seconds.
  path: Assets/Scripts/PlayerMovement.cs
  artifactKey: Guid(4a38a1d6f3436394481e429c7092361b) Importer(815301076,1909f56bfc062723c751e8b465ee728b)
Start importing Assets/Scripts/PlayerMovement.cs using Guid(4a38a1d6f3436394481e429c7092361b) Importer(815301076,1909f56bfc062723c751e8b465ee728b) [PhysX] Initialized MultithreadedTaskDispatcher with 8 workers.
 -> (artifact id: '00000000000000000000000000000000') in 0.001584 seconds
Import Error Code:(4)
Message: Build asset version error: assets/scripts/playermovement.cs in SourceAssetDB has modification time of '2025-05-17T11:11:26.2749379Z' while content on disk has modification time of '2025-05-17T11:18:29.0867197Z'
  ERROR: Build asset version error: assets/scripts/playermovement.cs in SourceAssetDB has modification time of '2025-05-17T11:11:26.2749379Z' while content on disk has modification time of '2025-05-17T11:18:29.0867197Z'
Number of updated asset objects reloaded before import = 0
Number of asset objects unloaded after import = 0
========================================================================
Received Import Request.
  Time since last request: 0.097723 seconds.
  path: Assets/Scripts/PlayerMovement.cs
  artifactKey: Guid(4a38a1d6f3436394481e429c7092361b) Importer(815301076,1909f56bfc062723c751e8b465ee728b)
Start importing Assets/Scripts/PlayerMovement.cs using Guid(4a38a1d6f3436394481e429c7092361b) Importer(815301076,1909f56bfc062723c751e8b465ee728b) [PhysX] Initialized MultithreadedTaskDispatcher with 8 workers.
 -> (artifact id: '00000000000000000000000000000000') in 0.000577 seconds
Import Error Code:(4)
Message: Build asset version error: assets/scripts/playermovement.cs in SourceAssetDB has modification time of '2025-05-17T11:11:26.2749379Z' while content on disk has modification time of '2025-05-17T11:18:29.0867197Z'
  ERROR: Build asset version error: assets/scripts/playermovement.cs in SourceAssetDB has modification time of '2025-05-17T11:11:26.2749379Z' while content on disk has modification time of '2025-05-17T11:18:29.0867197Z'
Number of updated asset objects reloaded before import = 0
Number of asset objects unloaded after import = 0
========================================================================
Received Import Request.
  Time since last request: 0.095600 seconds.
  path: Assets/Scripts/PlayerMovement.cs
  artifactKey: Guid(4a38a1d6f3436394481e429c7092361b) Importer(815301076,1909f56bfc062723c751e8b465ee728b)
Start importing Assets/Scripts/PlayerMovement.cs using Guid(4a38a1d6f3436394481e429c7092361b) Importer(815301076,1909f56bfc062723c751e8b465ee728b) [PhysX] Initialized MultithreadedTaskDispatcher with 8 workers.
 -> (artifact id: '00000000000000000000000000000000') in 0.000986 seconds
Import Error Code:(4)
Message: Build asset version error: assets/scripts/playermovement.cs in SourceAssetDB has modification time of '2025-05-17T11:11:26.2749379Z' while content on disk has modification time of '2025-05-17T11:18:29.0867197Z'
  ERROR: Build asset version error: assets/scripts/playermovement.cs in SourceAssetDB has modification time of '2025-05-17T11:11:26.2749379Z' while content on disk has modification time of '2025-05-17T11:18:29.0867197Z'
Number of updated asset objects reloaded before import = 0
Number of asset objects unloaded after import = 0
========================================================================
Received Import Request.
  Time since last request: 0.098089 seconds.
  path: Assets/Scripts/PlayerMovement.cs
  artifactKey: Guid(4a38a1d6f3436394481e429c7092361b) Importer(815301076,1909f56bfc062723c751e8b465ee728b)
Start importing Assets/Scripts/PlayerMovement.cs using Guid(4a38a1d6f3436394481e429c7092361b) Importer(815301076,1909f56bfc062723c751e8b465ee728b) [PhysX] Initialized MultithreadedTaskDispatcher with 8 workers.
 -> (artifact id: '00000000000000000000000000000000') in 0.000596 seconds
Import Error Code:(4)
Message: Build asset version error: assets/scripts/playermovement.cs in SourceAssetDB has modification time of '2025-05-17T11:11:26.2749379Z' while content on disk has modification time of '2025-05-17T11:18:29.0867197Z'
  ERROR: Build asset version error: assets/scripts/playermovement.cs in SourceAssetDB has modification time of '2025-05-17T11:11:26.2749379Z' while content on disk has modification time of '2025-05-17T11:18:29.0867197Z'
Number of updated asset objects reloaded before import = 0
Number of asset objects unloaded after import = 0
========================================================================
Received Import Request.
  Time since last request: 0.101970 seconds.
  path: Assets/Scripts/PlayerMovement.cs
  artifactKey: Guid(4a38a1d6f3436394481e429c7092361b) Importer(815301076,1909f56bfc062723c751e8b465ee728b)
Start importing Assets/Scripts/PlayerMovement.cs using Guid(4a38a1d6f3436394481e429c7092361b) Importer(815301076,1909f56bfc062723c751e8b465ee728b) [PhysX] Initialized MultithreadedTaskDispatcher with 8 workers.
 -> (artifact id: '00000000000000000000000000000000') in 0.000651 seconds
Import Error Code:(4)
Message: Build asset version error: assets/scripts/playermovement.cs in SourceAssetDB has modification time of '2025-05-17T11:11:26.2749379Z' while content on disk has modification time of '2025-05-17T11:18:29.0867197Z'
  ERROR: Build asset version error: assets/scripts/playermovement.cs in SourceAssetDB has modification time of '2025-05-17T11:11:26.2749379Z' while content on disk has modification time of '2025-05-17T11:18:29.0867197Z'
Number of updated asset objects reloaded before import = 0
Number of asset objects unloaded after import = 0
========================================================================
Received Import Request.
  Time since last request: 0.101194 seconds.
  path: Assets/Scripts/PlayerMovement.cs
  artifactKey: Guid(4a38a1d6f3436394481e429c7092361b) Importer(815301076,1909f56bfc062723c751e8b465ee728b)
Start importing Assets/Scripts/PlayerMovement.cs using Guid(4a38a1d6f3436394481e429c7092361b) Importer(815301076,1909f56bfc062723c751e8b465ee728b) [PhysX] Initialized MultithreadedTaskDispatcher with 8 workers.
 -> (artifact id: '00000000000000000000000000000000') in 0.000860 seconds
Import Error Code:(4)
Message: Build asset version error: assets/scripts/playermovement.cs in SourceAssetDB has modification time of '2025-05-17T11:11:26.2749379Z' while content on disk has modification time of '2025-05-17T11:18:29.0867197Z'
  ERROR: Build asset version error: assets/scripts/playermovement.cs in SourceAssetDB has modification time of '2025-05-17T11:11:26.2749379Z' while content on disk has modification time of '2025-05-17T11:18:29.0867197Z'
Number of updated asset objects reloaded before import = 0
Number of asset objects unloaded after import = 0
========================================================================
Received Import Request.
  Time since last request: 0.091680 seconds.
  path: Assets/Scripts/PlayerMovement.cs
  artifactKey: Guid(4a38a1d6f3436394481e429c7092361b) Importer(815301076,1909f56bfc062723c751e8b465ee728b)
Start importing Assets/Scripts/PlayerMovement.cs using Guid(4a38a1d6f3436394481e429c7092361b) Importer(815301076,1909f56bfc062723c751e8b465ee728b) [PhysX] Initialized MultithreadedTaskDispatcher with 8 workers.
 -> (artifact id: '00000000000000000000000000000000') in 0.000558 seconds
Import Error Code:(4)
Message: Build asset version error: assets/scripts/playermovement.cs in SourceAssetDB has modification time of '2025-05-17T11:11:26.2749379Z' while content on disk has modification time of '2025-05-17T11:18:29.0867197Z'
  ERROR: Build asset version error: assets/scripts/playermovement.cs in SourceAssetDB has modification time of '2025-05-17T11:11:26.2749379Z' while content on disk has modification time of '2025-05-17T11:18:29.0867197Z'
Number of updated asset objects reloaded before import = 0
Number of asset objects unloaded after import = 0
========================================================================
Received Import Request.
  Time since last request: 0.100842 seconds.
  path: Assets/Scripts/PlayerMovement.cs
  artifactKey: Guid(4a38a1d6f3436394481e429c7092361b) Importer(815301076,1909f56bfc062723c751e8b465ee728b)
Start importing Assets/Scripts/PlayerMovement.cs using Guid(4a38a1d6f3436394481e429c7092361b) Importer(815301076,1909f56bfc062723c751e8b465ee728b) [PhysX] Initialized MultithreadedTaskDispatcher with 8 workers.
 -> (artifact id: '00000000000000000000000000000000') in 0.000902 seconds
Import Error Code:(4)
Message: Build asset version error: assets/scripts/playermovement.cs in SourceAssetDB has modification time of '2025-05-17T11:11:26.2749379Z' while content on disk has modification time of '2025-05-17T11:18:29.0867197Z'
  ERROR: Build asset version error: assets/scripts/playermovement.cs in SourceAssetDB has modification time of '2025-05-17T11:11:26.2749379Z' while content on disk has modification time of '2025-05-17T11:18:29.0867197Z'
Number of updated asset objects reloaded before import = 0
Number of asset objects unloaded after import = 0
========================================================================
Received Import Request.
  Time since last request: 0.101488 seconds.
  path: Assets/Scripts/PlayerMovement.cs
  artifactKey: Guid(4a38a1d6f3436394481e429c7092361b) Importer(815301076,1909f56bfc062723c751e8b465ee728b)
Start importing Assets/Scripts/PlayerMovement.cs using Guid(4a38a1d6f3436394481e429c7092361b) Importer(815301076,1909f56bfc062723c751e8b465ee728b) [PhysX] Initialized MultithreadedTaskDispatcher with 8 workers.
 -> (artifact id: '00000000000000000000000000000000') in 0.000890 seconds
Import Error Code:(4)
Message: Build asset version error: assets/scripts/playermovement.cs in SourceAssetDB has modification time of '2025-05-17T11:11:26.2749379Z' while content on disk has modification time of '2025-05-17T11:18:29.0867197Z'
  ERROR: Build asset version error: assets/scripts/playermovement.cs in SourceAssetDB has modification time of '2025-05-17T11:11:26.2749379Z' while content on disk has modification time of '2025-05-17T11:18:29.0867197Z'
Number of updated asset objects reloaded before import = 0
Number of asset objects unloaded after import = 0
========================================================================
Received Import Request.
  Time since last request: 0.094281 seconds.
  path: Assets/Scripts/PlayerMovement.cs
  artifactKey: Guid(4a38a1d6f3436394481e429c7092361b) Importer(815301076,1909f56bfc062723c751e8b465ee728b)
Start importing Assets/Scripts/PlayerMovement.cs using Guid(4a38a1d6f3436394481e429c7092361b) Importer(815301076,1909f56bfc062723c751e8b465ee728b) [PhysX] Initialized MultithreadedTaskDispatcher with 8 workers.
 -> (artifact id: '00000000000000000000000000000000') in 0.000935 seconds
Import Error Code:(4)
Message: Build asset version error: assets/scripts/playermovement.cs in SourceAssetDB has modification time of '2025-05-17T11:11:26.2749379Z' while content on disk has modification time of '2025-05-17T11:18:29.0867197Z'
  ERROR: Build asset version error: assets/scripts/playermovement.cs in SourceAssetDB has modification time of '2025-05-17T11:11:26.2749379Z' while content on disk has modification time of '2025-05-17T11:18:29.0867197Z'
Number of updated asset objects reloaded before import = 0
Number of asset objects unloaded after import = 0
========================================================================
Received Import Request.
  Time since last request: 0.097216 seconds.
  path: Assets/Scripts/PlayerMovement.cs
  artifactKey: Guid(4a38a1d6f3436394481e429c7092361b) Importer(815301076,1909f56bfc062723c751e8b465ee728b)
Start importing Assets/Scripts/PlayerMovement.cs using Guid(4a38a1d6f3436394481e429c7092361b) Importer(815301076,1909f56bfc062723c751e8b465ee728b) [PhysX] Initialized MultithreadedTaskDispatcher with 8 workers.
 -> (artifact id: '00000000000000000000000000000000') in 0.001182 seconds
Import Error Code:(4)
Message: Build asset version error: assets/scripts/playermovement.cs in SourceAssetDB has modification time of '2025-05-17T11:11:26.2749379Z' while content on disk has modification time of '2025-05-17T11:18:29.0867197Z'
  ERROR: Build asset version error: assets/scripts/playermovement.cs in SourceAssetDB has modification time of '2025-05-17T11:11:26.2749379Z' while content on disk has modification time of '2025-05-17T11:18:29.0867197Z'
Number of updated asset objects reloaded before import = 0
Number of asset objects unloaded after import = 0
========================================================================
Received Import Request.
  Time since last request: 0.102388 seconds.
  path: Assets/Scripts/PlayerMovement.cs
  artifactKey: Guid(4a38a1d6f3436394481e429c7092361b) Importer(815301076,1909f56bfc062723c751e8b465ee728b)
Start importing Assets/Scripts/PlayerMovement.cs using Guid(4a38a1d6f3436394481e429c7092361b) Importer(815301076,1909f56bfc062723c751e8b465ee728b) [PhysX] Initialized MultithreadedTaskDispatcher with 8 workers.
 -> (artifact id: '00000000000000000000000000000000') in 0.000589 seconds
Import Error Code:(4)
Message: Build asset version error: assets/scripts/playermovement.cs in SourceAssetDB has modification time of '2025-05-17T11:11:26.2749379Z' while content on disk has modification time of '2025-05-17T11:18:29.0867197Z'
  ERROR: Build asset version error: assets/scripts/playermovement.cs in SourceAssetDB has modification time of '2025-05-17T11:11:26.2749379Z' while content on disk has modification time of '2025-05-17T11:18:29.0867197Z'
Number of updated asset objects reloaded before import = 0
Number of asset objects unloaded after import = 0
========================================================================
Received Import Request.
  Time since last request: 0.091912 seconds.
  path: Assets/Scripts/PlayerMovement.cs
  artifactKey: Guid(4a38a1d6f3436394481e429c7092361b) Importer(815301076,1909f56bfc062723c751e8b465ee728b)
Start importing Assets/Scripts/PlayerMovement.cs using Guid(4a38a1d6f3436394481e429c7092361b) Importer(815301076,1909f56bfc062723c751e8b465ee728b) [PhysX] Initialized MultithreadedTaskDispatcher with 8 workers.
 -> (artifact id: '00000000000000000000000000000000') in 0.001618 seconds
Import Error Code:(4)
Message: Build asset version error: assets/scripts/playermovement.cs in SourceAssetDB has modification time of '2025-05-17T11:11:26.2749379Z' while content on disk has modification time of '2025-05-17T11:18:29.0867197Z'
  ERROR: Build asset version error: assets/scripts/playermovement.cs in SourceAssetDB has modification time of '2025-05-17T11:11:26.2749379Z' while content on disk has modification time of '2025-05-17T11:18:29.0867197Z'
Number of updated asset objects reloaded before import = 0
Number of asset objects unloaded after import = 0
========================================================================
Received Import Request.
  Time since last request: 0.102204 seconds.
  path: Assets/Scripts/PlayerMovement.cs
  artifactKey: Guid(4a38a1d6f3436394481e429c7092361b) Importer(815301076,1909f56bfc062723c751e8b465ee728b)
Start importing Assets/Scripts/PlayerMovement.cs using Guid(4a38a1d6f3436394481e429c7092361b) Importer(815301076,1909f56bfc062723c751e8b465ee728b) [PhysX] Initialized MultithreadedTaskDispatcher with 8 workers.
 -> (artifact id: '00000000000000000000000000000000') in 0.000572 seconds
Import Error Code:(4)
Message: Build asset version error: assets/scripts/playermovement.cs in SourceAssetDB has modification time of '2025-05-17T11:11:26.2749379Z' while content on disk has modification time of '2025-05-17T11:18:29.0867197Z'
  ERROR: Build asset version error: assets/scripts/playermovement.cs in SourceAssetDB has modification time of '2025-05-17T11:11:26.2749379Z' while content on disk has modification time of '2025-05-17T11:18:29.0867197Z'
Number of updated asset objects reloaded before import = 0
Number of asset objects unloaded after import = 0
========================================================================
Received Import Request.
  Time since last request: 0.094313 seconds.
  path: Assets/Scripts/PlayerMovement.cs
  artifactKey: Guid(4a38a1d6f3436394481e429c7092361b) Importer(815301076,1909f56bfc062723c751e8b465ee728b)
Start importing Assets/Scripts/PlayerMovement.cs using Guid(4a38a1d6f3436394481e429c7092361b) Importer(815301076,1909f56bfc062723c751e8b465ee728b) [PhysX] Initialized MultithreadedTaskDispatcher with 8 workers.
 -> (artifact id: '00000000000000000000000000000000') in 0.001195 seconds
Import Error Code:(4)
Message: Build asset version error: assets/scripts/playermovement.cs in SourceAssetDB has modification time of '2025-05-17T11:11:26.2749379Z' while content on disk has modification time of '2025-05-17T11:18:29.0867197Z'
  ERROR: Build asset version error: assets/scripts/playermovement.cs in SourceAssetDB has modification time of '2025-05-17T11:11:26.2749379Z' while content on disk has modification time of '2025-05-17T11:18:29.0867197Z'
Number of updated asset objects reloaded before import = 0
Number of asset objects unloaded after import = 0
========================================================================
Received Import Request.
  Time since last request: 0.102450 seconds.
  path: Assets/Scripts/PlayerMovement.cs
  artifactKey: Guid(4a38a1d6f3436394481e429c7092361b) Importer(815301076,1909f56bfc062723c751e8b465ee728b)
Start importing Assets/Scripts/PlayerMovement.cs using Guid(4a38a1d6f3436394481e429c7092361b) Importer(815301076,1909f56bfc062723c751e8b465ee728b) [PhysX] Initialized MultithreadedTaskDispatcher with 8 workers.
 -> (artifact id: '00000000000000000000000000000000') in 0.000557 seconds
Import Error Code:(4)
Message: Build asset version error: assets/scripts/playermovement.cs in SourceAssetDB has modification time of '2025-05-17T11:11:26.2749379Z' while content on disk has modification time of '2025-05-17T11:18:29.0867197Z'
  ERROR: Build asset version error: assets/scripts/playermovement.cs in SourceAssetDB has modification time of '2025-05-17T11:11:26.2749379Z' while content on disk has modification time of '2025-05-17T11:18:29.0867197Z'
Number of updated asset objects reloaded before import = 0
Number of asset objects unloaded after import = 0
========================================================================
Received Import Request.
  Time since last request: 0.102527 seconds.
  path: Assets/Scripts/PlayerMovement.cs
  artifactKey: Guid(4a38a1d6f3436394481e429c7092361b) Importer(815301076,1909f56bfc062723c751e8b465ee728b)
Start importing Assets/Scripts/PlayerMovement.cs using Guid(4a38a1d6f3436394481e429c7092361b) Importer(815301076,1909f56bfc062723c751e8b465ee728b) [PhysX] Initialized MultithreadedTaskDispatcher with 8 workers.
 -> (artifact id: '00000000000000000000000000000000') in 0.049744 seconds
Import Error Code:(4)
Message: Build asset version error: assets/scripts/playermovement.cs in SourceAssetDB has modification time of '2025-05-17T11:11:26.2749379Z' while content on disk has modification time of '2025-05-17T11:18:29.0867197Z'
  ERROR: Build asset version error: assets/scripts/playermovement.cs in SourceAssetDB has modification time of '2025-05-17T11:11:26.2749379Z' while content on disk has modification time of '2025-05-17T11:18:29.0867197Z'
Number of updated asset objects reloaded before import = 0
Number of asset objects unloaded after import = 0
========================================================================
Received Import Request.
  Time since last request: 0.010814 seconds.
  path: Assets/Scripts/PlayerMovement.cs
  artifactKey: Guid(4a38a1d6f3436394481e429c7092361b) Importer(815301076,1909f56bfc062723c751e8b465ee728b)
Start importing Assets/Scripts/PlayerMovement.cs using Guid(4a38a1d6f3436394481e429c7092361b) Importer(815301076,1909f56bfc062723c751e8b465ee728b) [PhysX] Initialized MultithreadedTaskDispatcher with 8 workers.
 -> (artifact id: '00000000000000000000000000000000') in 0.000586 seconds
Import Error Code:(4)
Message: Build asset version error: assets/scripts/playermovement.cs in SourceAssetDB has modification time of '2025-05-17T11:11:26.2749379Z' while content on disk has modification time of '2025-05-17T11:18:29.0867197Z'
  ERROR: Build asset version error: assets/scripts/playermovement.cs in SourceAssetDB has modification time of '2025-05-17T11:11:26.2749379Z' while content on disk has modification time of '2025-05-17T11:18:29.0867197Z'
Number of updated asset objects reloaded before import = 0
Number of asset objects unloaded after import = 0
========================================================================
Received Import Request.
  Time since last request: 0.077296 seconds.
  path: Assets/Scripts/PlayerMovement.cs
  artifactKey: Guid(4a38a1d6f3436394481e429c7092361b) Importer(815301076,1909f56bfc062723c751e8b465ee728b)
Start importing Assets/Scripts/PlayerMovement.cs using Guid(4a38a1d6f3436394481e429c7092361b) Importer(815301076,1909f56bfc062723c751e8b465ee728b) [PhysX] Initialized MultithreadedTaskDispatcher with 8 workers.
 -> (artifact id: '00000000000000000000000000000000') in 0.000514 seconds
Import Error Code:(4)
Message: Build asset version error: assets/scripts/playermovement.cs in SourceAssetDB has modification time of '2025-05-17T11:11:26.2749379Z' while content on disk has modification time of '2025-05-17T11:18:29.0867197Z'
  ERROR: Build asset version error: assets/scripts/playermovement.cs in SourceAssetDB has modification time of '2025-05-17T11:11:26.2749379Z' while content on disk has modification time of '2025-05-17T11:18:29.0867197Z'
Number of updated asset objects reloaded before import = 0
Number of asset objects unloaded after import = 0
========================================================================
Received Import Request.
  Time since last request: 0.099801 seconds.
  path: Assets/Scripts/PlayerMovement.cs
  artifactKey: Guid(4a38a1d6f3436394481e429c7092361b) Importer(815301076,1909f56bfc062723c751e8b465ee728b)
Start importing Assets/Scripts/PlayerMovement.cs using Guid(4a38a1d6f3436394481e429c7092361b) Importer(815301076,1909f56bfc062723c751e8b465ee728b) [PhysX] Initialized MultithreadedTaskDispatcher with 8 workers.
 -> (artifact id: '00000000000000000000000000000000') in 0.001052 seconds
Import Error Code:(4)
Message: Build asset version error: assets/scripts/playermovement.cs in SourceAssetDB has modification time of '2025-05-17T11:11:26.2749379Z' while content on disk has modification time of '2025-05-17T11:18:29.0867197Z'
  ERROR: Build asset version error: assets/scripts/playermovement.cs in SourceAssetDB has modification time of '2025-05-17T11:11:26.2749379Z' while content on disk has modification time of '2025-05-17T11:18:29.0867197Z'
Number of updated asset objects reloaded before import = 0
Number of asset objects unloaded after import = 0
========================================================================
Received Import Request.
  Time since last request: 0.102388 seconds.
  path: Assets/Scripts/PlayerMovement.cs
  artifactKey: Guid(4a38a1d6f3436394481e429c7092361b) Importer(815301076,1909f56bfc062723c751e8b465ee728b)
Start importing Assets/Scripts/PlayerMovement.cs using Guid(4a38a1d6f3436394481e429c7092361b) Importer(815301076,1909f56bfc062723c751e8b465ee728b) [PhysX] Initialized MultithreadedTaskDispatcher with 8 workers.
 -> (artifact id: '00000000000000000000000000000000') in 0.000619 seconds
Import Error Code:(4)
Message: Build asset version error: assets/scripts/playermovement.cs in SourceAssetDB has modification time of '2025-05-17T11:11:26.2749379Z' while content on disk has modification time of '2025-05-17T11:18:29.0867197Z'
  ERROR: Build asset version error: assets/scripts/playermovement.cs in SourceAssetDB has modification time of '2025-05-17T11:11:26.2749379Z' while content on disk has modification time of '2025-05-17T11:18:29.0867197Z'
Number of updated asset objects reloaded before import = 0
Number of asset objects unloaded after import = 0
========================================================================
Received Import Request.
  Time since last request: 0.095674 seconds.
  path: Assets/Scripts/PlayerMovement.cs
  artifactKey: Guid(4a38a1d6f3436394481e429c7092361b) Importer(815301076,1909f56bfc062723c751e8b465ee728b)
Start importing Assets/Scripts/PlayerMovement.cs using Guid(4a38a1d6f3436394481e429c7092361b) Importer(815301076,1909f56bfc062723c751e8b465ee728b) [PhysX] Initialized MultithreadedTaskDispatcher with 8 workers.
 -> (artifact id: '00000000000000000000000000000000') in 0.000581 seconds
Import Error Code:(4)
Message: Build asset version error: assets/scripts/playermovement.cs in SourceAssetDB has modification time of '2025-05-17T11:11:26.2749379Z' while content on disk has modification time of '2025-05-17T11:18:29.0867197Z'
  ERROR: Build asset version error: assets/scripts/playermovement.cs in SourceAssetDB has modification time of '2025-05-17T11:11:26.2749379Z' while content on disk has modification time of '2025-05-17T11:18:29.0867197Z'
Number of updated asset objects reloaded before import = 0
Number of asset objects unloaded after import = 0
========================================================================
Received Import Request.
  Time since last request: 0.109239 seconds.
  path: Assets/Scripts/PlayerMovement.cs
  artifactKey: Guid(4a38a1d6f3436394481e429c7092361b) Importer(815301076,1909f56bfc062723c751e8b465ee728b)
Start importing Assets/Scripts/PlayerMovement.cs using Guid(4a38a1d6f3436394481e429c7092361b) Importer(815301076,1909f56bfc062723c751e8b465ee728b) [PhysX] Initialized MultithreadedTaskDispatcher with 8 workers.
 -> (artifact id: '00000000000000000000000000000000') in 0.000784 seconds
Import Error Code:(4)
Message: Build asset version error: assets/scripts/playermovement.cs in SourceAssetDB has modification time of '2025-05-17T11:11:26.2749379Z' while content on disk has modification time of '2025-05-17T11:18:29.0867197Z'
  ERROR: Build asset version error: assets/scripts/playermovement.cs in SourceAssetDB has modification time of '2025-05-17T11:11:26.2749379Z' while content on disk has modification time of '2025-05-17T11:18:29.0867197Z'
Number of updated asset objects reloaded before import = 0
Number of asset objects unloaded after import = 0
========================================================================
Received Import Request.
  Time since last request: 0.092482 seconds.
  path: Assets/Scripts/PlayerMovement.cs
  artifactKey: Guid(4a38a1d6f3436394481e429c7092361b) Importer(815301076,1909f56bfc062723c751e8b465ee728b)
Start importing Assets/Scripts/PlayerMovement.cs using Guid(4a38a1d6f3436394481e429c7092361b) Importer(815301076,1909f56bfc062723c751e8b465ee728b) [PhysX] Initialized MultithreadedTaskDispatcher with 8 workers.
 -> (artifact id: '00000000000000000000000000000000') in 0.000582 seconds
Import Error Code:(4)
Message: Build asset version error: assets/scripts/playermovement.cs in SourceAssetDB has modification time of '2025-05-17T11:11:26.2749379Z' while content on disk has modification time of '2025-05-17T11:18:29.0867197Z'
  ERROR: Build asset version error: assets/scripts/playermovement.cs in SourceAssetDB has modification time of '2025-05-17T11:11:26.2749379Z' while content on disk has modification time of '2025-05-17T11:18:29.0867197Z'
Number of updated asset objects reloaded before import = 0
Number of asset objects unloaded after import = 0
========================================================================
Received Import Request.
  Time since last request: 0.093862 seconds.
  path: Assets/Scripts/PlayerMovement.cs
  artifactKey: Guid(4a38a1d6f3436394481e429c7092361b) Importer(815301076,1909f56bfc062723c751e8b465ee728b)
Start importing Assets/Scripts/PlayerMovement.cs using Guid(4a38a1d6f3436394481e429c7092361b) Importer(815301076,1909f56bfc062723c751e8b465ee728b) [PhysX] Initialized MultithreadedTaskDispatcher with 8 workers.
 -> (artifact id: '00000000000000000000000000000000') in 0.000583 seconds
Import Error Code:(4)
Message: Build asset version error: assets/scripts/playermovement.cs in SourceAssetDB has modification time of '2025-05-17T11:11:26.2749379Z' while content on disk has modification time of '2025-05-17T11:18:29.0867197Z'
  ERROR: Build asset version error: assets/scripts/playermovement.cs in SourceAssetDB has modification time of '2025-05-17T11:11:26.2749379Z' while content on disk has modification time of '2025-05-17T11:18:29.0867197Z'
Number of updated asset objects reloaded before import = 0
Number of asset objects unloaded after import = 0
========================================================================
Received Import Request.
  Time since last request: 0.106886 seconds.
  path: Assets/Scripts/PlayerMovement.cs
  artifactKey: Guid(4a38a1d6f3436394481e429c7092361b) Importer(815301076,1909f56bfc062723c751e8b465ee728b)
Start importing Assets/Scripts/PlayerMovement.cs using Guid(4a38a1d6f3436394481e429c7092361b) Importer(815301076,1909f56bfc062723c751e8b465ee728b) [PhysX] Initialized MultithreadedTaskDispatcher with 8 workers.
 -> (artifact id: '00000000000000000000000000000000') in 0.000581 seconds
Import Error Code:(4)
Message: Build asset version error: assets/scripts/playermovement.cs in SourceAssetDB has modification time of '2025-05-17T11:11:26.2749379Z' while content on disk has modification time of '2025-05-17T11:18:29.0867197Z'
  ERROR: Build asset version error: assets/scripts/playermovement.cs in SourceAssetDB has modification time of '2025-05-17T11:11:26.2749379Z' while content on disk has modification time of '2025-05-17T11:18:29.0867197Z'
Number of updated asset objects reloaded before import = 0
Number of asset objects unloaded after import = 0
========================================================================
Received Import Request.
  Time since last request: 0.091932 seconds.
  path: Assets/Scripts/PlayerMovement.cs
  artifactKey: Guid(4a38a1d6f3436394481e429c7092361b) Importer(815301076,1909f56bfc062723c751e8b465ee728b)
Start importing Assets/Scripts/PlayerMovement.cs using Guid(4a38a1d6f3436394481e429c7092361b) Importer(815301076,1909f56bfc062723c751e8b465ee728b) [PhysX] Initialized MultithreadedTaskDispatcher with 8 workers.
 -> (artifact id: '00000000000000000000000000000000') in 0.000709 seconds
Import Error Code:(4)
Message: Build asset version error: assets/scripts/playermovement.cs in SourceAssetDB has modification time of '2025-05-17T11:11:26.2749379Z' while content on disk has modification time of '2025-05-17T11:18:29.0867197Z'
  ERROR: Build asset version error: assets/scripts/playermovement.cs in SourceAssetDB has modification time of '2025-05-17T11:11:26.2749379Z' while content on disk has modification time of '2025-05-17T11:18:29.0867197Z'
Number of updated asset objects reloaded before import = 0
Number of asset objects unloaded after import = 0
========================================================================
Received Import Request.
  Time since last request: 0.096228 seconds.
  path: Assets/Scripts/PlayerMovement.cs
  artifactKey: Guid(4a38a1d6f3436394481e429c7092361b) Importer(815301076,1909f56bfc062723c751e8b465ee728b)
Start importing Assets/Scripts/PlayerMovement.cs using Guid(4a38a1d6f3436394481e429c7092361b) Importer(815301076,1909f56bfc062723c751e8b465ee728b) [PhysX] Initialized MultithreadedTaskDispatcher with 8 workers.
 -> (artifact id: '00000000000000000000000000000000') in 0.000586 seconds
Import Error Code:(4)
Message: Build asset version error: assets/scripts/playermovement.cs in SourceAssetDB has modification time of '2025-05-17T11:11:26.2749379Z' while content on disk has modification time of '2025-05-17T11:18:29.0867197Z'
  ERROR: Build asset version error: assets/scripts/playermovement.cs in SourceAssetDB has modification time of '2025-05-17T11:11:26.2749379Z' while content on disk has modification time of '2025-05-17T11:18:29.0867197Z'
Number of updated asset objects reloaded before import = 0
Number of asset objects unloaded after import = 0
========================================================================
Received Import Request.
  Time since last request: 0.098626 seconds.
  path: Assets/Scripts/PlayerMovement.cs
  artifactKey: Guid(4a38a1d6f3436394481e429c7092361b) Importer(815301076,1909f56bfc062723c751e8b465ee728b)
Start importing Assets/Scripts/PlayerMovement.cs using Guid(4a38a1d6f3436394481e429c7092361b) Importer(815301076,1909f56bfc062723c751e8b465ee728b) [PhysX] Initialized MultithreadedTaskDispatcher with 8 workers.
 -> (artifact id: '00000000000000000000000000000000') in 0.000628 seconds
Import Error Code:(4)
Message: Build asset version error: assets/scripts/playermovement.cs in SourceAssetDB has modification time of '2025-05-17T11:11:26.2749379Z' while content on disk has modification time of '2025-05-17T11:18:29.0867197Z'
  ERROR: Build asset version error: assets/scripts/playermovement.cs in SourceAssetDB has modification time of '2025-05-17T11:11:26.2749379Z' while content on disk has modification time of '2025-05-17T11:18:29.0867197Z'
Number of updated asset objects reloaded before import = 0
Number of asset objects unloaded after import = 0
========================================================================
Received Import Request.
  Time since last request: 15.491491 seconds.
  path: Assets/Scripts/PlayerMovement.cs
  artifactKey: Guid(4a38a1d6f3436394481e429c7092361b) Importer(815301076,1909f56bfc062723c751e8b465ee728b)
Start importing Assets/Scripts/PlayerMovement.cs using Guid(4a38a1d6f3436394481e429c7092361b) Importer(815301076,1909f56bfc062723c751e8b465ee728b) [PhysX] Initialized MultithreadedTaskDispatcher with 8 workers.
 -> (artifact id: 'f9a9a3e5f158a69139be311e903bc08a') in 0.001519 seconds
Number of updated asset objects reloaded before import = 0
Number of asset objects unloaded after import = 0
========================================================================
Received Prepare
Caller must complete domain reload
Begin MonoManager ReloadAssembly
- Loaded All Assemblies, in  2.814 seconds
Native extension for WindowsStandalone target not found
Native extension for WebGL target not found
[Package Manager] Server::EnsureServerProcessIsRunning -- launch failed, reason: Unity was launched with the -noUpm command-line argument
[Package Manager] UpmClient::Send -- Unable to send message (not connected to UPM process).
[Package Manager] Cannot connect to Unity Package Manager local server
Mono: successfully reloaded assembly
- Finished resetting the current domain, in 142.567 seconds
Domain Reload Profiling: 145374ms
	BeginReloadAssembly (468ms)
		ExecutionOrderSort (0ms)
		DisableScriptedObjects (35ms)
		BackupInstance (0ms)
		ReleaseScriptingObjects (0ms)
		CreateAndSetChildDomain (125ms)
	RebuildCommonClasses (89ms)
	RebuildNativeTypeToScriptingClass (24ms)
	initialDomainReloadingComplete (83ms)
	LoadAllAssembliesAndSetupDomain (2142ms)
		LoadAssemblies (2280ms)
		RebuildTransferFunctionScriptingTraits (0ms)
		AnalyzeDomain (104ms)
			TypeCache.Refresh (55ms)
				TypeCache.ScanAssembly (1ms)
			ScanForSourceGeneratedMonoScriptInfo (29ms)
			ResolveRequiredComponents (17ms)
	FinalizeReload (142567ms)
		ReleaseScriptCaches (0ms)
		RebuildScriptCaches (0ms)
		SetupLoadedEditorAssemblies (975ms)
			LogAssemblyErrors (0ms)
			InitializePlatformSupportModulesInManaged (26ms)
			SetLoadedEditorAssemblies (13ms)
			RefreshPlugins (0ms)
			BeforeProcessingInitializeOnLoad (139ms)
			ProcessInitializeOnLoadAttributes (731ms)
			ProcessInitializeOnLoadMethodAttributes (52ms)
			AfterProcessingInitializeOnLoad (14ms)
			EditorAssembliesLoaded (0ms)
		ExecutionOrderSort2 (0ms)
		AwakeInstancesAfterBackupRestoration (20ms)
Script is not up to date after domain reload: guid(4a38a1d6f3436394481e429c7092361b) path("Assets/Scripts/PlayerMovement.cs") state(2)
Refreshing native plugins compatible for Editor in 8.87 ms, found 4 plugins.
Preloading 0 native plugins for Editor in 0.00 ms.
Unloading 4040 Unused Serialized files (Serialized files now loaded: 0)
Unloading 19 unused Assets / (31.1 KB). Loaded Objects now: 4544.
Memory consumption went from 139.6 MB to 139.6 MB.
Total: 10.483200 ms (FindLiveObjects: 0.639400 ms CreateObjectMapping: 0.380500 ms MarkObjects: 8.994000 ms  DeleteObjects: 0.073200 ms)

Prepare: number of updated asset objects reloaded= 0
AssetImportParameters requested are different than current active one (requested -> active):
  custom:container-demuxer-ogg: 62fdf1f143b41e24485cea50d1cbac27 -> 
  custom:video-decoder-ogg-theora: a1e56fd34408186e4bbccfd4996cb3dc -> 
  custom:framework-win-MediaFoundation: 216162199b28c13a410421893ffa2e32 -> 
  custom:CustomObjectIndexerAttribute: 9a22284fe3817be447336de3de66b15e -> 
  custom:container-demuxer-webm: 4f35f7cbe854078d1ac9338744f61a02 -> 
  custom:container-muxer-webm: aa71ff27fc2769a1b78a27578f13a17b -> 
  custom:video-decoder-webm-vp8: 9c59270c3fd7afecdb556c50c9e8de78 -> 
  custom:SearchIndexIgnoredProperties: e643bd26f0fe6173181afceb89e7c659 -> 
  custom:AudioImporter_EditorPlatform: d09bf68614088b80899f8185d706f6e7 -> 
  custom:video-encoder-webm-vp8: eb34c28f22e8b96e1ab97ce403110664 -> 
  custom:audio-decoder-ogg-vorbis: bf7c407c2cedff20999df2af8eb42d56 -> 
  custom:scripting/monoscript/fileName/PlayerMovement.cs: 42480eed24e61f9d7e7e895933644f96 -> 
  custom:audio-encoder-webm-vorbis: bf7c407c2cedff20999df2af8eb42d56 -> 
  custom:scripting/precompiled-assembly-types:Assembly-CSharp: e57a6e90a96be8103e006b140f0b12cf -> 4edbfa28dada9dd5cb015efb4b6edca3
========================================================================
Received Prepare
Caller must complete domain reload
Begin MonoManager ReloadAssembly
- Loaded All Assemblies, in  1.666 seconds
Native extension for WindowsStandalone target not found
Native extension for WebGL target not found
[Package Manager] Server::EnsureServerProcessIsRunning -- launch failed, reason: Unity was launched with the -noUpm command-line argument
[Package Manager] UpmClient::Send -- Unable to send message (not connected to UPM process).
[Package Manager] Cannot connect to Unity Package Manager local server
Mono: successfully reloaded assembly
- Finished resetting the current domain, in 95.250 seconds
Domain Reload Profiling: 96911ms
	BeginReloadAssembly (231ms)
		ExecutionOrderSort (0ms)
		DisableScriptedObjects (17ms)
		BackupInstance (0ms)
		ReleaseScriptingObjects (0ms)
		CreateAndSetChildDomain (44ms)
	RebuildCommonClasses (42ms)
	RebuildNativeTypeToScriptingClass (20ms)
	initialDomainReloadingComplete (51ms)
	LoadAllAssembliesAndSetupDomain (1317ms)
		LoadAssemblies (1401ms)
		RebuildTransferFunctionScriptingTraits (0ms)
		AnalyzeDomain (49ms)
			TypeCache.Refresh (16ms)
				TypeCache.ScanAssembly (0ms)
			ScanForSourceGeneratedMonoScriptInfo (21ms)
			ResolveRequiredComponents (12ms)
	FinalizeReload (95251ms)
		ReleaseScriptCaches (0ms)
		RebuildScriptCaches (0ms)
		SetupLoadedEditorAssemblies (830ms)
			LogAssemblyErrors (0ms)
			InitializePlatformSupportModulesInManaged (14ms)
			SetLoadedEditorAssemblies (6ms)
			RefreshPlugins (0ms)
			BeforeProcessingInitializeOnLoad (131ms)
			ProcessInitializeOnLoadAttributes (613ms)
			ProcessInitializeOnLoadMethodAttributes (46ms)
			AfterProcessingInitializeOnLoad (19ms)
			EditorAssembliesLoaded (0ms)
		ExecutionOrderSort2 (0ms)
		AwakeInstancesAfterBackupRestoration (26ms)
Script is not up to date after domain reload: guid(4a38a1d6f3436394481e429c7092361b) path("Assets/Scripts/PlayerMovement.cs") state(2)
Refreshing native plugins compatible for Editor in 620.09 ms, found 4 plugins.
Preloading 0 native plugins for Editor in 0.00 ms.
Unloading 4041 Unused Serialized files (Serialized files now loaded: 0)
Unloading 19 unused Assets / (31.2 KB). Loaded Objects now: 4548.
Memory consumption went from 139.8 MB to 139.8 MB.
Total: 11.883000 ms (FindLiveObjects: 0.581500 ms CreateObjectMapping: 0.486900 ms MarkObjects: 10.657500 ms  DeleteObjects: 0.154600 ms)

Prepare: number of updated asset objects reloaded= 0
AssetImportParameters requested are different than current active one (requested -> active):
  custom:container-demuxer-ogg: 62fdf1f143b41e24485cea50d1cbac27 -> 
  custom:video-decoder-ogg-theora: a1e56fd34408186e4bbccfd4996cb3dc -> 
  custom:framework-win-MediaFoundation: 216162199b28c13a410421893ffa2e32 -> 
  custom:CustomObjectIndexerAttribute: 9a22284fe3817be447336de3de66b15e -> 
  custom:scripting/monoscript/fileName/Movement2.cs: 97a11c597db1a72538c7daba3cadde73 -> a5ed9ff5756bcccf1ed24fddb7e8a350
  custom:container-demuxer-webm: 4f35f7cbe854078d1ac9338744f61a02 -> 
  custom:container-muxer-webm: aa71ff27fc2769a1b78a27578f13a17b -> 
  custom:video-decoder-webm-vp8: 9c59270c3fd7afecdb556c50c9e8de78 -> 
  custom:SearchIndexIgnoredProperties: e643bd26f0fe6173181afceb89e7c659 -> 
  custom:AudioImporter_EditorPlatform: d09bf68614088b80899f8185d706f6e7 -> 
  custom:video-encoder-webm-vp8: eb34c28f22e8b96e1ab97ce403110664 -> 
  custom:audio-decoder-ogg-vorbis: bf7c407c2cedff20999df2af8eb42d56 -> 
  custom:scripting/monoscript/fileName/Movement.cs: f4b8b2d2a1de9c50c30687c0a002a10c -> 1bc12bc9370e727baa54e145392501fb
  custom:scripting/monoscript/fileName/PlayerMovement.cs: 42480eed24e61f9d7e7e895933644f96 -> 
  custom:audio-encoder-webm-vorbis: bf7c407c2cedff20999df2af8eb42d56 -> 
  custom:scripting/precompiled-assembly-types:Assembly-CSharp: fe283ed56c9c63cdf66b08f3f5fa271c -> 4edbfa28dada9dd5cb015efb4b6edca3
========================================================================
Received Prepare
Caller must complete domain reload
Begin MonoManager ReloadAssembly
- Loaded All Assemblies, in 10.538 seconds
Native extension for WindowsStandalone target not found
Native extension for WebGL target not found
[Package Manager] Server::EnsureServerProcessIsRunning -- launch failed, reason: Unity was launched with the -noUpm command-line argument
[Package Manager] UpmClient::Send -- Unable to send message (not connected to UPM process).
[Package Manager] Cannot connect to Unity Package Manager local server
Mono: successfully reloaded assembly
- Finished resetting the current domain, in 110.321 seconds
Domain Reload Profiling: 120852ms
	BeginReloadAssembly (369ms)
		ExecutionOrderSort (0ms)
		DisableScriptedObjects (23ms)
		BackupInstance (0ms)
		ReleaseScriptingObjects (0ms)
		CreateAndSetChildDomain (64ms)
	RebuildCommonClasses (55ms)
	RebuildNativeTypeToScriptingClass (20ms)
	initialDomainReloadingComplete (55ms)
	LoadAllAssembliesAndSetupDomain (10031ms)
		LoadAssemblies (10189ms)
		RebuildTransferFunctionScriptingTraits (0ms)
		AnalyzeDomain (78ms)
			TypeCache.Refresh (27ms)
				TypeCache.ScanAssembly (1ms)
			ScanForSourceGeneratedMonoScriptInfo (29ms)
			ResolveRequiredComponents (19ms)
	FinalizeReload (110321ms)
		ReleaseScriptCaches (0ms)
		RebuildScriptCaches (0ms)
		SetupLoadedEditorAssemblies (780ms)
			LogAssemblyErrors (0ms)
			InitializePlatformSupportModulesInManaged (11ms)
			SetLoadedEditorAssemblies (9ms)
			RefreshPlugins (0ms)
			BeforeProcessingInitializeOnLoad (106ms)
			ProcessInitializeOnLoadAttributes (585ms)
			ProcessInitializeOnLoadMethodAttributes (49ms)
			AfterProcessingInitializeOnLoad (19ms)
			EditorAssembliesLoaded (1ms)
		ExecutionOrderSort2 (0ms)
		AwakeInstancesAfterBackupRestoration (30ms)
Script is not up to date after domain reload: guid(4a38a1d6f3436394481e429c7092361b) path("Assets/Scripts/PlayerMovement.cs") state(2)
Refreshing native plugins compatible for Editor in 9.11 ms, found 4 plugins.
Preloading 0 native plugins for Editor in 0.00 ms.
Unloading 4041 Unused Serialized files (Serialized files now loaded: 0)
Unloading 19 unused Assets / (31.2 KB). Loaded Objects now: 4552.
Memory consumption went from 139.9 MB to 139.8 MB.
Total: 5.240400 ms (FindLiveObjects: 0.584100 ms CreateObjectMapping: 0.342200 ms MarkObjects: 4.141100 ms  DeleteObjects: 0.171400 ms)

Prepare: number of updated asset objects reloaded= 0
AssetImportParameters requested are different than current active one (requested -> active):
  custom:container-demuxer-ogg: 62fdf1f143b41e24485cea50d1cbac27 -> 
  custom:video-decoder-ogg-theora: a1e56fd34408186e4bbccfd4996cb3dc -> 
  custom:framework-win-MediaFoundation: 216162199b28c13a410421893ffa2e32 -> 
  custom:CustomObjectIndexerAttribute: 9a22284fe3817be447336de3de66b15e -> 
  custom:scripting/monoscript/fileName/Movement2.cs: 97a11c597db1a72538c7daba3cadde73 -> a5ed9ff5756bcccf1ed24fddb7e8a350
  custom:container-demuxer-webm: 4f35f7cbe854078d1ac9338744f61a02 -> 
  custom:container-muxer-webm: aa71ff27fc2769a1b78a27578f13a17b -> 
  custom:video-decoder-webm-vp8: 9c59270c3fd7afecdb556c50c9e8de78 -> 
  custom:SearchIndexIgnoredProperties: e643bd26f0fe6173181afceb89e7c659 -> 
  custom:AudioImporter_EditorPlatform: d09bf68614088b80899f8185d706f6e7 -> 
  custom:video-encoder-webm-vp8: eb34c28f22e8b96e1ab97ce403110664 -> 
  custom:audio-decoder-ogg-vorbis: bf7c407c2cedff20999df2af8eb42d56 -> 
  custom:scripting/monoscript/fileName/Movement.cs: f4b8b2d2a1de9c50c30687c0a002a10c -> 1bc12bc9370e727baa54e145392501fb
  custom:scripting/monoscript/fileName/PlayerMovement.cs: 42480eed24e61f9d7e7e895933644f96 -> 
  custom:audio-encoder-webm-vorbis: bf7c407c2cedff20999df2af8eb42d56 -> 
  custom:scripting/precompiled-assembly-types:Assembly-CSharp: fe283ed56c9c63cdf66b08f3f5fa271c -> 4edbfa28dada9dd5cb015efb4b6edca3
========================================================================
Received Prepare
Caller must complete domain reload
Begin MonoManager ReloadAssembly
- Loaded All Assemblies, in  2.340 seconds
Native extension for WindowsStandalone target not found
Native extension for WebGL target not found
[Package Manager] Server::EnsureServerProcessIsRunning -- launch failed, reason: Unity was launched with the -noUpm command-line argument
[Package Manager] UpmClient::Send -- Unable to send message (not connected to UPM process).
[Package Manager] Cannot connect to Unity Package Manager local server
Mono: successfully reloaded assembly
- Finished resetting the current domain, in 114.032 seconds
Domain Reload Profiling: 116365ms
	BeginReloadAssembly (268ms)
		ExecutionOrderSort (0ms)
		DisableScriptedObjects (16ms)
		BackupInstance (0ms)
		ReleaseScriptingObjects (0ms)
		CreateAndSetChildDomain (55ms)
	RebuildCommonClasses (63ms)
	RebuildNativeTypeToScriptingClass (20ms)
	initialDomainReloadingComplete (60ms)
	LoadAllAssembliesAndSetupDomain (1921ms)
		LoadAssemblies (2043ms)
		RebuildTransferFunctionScriptingTraits (0ms)
		AnalyzeDomain (40ms)
			TypeCache.Refresh (13ms)
				TypeCache.ScanAssembly (0ms)
			ScanForSourceGeneratedMonoScriptInfo (14ms)
			ResolveRequiredComponents (11ms)
	FinalizeReload (114033ms)
		ReleaseScriptCaches (0ms)
		RebuildScriptCaches (0ms)
		SetupLoadedEditorAssemblies (1648ms)
			LogAssemblyErrors (0ms)
			InitializePlatformSupportModulesInManaged (22ms)
			SetLoadedEditorAssemblies (54ms)
			RefreshPlugins (0ms)
			BeforeProcessingInitializeOnLoad (243ms)
			ProcessInitializeOnLoadAttributes (1249ms)
			ProcessInitializeOnLoadMethodAttributes (58ms)
			AfterProcessingInitializeOnLoad (22ms)
			EditorAssembliesLoaded (0ms)
		ExecutionOrderSort2 (0ms)
		AwakeInstancesAfterBackupRestoration (23ms)
Script is not up to date after domain reload: guid(7fc9f80b4fe1baf4792e56f769eca523) path("Assets/Scripts/CamFollowPlayer.cs") state(2)
Refreshing native plugins compatible for Editor in 8.24 ms, found 4 plugins.
Preloading 0 native plugins for Editor in 0.00 ms.
Unloading 4042 Unused Serialized files (Serialized files now loaded: 0)
Unloading 19 unused Assets / (31.2 KB). Loaded Objects now: 4557.
Memory consumption went from 139.9 MB to 139.8 MB.
Total: 5.391700 ms (FindLiveObjects: 0.351200 ms CreateObjectMapping: 0.363700 ms MarkObjects: 4.602700 ms  DeleteObjects: 0.072300 ms)

Prepare: number of updated asset objects reloaded= 0
AssetImportParameters requested are different than current active one (requested -> active):
  custom:container-demuxer-ogg: 62fdf1f143b41e24485cea50d1cbac27 -> 
  custom:video-decoder-ogg-theora: a1e56fd34408186e4bbccfd4996cb3dc -> 
  custom:framework-win-MediaFoundation: 216162199b28c13a410421893ffa2e32 -> 
  custom:CustomObjectIndexerAttribute: 9a22284fe3817be447336de3de66b15e -> 
  custom:scripting/monoscript/fileName/Movement2.cs: 97a11c597db1a72538c7daba3cadde73 -> a5ed9ff5756bcccf1ed24fddb7e8a350
  custom:container-demuxer-webm: 4f35f7cbe854078d1ac9338744f61a02 -> 
  custom:container-muxer-webm: aa71ff27fc2769a1b78a27578f13a17b -> 
  custom:video-decoder-webm-vp8: 9c59270c3fd7afecdb556c50c9e8de78 -> 
  custom:SearchIndexIgnoredProperties: e643bd26f0fe6173181afceb89e7c659 -> 
  custom:AudioImporter_EditorPlatform: d09bf68614088b80899f8185d706f6e7 -> 
  custom:video-encoder-webm-vp8: eb34c28f22e8b96e1ab97ce403110664 -> 
  custom:audio-decoder-ogg-vorbis: bf7c407c2cedff20999df2af8eb42d56 -> 
  custom:scripting/monoscript/fileName/Movement.cs: f4b8b2d2a1de9c50c30687c0a002a10c -> 1bc12bc9370e727baa54e145392501fb
  custom:scripting/monoscript/fileName/PlayerMovement.cs: 42480eed24e61f9d7e7e895933644f96 -> 
  custom:audio-encoder-webm-vorbis: bf7c407c2cedff20999df2af8eb42d56 -> 
  custom:scripting/precompiled-assembly-types:Assembly-CSharp: fe283ed56c9c63cdf66b08f3f5fa271c -> 4edbfa28dada9dd5cb015efb4b6edca3
========================================================================
Received Prepare
Caller must complete domain reload
Begin MonoManager ReloadAssembly
- Loaded All Assemblies, in  1.577 seconds
Native extension for WindowsStandalone target not found
Native extension for WebGL target not found
[Package Manager] Server::EnsureServerProcessIsRunning -- launch failed, reason: Unity was launched with the -noUpm command-line argument
[Package Manager] UpmClient::Send -- Unable to send message (not connected to UPM process).
[Package Manager] Cannot connect to Unity Package Manager local server
Mono: successfully reloaded assembly
- Finished resetting the current domain, in 100.316 seconds
Domain Reload Profiling: 101888ms
	BeginReloadAssembly (232ms)
		ExecutionOrderSort (0ms)
		DisableScriptedObjects (15ms)
		BackupInstance (0ms)
		ReleaseScriptingObjects (0ms)
		CreateAndSetChildDomain (43ms)
	RebuildCommonClasses (58ms)
	RebuildNativeTypeToScriptingClass (18ms)
	initialDomainReloadingComplete (44ms)
	LoadAllAssembliesAndSetupDomain (1219ms)
		LoadAssemblies (1310ms)
		RebuildTransferFunctionScriptingTraits (0ms)
		AnalyzeDomain (37ms)
			TypeCache.Refresh (14ms)
				TypeCache.ScanAssembly (1ms)
			ScanForSourceGeneratedMonoScriptInfo (13ms)
			ResolveRequiredComponents (9ms)
	FinalizeReload (100316ms)
		ReleaseScriptCaches (0ms)
		RebuildScriptCaches (0ms)
		SetupLoadedEditorAssemblies (905ms)
			LogAssemblyErrors (0ms)
			InitializePlatformSupportModulesInManaged (15ms)
			SetLoadedEditorAssemblies (6ms)
			RefreshPlugins (0ms)
			BeforeProcessingInitializeOnLoad (127ms)
			ProcessInitializeOnLoadAttributes (692ms)
			ProcessInitializeOnLoadMethodAttributes (48ms)
			AfterProcessingInitializeOnLoad (17ms)
			EditorAssembliesLoaded (0ms)
		ExecutionOrderSort2 (0ms)
		AwakeInstancesAfterBackupRestoration (20ms)
Refreshing native plugins compatible for Editor in 673.30 ms, found 4 plugins.
Preloading 0 native plugins for Editor in 0.00 ms.
Unloading 4043 Unused Serialized files (Serialized files now loaded: 0)
Unloading 19 unused Assets / (31.2 KB). Loaded Objects now: 4562.
Memory consumption went from 139.9 MB to 139.9 MB.
Total: 4.616800 ms (FindLiveObjects: 0.402700 ms CreateObjectMapping: 0.405300 ms MarkObjects: 3.739200 ms  DeleteObjects: 0.067700 ms)

Prepare: number of updated asset objects reloaded= 0
AssetImportParameters requested are different than current active one (requested -> active):
  custom:container-demuxer-ogg: 62fdf1f143b41e24485cea50d1cbac27 -> 
  custom:video-decoder-ogg-theora: a1e56fd34408186e4bbccfd4996cb3dc -> 
  custom:framework-win-MediaFoundation: 216162199b28c13a410421893ffa2e32 -> 
  custom:scripting/monoscript/fileName/CamFollowPlayer.cs: a75210f8a36ff0beee62b28bfa67d265 -> 
  custom:scripting/monoscript/fileName/cameraOnPlayer.cs: da110d739828f1dce7d479c39d654a74 -> 6f8e4cadf0db4d62e2e46e38fdd0073b
  custom:CustomObjectIndexerAttribute: 9a22284fe3817be447336de3de66b15e -> 
  custom:scripting/monoscript/fileName/Movement2.cs: 97a11c597db1a72538c7daba3cadde73 -> a5ed9ff5756bcccf1ed24fddb7e8a350
  custom:container-demuxer-webm: 4f35f7cbe854078d1ac9338744f61a02 -> 
  custom:container-muxer-webm: aa71ff27fc2769a1b78a27578f13a17b -> 
  custom:video-decoder-webm-vp8: 9c59270c3fd7afecdb556c50c9e8de78 -> 
  custom:SearchIndexIgnoredProperties: e643bd26f0fe6173181afceb89e7c659 -> 
  custom:AudioImporter_EditorPlatform: d09bf68614088b80899f8185d706f6e7 -> 
  custom:video-encoder-webm-vp8: eb34c28f22e8b96e1ab97ce403110664 -> 
  custom:audio-decoder-ogg-vorbis: bf7c407c2cedff20999df2af8eb42d56 -> 
  custom:scripting/monoscript/fileName/Movement.cs: f4b8b2d2a1de9c50c30687c0a002a10c -> 1bc12bc9370e727baa54e145392501fb
  custom:scripting/monoscript/fileName/cameraOnPlayer2.cs: 366aacca0a8c0e8a5dc421d495a5f78a -> 3157526f9280eeb332e83f1a30d08465
  custom:scripting/monoscript/fileName/PlayerMovement.cs: 42480eed24e61f9d7e7e895933644f96 -> 
  custom:audio-encoder-webm-vorbis: bf7c407c2cedff20999df2af8eb42d56 -> 
  custom:scripting/precompiled-assembly-types:Assembly-CSharp: a7d62ae187c355123c11848abbf818bc -> 4edbfa28dada9dd5cb015efb4b6edca3
========================================================================
Received Prepare
Caller must complete domain reload
Begin MonoManager ReloadAssembly
- Loaded All Assemblies, in 10.032 seconds
Native extension for WindowsStandalone target not found
Native extension for WebGL target not found
[Package Manager] Server::EnsureServerProcessIsRunning -- launch failed, reason: Unity was launched with the -noUpm command-line argument
[Package Manager] UpmClient::Send -- Unable to send message (not connected to UPM process).
[Package Manager] Cannot connect to Unity Package Manager local server
Mono: successfully reloaded assembly
- Finished resetting the current domain, in 97.287 seconds
Domain Reload Profiling: 107311ms
	BeginReloadAssembly (454ms)
		ExecutionOrderSort (0ms)
		DisableScriptedObjects (17ms)
		BackupInstance (0ms)
		ReleaseScriptingObjects (0ms)
		CreateAndSetChildDomain (105ms)
	RebuildCommonClasses (54ms)
	RebuildNativeTypeToScriptingClass (13ms)
	initialDomainReloadingComplete (50ms)
	LoadAllAssembliesAndSetupDomain (9451ms)
		LoadAssemblies (9669ms)
		RebuildTransferFunctionScriptingTraits (0ms)
		AnalyzeDomain (43ms)
			TypeCache.Refresh (15ms)
				TypeCache.ScanAssembly (1ms)
			ScanForSourceGeneratedMonoScriptInfo (16ms)
			ResolveRequiredComponents (10ms)
	FinalizeReload (97287ms)
		ReleaseScriptCaches (0ms)
		RebuildScriptCaches (0ms)
		SetupLoadedEditorAssemblies (897ms)
			LogAssemblyErrors (0ms)
			InitializePlatformSupportModulesInManaged (15ms)
			SetLoadedEditorAssemblies (4ms)
			RefreshPlugins (0ms)
			BeforeProcessingInitializeOnLoad (109ms)
			ProcessInitializeOnLoadAttributes (708ms)
			ProcessInitializeOnLoadMethodAttributes (38ms)
			AfterProcessingInitializeOnLoad (22ms)
			EditorAssembliesLoaded (0ms)
		ExecutionOrderSort2 (0ms)
		AwakeInstancesAfterBackupRestoration (22ms)
Refreshing native plugins compatible for Editor in 6.85 ms, found 4 plugins.
Preloading 0 native plugins for Editor in 0.00 ms.
Unloading 4043 Unused Serialized files (Serialized files now loaded: 0)
Unloading 19 unused Assets / (31.3 KB). Loaded Objects now: 4566.
Memory consumption went from 139.9 MB to 139.9 MB.
Total: 4.691800 ms (FindLiveObjects: 0.348700 ms CreateObjectMapping: 0.282300 ms MarkObjects: 4.001300 ms  DeleteObjects: 0.057900 ms)

Prepare: number of updated asset objects reloaded= 0
AssetImportParameters requested are different than current active one (requested -> active):
  custom:container-demuxer-ogg: 62fdf1f143b41e24485cea50d1cbac27 -> 
  custom:video-decoder-ogg-theora: a1e56fd34408186e4bbccfd4996cb3dc -> 
  custom:framework-win-MediaFoundation: 216162199b28c13a410421893ffa2e32 -> 
  custom:scripting/monoscript/fileName/CamFollowPlayer.cs: a75210f8a36ff0beee62b28bfa67d265 -> 
  custom:scripting/monoscript/fileName/cameraOnPlayer.cs: da110d739828f1dce7d479c39d654a74 -> 6f8e4cadf0db4d62e2e46e38fdd0073b
  custom:CustomObjectIndexerAttribute: 9a22284fe3817be447336de3de66b15e -> 
  custom:scripting/monoscript/fileName/Movement2.cs: 97a11c597db1a72538c7daba3cadde73 -> a5ed9ff5756bcccf1ed24fddb7e8a350
  custom:container-demuxer-webm: 4f35f7cbe854078d1ac9338744f61a02 -> 
  custom:container-muxer-webm: aa71ff27fc2769a1b78a27578f13a17b -> 
  custom:video-decoder-webm-vp8: 9c59270c3fd7afecdb556c50c9e8de78 -> 
  custom:SearchIndexIgnoredProperties: e643bd26f0fe6173181afceb89e7c659 -> 
  custom:AudioImporter_EditorPlatform: d09bf68614088b80899f8185d706f6e7 -> 
  custom:video-encoder-webm-vp8: eb34c28f22e8b96e1ab97ce403110664 -> 
  custom:audio-decoder-ogg-vorbis: bf7c407c2cedff20999df2af8eb42d56 -> 
  custom:scripting/monoscript/fileName/Movement.cs: f4b8b2d2a1de9c50c30687c0a002a10c -> 1bc12bc9370e727baa54e145392501fb
  custom:scripting/monoscript/fileName/cameraOnPlayer2.cs: 366aacca0a8c0e8a5dc421d495a5f78a -> 3157526f9280eeb332e83f1a30d08465
  custom:scripting/monoscript/fileName/PlayerMovement.cs: 42480eed24e61f9d7e7e895933644f96 -> 
  custom:audio-encoder-webm-vorbis: bf7c407c2cedff20999df2af8eb42d56 -> 
  custom:scripting/precompiled-assembly-types:Assembly-CSharp: a7d62ae187c355123c11848abbf818bc -> 4edbfa28dada9dd5cb015efb4b6edca3
========================================================================
Received Prepare
Caller must complete domain reload
Begin MonoManager ReloadAssembly
- Loaded All Assemblies, in  1.820 seconds
Native extension for WindowsStandalone target not found
Native extension for WebGL target not found
[Package Manager] Server::EnsureServerProcessIsRunning -- launch failed, reason: Unity was launched with the -noUpm command-line argument
[Package Manager] UpmClient::Send -- Unable to send message (not connected to UPM process).
[Package Manager] Cannot connect to Unity Package Manager local server
Mono: successfully reloaded assembly
- Finished resetting the current domain, in 104.460 seconds
Domain Reload Profiling: 106276ms
	BeginReloadAssembly (263ms)
		ExecutionOrderSort (0ms)
		DisableScriptedObjects (14ms)
		BackupInstance (0ms)
		ReleaseScriptingObjects (0ms)
		CreateAndSetChildDomain (52ms)
	RebuildCommonClasses (52ms)
	RebuildNativeTypeToScriptingClass (17ms)
	initialDomainReloadingComplete (54ms)
	LoadAllAssembliesAndSetupDomain (1429ms)
		LoadAssemblies (1545ms)
		RebuildTransferFunctionScriptingTraits (0ms)
		AnalyzeDomain (39ms)
			TypeCache.Refresh (12ms)
				TypeCache.ScanAssembly (0ms)
			ScanForSourceGeneratedMonoScriptInfo (14ms)
			ResolveRequiredComponents (11ms)
	FinalizeReload (104461ms)
		ReleaseScriptCaches (0ms)
		RebuildScriptCaches (0ms)
		SetupLoadedEditorAssemblies (887ms)
			LogAssemblyErrors (0ms)
			InitializePlatformSupportModulesInManaged (15ms)
			SetLoadedEditorAssemblies (6ms)
			RefreshPlugins (0ms)
			BeforeProcessingInitializeOnLoad (105ms)
			ProcessInitializeOnLoadAttributes (709ms)
			ProcessInitializeOnLoadMethodAttributes (35ms)
			AfterProcessingInitializeOnLoad (17ms)
			EditorAssembliesLoaded (0ms)
		ExecutionOrderSort2 (0ms)
		AwakeInstancesAfterBackupRestoration (24ms)
Refreshing native plugins compatible for Editor in 11.70 ms, found 4 plugins.
Preloading 0 native plugins for Editor in 0.00 ms.
Unloading 4043 Unused Serialized files (Serialized files now loaded: 0)
Unloading 19 unused Assets / (31.2 KB). Loaded Objects now: 4570.
Memory consumption went from 139.9 MB to 139.9 MB.
Total: 7.880000 ms (FindLiveObjects: 0.445000 ms CreateObjectMapping: 0.410800 ms MarkObjects: 6.918100 ms  DeleteObjects: 0.104800 ms)

Prepare: number of updated asset objects reloaded= 0
AssetImportParameters requested are different than current active one (requested -> active):
  custom:container-demuxer-ogg: 62fdf1f143b41e24485cea50d1cbac27 -> 
  custom:video-decoder-ogg-theora: a1e56fd34408186e4bbccfd4996cb3dc -> 
  custom:framework-win-MediaFoundation: 216162199b28c13a410421893ffa2e32 -> 
  custom:scripting/monoscript/fileName/CamFollowPlayer.cs: a75210f8a36ff0beee62b28bfa67d265 -> 
  custom:scripting/monoscript/fileName/cameraOnPlayer.cs: da110d739828f1dce7d479c39d654a74 -> 6f8e4cadf0db4d62e2e46e38fdd0073b
  custom:CustomObjectIndexerAttribute: 9a22284fe3817be447336de3de66b15e -> 
  custom:scripting/monoscript/fileName/Movement2.cs: 97a11c597db1a72538c7daba3cadde73 -> a5ed9ff5756bcccf1ed24fddb7e8a350
  custom:container-demuxer-webm: 4f35f7cbe854078d1ac9338744f61a02 -> 
  custom:container-muxer-webm: aa71ff27fc2769a1b78a27578f13a17b -> 
  custom:video-decoder-webm-vp8: 9c59270c3fd7afecdb556c50c9e8de78 -> 
  custom:SearchIndexIgnoredProperties: e643bd26f0fe6173181afceb89e7c659 -> 
  custom:AudioImporter_EditorPlatform: d09bf68614088b80899f8185d706f6e7 -> 
  custom:video-encoder-webm-vp8: eb34c28f22e8b96e1ab97ce403110664 -> 
  custom:audio-decoder-ogg-vorbis: bf7c407c2cedff20999df2af8eb42d56 -> 
  custom:scripting/monoscript/fileName/Movement.cs: f4b8b2d2a1de9c50c30687c0a002a10c -> 1bc12bc9370e727baa54e145392501fb
  custom:scripting/monoscript/fileName/cameraOnPlayer2.cs: 366aacca0a8c0e8a5dc421d495a5f78a -> 3157526f9280eeb332e83f1a30d08465
  custom:scripting/monoscript/fileName/PlayerMovement.cs: 42480eed24e61f9d7e7e895933644f96 -> 
  custom:audio-encoder-webm-vorbis: bf7c407c2cedff20999df2af8eb42d56 -> 
  custom:scripting/precompiled-assembly-types:Assembly-CSharp: a7d62ae187c355123c11848abbf818bc -> 4edbfa28dada9dd5cb015efb4b6edca3
========================================================================
Received Prepare
Caller must complete domain reload
Begin MonoManager ReloadAssembly
- Loaded All Assemblies, in  2.321 seconds
Native extension for WindowsStandalone target not found
Native extension for WebGL target not found
[Package Manager] Server::EnsureServerProcessIsRunning -- launch failed, reason: Unity was launched with the -noUpm command-line argument
[Package Manager] UpmClient::Send -- Unable to send message (not connected to UPM process).
[Package Manager] Cannot connect to Unity Package Manager local server
Mono: successfully reloaded assembly
- Finished resetting the current domain, in 163.934 seconds
Domain Reload Profiling: 166250ms
	BeginReloadAssembly (266ms)
		ExecutionOrderSort (0ms)
		DisableScriptedObjects (17ms)
		BackupInstance (0ms)
		ReleaseScriptingObjects (0ms)
		CreateAndSetChildDomain (49ms)
	RebuildCommonClasses (63ms)
	RebuildNativeTypeToScriptingClass (23ms)
	initialDomainReloadingComplete (58ms)
	LoadAllAssembliesAndSetupDomain (1905ms)
		LoadAssemblies (2014ms)
		RebuildTransferFunctionScriptingTraits (0ms)
		AnalyzeDomain (43ms)
			TypeCache.Refresh (12ms)
				TypeCache.ScanAssembly (0ms)
			ScanForSourceGeneratedMonoScriptInfo (17ms)
			ResolveRequiredComponents (12ms)
	FinalizeReload (163935ms)
		ReleaseScriptCaches (0ms)
		RebuildScriptCaches (0ms)
		SetupLoadedEditorAssemblies (1049ms)
			LogAssemblyErrors (0ms)
			InitializePlatformSupportModulesInManaged (11ms)
			SetLoadedEditorAssemblies (4ms)
			RefreshPlugins (0ms)
			BeforeProcessingInitializeOnLoad (109ms)
			ProcessInitializeOnLoadAttributes (870ms)
			ProcessInitializeOnLoadMethodAttributes (37ms)
			AfterProcessingInitializeOnLoad (18ms)
			EditorAssembliesLoaded (0ms)
		ExecutionOrderSort2 (0ms)
		AwakeInstancesAfterBackupRestoration (24ms)
Refreshing native plugins compatible for Editor in 1294.82 ms, found 4 plugins.
Preloading 0 native plugins for Editor in 0.00 ms.
Unloading 4044 Unused Serialized files (Serialized files now loaded: 0)
Unloading 19 unused Assets / (31.2 KB). Loaded Objects now: 4575.
Memory consumption went from 139.9 MB to 139.9 MB.
Total: 18.511000 ms (FindLiveObjects: 1.067200 ms CreateObjectMapping: 0.791700 ms MarkObjects: 16.508900 ms  DeleteObjects: 0.137200 ms)

Prepare: number of updated asset objects reloaded= 0
AssetImportParameters requested are different than current active one (requested -> active):
  custom:container-demuxer-ogg: 62fdf1f143b41e24485cea50d1cbac27 -> 
  custom:video-decoder-ogg-theora: a1e56fd34408186e4bbccfd4996cb3dc -> 
  custom:framework-win-MediaFoundation: 216162199b28c13a410421893ffa2e32 -> 
  custom:scripting/monoscript/fileName/CamFollowPlayer.cs: a75210f8a36ff0beee62b28bfa67d265 -> 
  custom:scripting/monoscript/fileName/cameraOnPlayer.cs: da110d739828f1dce7d479c39d654a74 -> 6f8e4cadf0db4d62e2e46e38fdd0073b
  custom:CustomObjectIndexerAttribute: 9a22284fe3817be447336de3de66b15e -> 
  custom:scripting/monoscript/fileName/Movement2.cs: 97a11c597db1a72538c7daba3cadde73 -> a5ed9ff5756bcccf1ed24fddb7e8a350
  custom:container-demuxer-webm: 4f35f7cbe854078d1ac9338744f61a02 -> 
  custom:container-muxer-webm: aa71ff27fc2769a1b78a27578f13a17b -> 
  custom:video-decoder-webm-vp8: 9c59270c3fd7afecdb556c50c9e8de78 -> 
  custom:SearchIndexIgnoredProperties: e643bd26f0fe6173181afceb89e7c659 -> 
  custom:AudioImporter_EditorPlatform: d09bf68614088b80899f8185d706f6e7 -> 
  custom:scripting/monoscript/fileName/PlayerAnimation.cs: 133362f4569ff299a4fb9418ed7b7293 -> 
  custom:video-encoder-webm-vp8: eb34c28f22e8b96e1ab97ce403110664 -> 
  custom:audio-decoder-ogg-vorbis: bf7c407c2cedff20999df2af8eb42d56 -> 
  custom:scripting/monoscript/fileName/Movement.cs: f4b8b2d2a1de9c50c30687c0a002a10c -> 1bc12bc9370e727baa54e145392501fb
  custom:scripting/monoscript/fileName/cameraOnPlayer2.cs: 366aacca0a8c0e8a5dc421d495a5f78a -> 3157526f9280eeb332e83f1a30d08465
  custom:scripting/monoscript/fileName/PlayerMovement.cs: 42480eed24e61f9d7e7e895933644f96 -> 
  custom:audio-encoder-webm-vorbis: bf7c407c2cedff20999df2af8eb42d56 -> 
  custom:scripting/precompiled-assembly-types:Assembly-CSharp: 65205cf9535d94bb10fc1048190ad1cd -> 4edbfa28dada9dd5cb015efb4b6edca3
========================================================================
Received Prepare
Caller must complete domain reload
Begin MonoManager ReloadAssembly
- Loaded All Assemblies, in  2.968 seconds
Native extension for WindowsStandalone target not found
Native extension for WebGL target not found
[Package Manager] Server::EnsureServerProcessIsRunning -- launch failed, reason: Unity was launched with the -noUpm command-line argument
[Package Manager] UpmClient::Send -- Unable to send message (not connected to UPM process).
[Package Manager] Cannot connect to Unity Package Manager local server
Mono: successfully reloaded assembly
- Finished resetting the current domain, in 463.273 seconds
Domain Reload Profiling: 466238ms
	BeginReloadAssembly (318ms)
		ExecutionOrderSort (0ms)
		DisableScriptedObjects (29ms)
		BackupInstance (0ms)
		ReleaseScriptingObjects (0ms)
		CreateAndSetChildDomain (79ms)
	RebuildCommonClasses (41ms)
	RebuildNativeTypeToScriptingClass (12ms)
	initialDomainReloadingComplete (45ms)
	LoadAllAssembliesAndSetupDomain (2549ms)
		LoadAssemblies (2660ms)
		RebuildTransferFunctionScriptingTraits (0ms)
		AnalyzeDomain (45ms)
			TypeCache.Refresh (19ms)
				TypeCache.ScanAssembly (1ms)
			ScanForSourceGeneratedMonoScriptInfo (16ms)
			ResolveRequiredComponents (8ms)
	FinalizeReload (463274ms)
		ReleaseScriptCaches (0ms)
		RebuildScriptCaches (0ms)
		SetupLoadedEditorAssemblies (14048ms)
			LogAssemblyErrors (0ms)
			InitializePlatformSupportModulesInManaged (13451ms)
			SetLoadedEditorAssemblies (9ms)
			RefreshPlugins (0ms)
			BeforeProcessingInitializeOnLoad (90ms)
			ProcessInitializeOnLoadAttributes (446ms)
			ProcessInitializeOnLoadMethodAttributes (39ms)
			AfterProcessingInitializeOnLoad (13ms)
			EditorAssembliesLoaded (0ms)
		ExecutionOrderSort2 (0ms)
		AwakeInstancesAfterBackupRestoration (23ms)
Refreshing native plugins compatible for Editor in 1274.76 ms, found 4 plugins.
Preloading 0 native plugins for Editor in 0.00 ms.
Unloading 4044 Unused Serialized files (Serialized files now loaded: 0)
Unloading 19 unused Assets / (31.2 KB). Loaded Objects now: 4579.
Memory consumption went from 139.9 MB to 139.9 MB.
Total: 9.691000 ms (FindLiveObjects: 0.487100 ms CreateObjectMapping: 0.354600 ms MarkObjects: 8.744900 ms  DeleteObjects: 0.102500 ms)

Prepare: number of updated asset objects reloaded= 0
AssetImportParameters requested are different than current active one (requested -> active):
  custom:container-demuxer-ogg: 62fdf1f143b41e24485cea50d1cbac27 -> 
  custom:video-decoder-ogg-theora: a1e56fd34408186e4bbccfd4996cb3dc -> 
  custom:framework-win-MediaFoundation: 216162199b28c13a410421893ffa2e32 -> 
  custom:scripting/monoscript/fileName/CamFollowPlayer.cs: a75210f8a36ff0beee62b28bfa67d265 -> 
  custom:scripting/monoscript/fileName/cameraOnPlayer.cs: da110d739828f1dce7d479c39d654a74 -> 6f8e4cadf0db4d62e2e46e38fdd0073b
  custom:CustomObjectIndexerAttribute: 9a22284fe3817be447336de3de66b15e -> 
  custom:scripting/monoscript/fileName/Movement2.cs: 97a11c597db1a72538c7daba3cadde73 -> a5ed9ff5756bcccf1ed24fddb7e8a350
  custom:container-demuxer-webm: 4f35f7cbe854078d1ac9338744f61a02 -> 
  custom:container-muxer-webm: aa71ff27fc2769a1b78a27578f13a17b -> 
  custom:video-decoder-webm-vp8: 9c59270c3fd7afecdb556c50c9e8de78 -> 
  custom:SearchIndexIgnoredProperties: e643bd26f0fe6173181afceb89e7c659 -> 
  custom:AudioImporter_EditorPlatform: d09bf68614088b80899f8185d706f6e7 -> 
  custom:scripting/monoscript/fileName/PlayerAnimation.cs: 133362f4569ff299a4fb9418ed7b7293 -> 
  custom:video-encoder-webm-vp8: eb34c28f22e8b96e1ab97ce403110664 -> 
  custom:audio-decoder-ogg-vorbis: bf7c407c2cedff20999df2af8eb42d56 -> 
  custom:scripting/monoscript/fileName/Movement.cs: f4b8b2d2a1de9c50c30687c0a002a10c -> 1bc12bc9370e727baa54e145392501fb
  custom:scripting/monoscript/fileName/cameraOnPlayer2.cs: 366aacca0a8c0e8a5dc421d495a5f78a -> 3157526f9280eeb332e83f1a30d08465
  custom:scripting/monoscript/fileName/PlayerMovement.cs: 42480eed24e61f9d7e7e895933644f96 -> 
  custom:audio-encoder-webm-vorbis: bf7c407c2cedff20999df2af8eb42d56 -> 
  custom:scripting/precompiled-assembly-types:Assembly-CSharp: 65205cf9535d94bb10fc1048190ad1cd -> 4edbfa28dada9dd5cb015efb4b6edca3
========================================================================
Received Prepare
Caller must complete domain reload
Begin MonoManager ReloadAssembly
- Loaded All Assemblies, in 23.521 seconds
Native extension for WindowsStandalone target not found
Native extension for WebGL target not found
[Package Manager] Server::EnsureServerProcessIsRunning -- launch failed, reason: Unity was launched with the -noUpm command-line argument
[Package Manager] UpmClient::Send -- Unable to send message (not connected to UPM process).
[Package Manager] Cannot connect to Unity Package Manager local server
Mono: successfully reloaded assembly
- Finished resetting the current domain, in 143.436 seconds
Domain Reload Profiling: 166953ms
	BeginReloadAssembly (357ms)
		ExecutionOrderSort (0ms)
		DisableScriptedObjects (12ms)
		BackupInstance (0ms)
		ReleaseScriptingObjects (0ms)
		CreateAndSetChildDomain (47ms)
	RebuildCommonClasses (47ms)
	RebuildNativeTypeToScriptingClass (18ms)
	initialDomainReloadingComplete (48ms)
	LoadAllAssembliesAndSetupDomain (23047ms)
		LoadAssemblies (23233ms)
		RebuildTransferFunctionScriptingTraits (0ms)
		AnalyzeDomain (17ms)
			TypeCache.Refresh (8ms)
				TypeCache.ScanAssembly (0ms)
			ScanForSourceGeneratedMonoScriptInfo (0ms)
			ResolveRequiredComponents (7ms)
	FinalizeReload (143437ms)
		ReleaseScriptCaches (0ms)
		RebuildScriptCaches (0ms)
		SetupLoadedEditorAssemblies (841ms)
			LogAssemblyErrors (0ms)
			InitializePlatformSupportModulesInManaged (12ms)
			SetLoadedEditorAssemblies (6ms)
			RefreshPlugins (0ms)
			BeforeProcessingInitializeOnLoad (98ms)
			ProcessInitializeOnLoadAttributes (670ms)
			ProcessInitializeOnLoadMethodAttributes (41ms)
			AfterProcessingInitializeOnLoad (14ms)
			EditorAssembliesLoaded (0ms)
		ExecutionOrderSort2 (0ms)
		AwakeInstancesAfterBackupRestoration (24ms)
